BOUNDARY	BOUNDARY	-7.9816
BOUNDARY	adj-f	0.5674
BOUNDARY	adj-i	-0.1397
BOUNDARY	adj-i:い	-0.0439
BOUNDARY	adj-i:く	-0.2980
BOUNDARY	adj-i:さ	-0.1004
BOUNDARY	adj-i:た	-1.1209
BOUNDARY	adj-i:て	0.1866
BOUNDARY	adj-na	-0.0464
BOUNDARY	adj-no	1.0307
BOUNDARY	adj-pn	1.6144
BOUNDARY	adj-t	0.5613
BOUNDARY	adv	0.7949
BOUNDARY	adv-to	0.1358
BOUNDARY	aux	0.0563
BOUNDARY	aux-adj	-1.2412
BOUNDARY	aux-adj:い	-1.0683
BOUNDARY	aux-adj:く	-0.6873
BOUNDARY	aux-adj:た	-0.7181
BOUNDARY	aux-adj:ら	-0.8329
BOUNDARY	aux-v	-1.7697
BOUNDARY	aux-v:い	-1.8543
BOUNDARY	aux-v:う	-1.2509
BOUNDARY	aux-v:き	-0.5517
BOUNDARY	aux-v:く	-1.7314
BOUNDARY	aux-v:け	-0.4629
BOUNDARY	aux-v:す	-2.0259
BOUNDARY	aux-v:ず	-0.7265
BOUNDARY	aux-v:せ	-0.7508
BOUNDARY	aux-v:た	-2.0326
BOUNDARY	aux-v:だ	-0.3853
BOUNDARY	aux-v:て	-1.5341
BOUNDARY	aux-v:で	-1.0686
BOUNDARY	aux-v:ば	-1.8220
BOUNDARY	aux-v:ら	-1.6576
BOUNDARY	aux-v:り	-0.4748
BOUNDARY	aux-v:る	-1.5547
BOUNDARY	aux-v:れ	-1.2133
BOUNDARY	aux-v:ん	-1.9470
BOUNDARY	aux:い	-0.5247
BOUNDARY	aux:う	0.6113
BOUNDARY	aux:す	-1.2893
BOUNDARY	aux:ず	-0.9736
BOUNDARY	aux:だ	-1.3628
BOUNDARY	aux:ば	0.1430
BOUNDARY	aux:れ	1.2232
BOUNDARY	conj	0.8036
BOUNDARY	cop	-0.8642
BOUNDARY	cop:だ	-1.2021
BOUNDARY	cop:ゃ	0.4099
BOUNDARY	cop:り	-0.7070
BOUNDARY	cop:る	-0.7218
BOUNDARY	ctr	1.1053
BOUNDARY	exp	0.4777
BOUNDARY	exp-adj	-0.2040
BOUNDARY	exp-adj:い	-0.4027
BOUNDARY	exp-adj:く	0.4040
BOUNDARY	exp-adj:た	-0.1011
BOUNDARY	exp-adj:て	-0.2049
BOUNDARY	exp-v	-0.4190
BOUNDARY	exp-v:い	-0.5108
BOUNDARY	exp-v:う	-0.2627
BOUNDARY	exp-v:き	0.0295
BOUNDARY	exp-v:く	-0.0320
BOUNDARY	exp-v:し	-0.4515
BOUNDARY	exp-v:す	-0.8293
BOUNDARY	exp-v:ず	0.2622
BOUNDARY	exp-v:た	-0.6508
BOUNDARY	exp-v:つ	-0.1909
BOUNDARY	exp-v:て	0.0493
BOUNDARY	exp-v:で	0.5273
BOUNDARY	exp-v:ば	0.1542
BOUNDARY	exp-v:び	0.4765
BOUNDARY	exp-v:め	-0.4562
BOUNDARY	exp-v:ら	0.3197
BOUNDARY	exp-v:り	-0.3164
BOUNDARY	exp-v:る	-0.6246
BOUNDARY	exp-v:ん	-0.8679
BOUNDARY	int	1.1163
BOUNDARY	n	0.6831
BOUNDARY	n-pref	0.8214
BOUNDARY	n-suf	0.5447
BOUNDARY	n-vs	0.0052
BOUNDARY	num	0.2901
BOUNDARY	pn	1.5398
BOUNDARY	pref	0.3368
BOUNDARY	prt	-1.0228
BOUNDARY	suf	0.5598
BOUNDARY	unc	-0.3706
BOUNDARY	v-other	0.5246
BOUNDARY	v-other:ず	1.0070
BOUNDARY	v-other:り	-0.5966
BOUNDARY	v1	-1.0734
BOUNDARY	v1:い	-1.1569
BOUNDARY	v1:う	-1.1769
BOUNDARY	v1:き	-0.2664
BOUNDARY	v1:く	-0.3853
BOUNDARY	v1:け	-0.5351
BOUNDARY	v1:す	-1.5939
BOUNDARY	v1:ず	0.3607
BOUNDARY	v1:た	-1.3759
BOUNDARY	v1:て	-0.7992
BOUNDARY	v1:で	-0.2748
BOUNDARY	v1:ば	0.0589
BOUNDARY	v1:べ	-0.2633
BOUNDARY	v1:め	-0.7789
BOUNDARY	v1:ら	-0.5093
BOUNDARY	v1:り	0.2954
BOUNDARY	v1:る	-0.9380
BOUNDARY	v1:れ	-0.1081
BOUNDARY	v1:ん	-1.1715
BOUNDARY	v5	-1.1553
BOUNDARY	v5:い	-1.2337
BOUNDARY	v5:う	-0.7066
BOUNDARY	v5:き	-0.5512
BOUNDARY	v5:く	-0.9379
BOUNDARY	v5:ぐ	-0.1542
BOUNDARY	v5:け	-0.1657
BOUNDARY	v5:し	-0.4691
BOUNDARY	v5:す	-1.5149
BOUNDARY	v5:ず	-0.3624
BOUNDARY	v5:せ	-1.2207
BOUNDARY	v5:た	-1.4681
BOUNDARY	v5:だ	-1.4674
BOUNDARY	v5:ち	-0.7971
BOUNDARY	v5:つ	-0.9470
BOUNDARY	v5:て	-0.9629
BOUNDARY	v5:で	-0.3916
BOUNDARY	v5:に	0.3939
BOUNDARY	v5:ぬ	0.4707
BOUNDARY	v5:ば	0.1430
BOUNDARY	v5:び	-0.4832
BOUNDARY	v5:ぶ	-0.9884
BOUNDARY	v5:み	-0.7937
BOUNDARY	v5:む	-1.1923
BOUNDARY	v5:ら	-0.7567
BOUNDARY	v5:り	-1.0274
BOUNDARY	v5:る	-1.2708
BOUNDARY	v5:れ	-0.1568
BOUNDARY	v5:ん	-1.5946
BOUNDARY	v5:ム	0.6218
BOUNDARY	vs-i	-1.0091
BOUNDARY	vs-i:た	-0.9805
BOUNDARY	vs-i:る	-1.3231
BOUNDARY	w:あった	-1.5060
BOUNDARY	w:あなた	1.4821
BOUNDARY	w:あの	1.5510
BOUNDARY	w:あります	-2.3593
BOUNDARY	w:ある	-1.3184
BOUNDARY	w:いい	-0.4621
BOUNDARY	w:いう	-1.4844
BOUNDARY	w:いけない	-1.6336
BOUNDARY	w:いつ	0.7941
BOUNDARY	w:いつも	-0.0295
BOUNDARY	w:いる	-2.3099
BOUNDARY	w:お	0.6436
BOUNDARY	w:か	-1.9470
BOUNDARY	w:から	-2.0677
BOUNDARY	w:が	-2.1669
BOUNDARY	w:きた	-1.7871
BOUNDARY	w:ください	-1.5942
BOUNDARY	w:くれた	-2.7377
BOUNDARY	w:くれる	-1.4934
BOUNDARY	w:ここ	1.1234
BOUNDARY	w:こと	-0.7770
BOUNDARY	w:この	1.6221
BOUNDARY	w:これ	1.6726
BOUNDARY	w:ご	0.9867
BOUNDARY	w:さ	0.5889
BOUNDARY	w:された	-2.5077
BOUNDARY	w:さん	1.5458
BOUNDARY	w:し	-2.3541
BOUNDARY	w:した	-2.7644
BOUNDARY	w:したい	-0.6367
BOUNDARY	w:して	-2.4370
BOUNDARY	w:していた	-2.1067
BOUNDARY	w:している	-3.3295
BOUNDARY	w:しない	-1.8335
BOUNDARY	w:します	-1.2962
BOUNDARY	w:しまった	-1.8778
BOUNDARY	w:すぐ	0.5180
BOUNDARY	w:すぐに	0.6291
BOUNDARY	w:する	-3.1245
BOUNDARY	w:ずっと	-0.6066
BOUNDARY	w:そう	0.4715
BOUNDARY	w:そこ	0.7883
BOUNDARY	w:その	1.3477
BOUNDARY	w:それ	1.3683
BOUNDARY	w:そんな	1.1879
BOUNDARY	w:たい	-0.5829
BOUNDARY	w:たくさん	-0.3080
BOUNDARY	w:たち	-2.4415
BOUNDARY	w:ため	-0.3050
BOUNDARY	w:ために	-0.3894
BOUNDARY	w:だ	-2.8606
BOUNDARY	w:だけ	-1.1144
BOUNDARY	w:だった	-2.5242
BOUNDARY	w:だろう	-0.9044
BOUNDARY	w:つもり	-0.4923
BOUNDARY	w:で	-2.6804
BOUNDARY	w:であった	-1.3652
BOUNDARY	w:である	-2.7888
BOUNDARY	w:できない	-2.2540
BOUNDARY	w:できる	-0.9126
BOUNDARY	w:でした	-1.7082
BOUNDARY	w:でしょう	-0.8425
BOUNDARY	w:です	-2.0987
BOUNDARY	w:ですか	-1.7683
BOUNDARY	w:ではない	-2.7820
BOUNDARY	w:でも	-0.1006
BOUNDARY	w:と	-0.6062
BOUNDARY	w:という	-0.1294
BOUNDARY	w:とき	-1.7979
BOUNDARY	w:ところ	-0.3537
BOUNDARY	w:として	-1.7818
BOUNDARY	w:とても	-0.0208
BOUNDARY	w:とは	-1.2114
BOUNDARY	w:どう	-0.3621
BOUNDARY	w:どこ	0.4335
BOUNDARY	w:どんな	0.9400
BOUNDARY	w:な	-2.0661
BOUNDARY	w:ない	-3.1606
BOUNDARY	w:なかった	-2.1398
BOUNDARY	w:なさい	-1.5974
BOUNDARY	w:なら	-1.5065
BOUNDARY	w:なんて	-0.0371
BOUNDARY	w:に	-2.4374
BOUNDARY	w:について	-2.3892
BOUNDARY	w:になった	-2.2954
BOUNDARY	w:には	-2.3384
BOUNDARY	w:にも	-1.9144
BOUNDARY	w:ね	-2.3924
BOUNDARY	w:の	-1.9937
BOUNDARY	w:のだ	-1.6409
BOUNDARY	w:ので	-2.0192
BOUNDARY	w:のです	-2.2629
BOUNDARY	w:のに	-1.6404
BOUNDARY	w:は	-1.4745
BOUNDARY	w:へ	-2.3843
BOUNDARY	w:べき	-1.5885
BOUNDARY	w:ほとんど	0.2474
BOUNDARY	w:ほど	-0.6733
BOUNDARY	w:まだ	0.3404
BOUNDARY	w:まで	-1.2867
BOUNDARY	w:みんな	0.6082
BOUNDARY	w:も	-2.0157
BOUNDARY	w:もう	1.0817
BOUNDARY	w:もし	1.7361
BOUNDARY	w:もっと	0.7850
BOUNDARY	w:もの	0.0024
BOUNDARY	w:や	-1.0995
BOUNDARY	w:よ	-2.0084
BOUNDARY	w:よい	-0.8262
BOUNDARY	w:よう	-0.8835
BOUNDARY	w:ような	-1.0196
BOUNDARY	w:ように	-1.4121
BOUNDARY	w:よく	-0.3239
BOUNDARY	w:より	-0.7180
BOUNDARY	w:よりも	-1.4068
BOUNDARY	w:を	-2.9552
BOUNDARY	w:ん	-1.5556
BOUNDARY	w:んだ	-1.6284
BOUNDARY	w:んです	-1.6865
adj-f	BOUNDARY	-0.3816
adj-f	adj-i	0.2812
adj-f	adj-i:い	0.4587
adj-f	adj-na	-0.0361
adj-f	adj-no	-1.2189
adj-f	adj-pn	-0.9675
adj-f	adv	-0.7404
adj-f	aux-v	0.1191
adj-f	aux-v:た	0.2346
adj-f	exp	-0.2997
adj-f	exp-v	-0.0523
adj-f	n	0.0590
adj-f	n-suf	0.1093
adj-f	n-vs	-0.1187
adj-f	pn	-0.9692
adj-f	v1	-0.6620
adj-f	v5	-0.6538
adj-f	v5:た	-0.3837
adj-f	w:が	0.0155
adj-f	w:こと	0.6161
adj-f	w:した	1.7004
adj-f	w:して	1.4330
adj-f	w:している	1.0667
adj-f	w:する	0.8717
adj-f	w:そう	0.8287
adj-f	w:で	0.5577
adj-f	w:と	0.1479
adj-f	w:に	0.1697
adj-f	w:の	0.2211
adj-f	w:は	-0.2820
adj-f	w:も	0.4928
adj-f	w:を	0.4958
adj-i	BOUNDARY	0.4717
adj-i	adj-f	-0.1606
adj-i	adj-i	-0.5695
adj-i	adj-i:い	-0.5132
adj-i	adj-i:く	-0.9794
adj-i	adj-i:た	-0.0553
adj-i	adj-na	-0.5845
adj-i	adj-no	-0.3963
adj-i	adj-pn	-2.9541
adj-i	adv	-0.7554
adj-i	aux	0.0590
adj-i	aux-adj	-0.2024
adj-i	aux-adj:い	0.0474
adj-i	aux-v	0.6129
adj-i	aux-v:い	-0.3055
adj-i	aux-v:う	-0.8010
adj-i	aux-v:く	-0.7734
adj-i	aux-v:す	-0.0875
adj-i	aux-v:た	0.7485
adj-i	aux-v:て	1.0864
adj-i	aux-v:ら	0.4366
adj-i	aux-v:る	1.0333
adj-i	aux-v:ん	0.1432
adj-i	conj	-0.8202
adj-i	cop	0.5504
adj-i	cop:だ	0.8087
adj-i	ctr	0.4394
adj-i	exp	-0.0696
adj-i	exp-adj	-0.7101
adj-i	exp-adj:い	-0.4444
adj-i	exp-v	0.1906
adj-i	exp-v:い	-0.1847
adj-i	exp-v:す	0.0801
adj-i	exp-v:た	0.5016
adj-i	exp-v:て	-0.1470
adj-i	exp-v:る	0.2246
adj-i	int	-0.3891
adj-i	n	0.6406
adj-i	n-pref	0.1542
adj-i	n-suf	0.8677
adj-i	n-vs	0.3431
adj-i	num	-0.8786
adj-i	pn	-1.7169
adj-i	pref	0.7634
adj-i	prt	0.8842
adj-i	suf	1.0066
adj-i	v1	0.2379
adj-i	v1:い	-0.4628
adj-i	v1:き	1.1350
adj-i	v1:す	0.3487
adj-i	v1:た	0.3523
adj-i	v1:て	-0.6106
adj-i	v1:る	0.2956
adj-i	v5	0.1657
adj-i	v5:い	0.2511
adj-i	v5:う	-0.6142
adj-i	v5:き	0.3591
adj-i	v5:く	-0.2189
adj-i	v5:す	0.0676
adj-i	v5:せ	1.2826
adj-i	v5:た	0.2039
adj-i	v5:だ	-0.3193
adj-i	v5:て	0.0188
adj-i	v5:で	-0.0624
adj-i	v5:ば	0.2332
adj-i	v5:む	0.2819
adj-i	v5:り	0.0901
adj-i	v5:る	0.4090
adj-i	vs-i	0.2301
adj-i	w:あなた	-1.5555
adj-i	w:あの	-0.7951
adj-i	w:あります	-0.6757
adj-i	w:ある	-1.7054
adj-i	w:いい	-0.8507
adj-i	w:いつも	-0.8415
adj-i	w:いる	-0.8281
adj-i	w:お	0.2930
adj-i	w:か	-0.7645
adj-i	w:から	0.2002
adj-i	w:が	-1.0591
adj-i	w:きた	-0.7593
adj-i	w:ください	-1.1836
adj-i	w:くれた	-0.8030
adj-i	w:ここ	-0.4117
adj-i	w:こと	1.2858
adj-i	w:この	-1.7684
adj-i	w:これ	-1.0321
adj-i	w:し	0.5597
adj-i	w:した	-1.3861
adj-i	w:して	0.2238
adj-i	w:していた	-0.7111
adj-i	w:している	-0.4910
adj-i	w:しまった	-0.8122
adj-i	w:する	-1.0408
adj-i	w:そこ	-0.7162
adj-i	w:その	-1.7020
adj-i	w:それ	-1.0302
adj-i	w:たい	-0.6630
adj-i	w:たくさん	-0.5476
adj-i	w:たち	-0.5551
adj-i	w:ために	-0.5695
adj-i	w:だ	-1.6928
adj-i	w:だった	-1.0872
adj-i	w:だろう	-0.0800
adj-i	w:つもり	-0.5122
adj-i	w:で	-2.4786
adj-i	w:である	-1.0980
adj-i	w:でしょう	0.4352
adj-i	w:です	0.9122
adj-i	w:ですか	1.5036
adj-i	w:ではない	-0.9429
adj-i	w:と	0.8202
adj-i	w:という	0.0090
adj-i	w:とき	1.0600
adj-i	w:ところ	1.0843
adj-i	w:とても	-1.0169
adj-i	w:とは	0.3351
adj-i	w:な	0.0692
adj-i	w:ない	-0.6145
adj-i	w:なさい	-0.9930
adj-i	w:なら	0.4900
adj-i	w:に	-2.3575
adj-i	w:について	-0.8765
adj-i	w:には	-1.6294
adj-i	w:ね	0.6703
adj-i	w:の	-0.9752
adj-i	w:のだ	0.8534
adj-i	w:ので	2.0637
adj-i	w:のです	1.3517
adj-i	w:のに	1.3872
adj-i	w:は	-2.7448
adj-i	w:へ	-1.4459
adj-i	w:べき	-0.6933
adj-i	w:ほど	0.2070
adj-i	w:まで	-1.0369
adj-i	w:も	0.1274
adj-i	w:もう	-0.7005
adj-i	w:もの	1.6363
adj-i	w:よ	0.6499
adj-i	w:よい	-0.6581
adj-i	w:よう	0.2390
adj-i	w:ように	-0.0757
adj-i	w:よく	-0.8134
adj-i	w:より	-0.8537
adj-i	w:を	-3.5924
adj-i	w:ん	1.2269
adj-i	w:んだ	0.9899
adj-i	w:んです	0.9908
adj-i:い	BOUNDARY	0.5657
adj-i:い	adj-i	-1.3188
adj-i:い	adj-i:い	-1.0265
adj-i:い	adj-i:く	-1.3839
adj-i:い	adj-i:た	-0.7237
adj-i:い	adj-na	-0.7659
adj-i:い	adj-no	-0.1912
adj-i:い	adj-pn	-3.2016
adj-i:い	adv	-0.5672
adj-i:い	aux	-0.0646
adj-i:い	aux-adj	-0.1061
adj-i:い	aux-v	-3.3196
adj-i:い	aux-v:い	-1.0110
adj-i:い	aux-v:う	-0.9021
adj-i:い	aux-v:く	-0.8780
adj-i:い	aux-v:す	-1.1556
adj-i:い	aux-v:た	-2.1611
adj-i:い	aux-v:て	-1.3731
adj-i:い	aux-v:る	-1.7179
adj-i:い	aux-v:ん	-0.8525
adj-i:い	conj	-0.8853
adj-i:い	cop	0.4152
adj-i:い	cop:だ	0.6177
adj-i:い	ctr	0.6974
adj-i:い	exp	0.1343
adj-i:い	exp-adj	-0.9341
adj-i:い	exp-adj:い	-0.6867
adj-i:い	exp-v	0.1306
adj-i:い	exp-v:た	0.4624
adj-i:い	exp-v:て	0.0439
adj-i:い	exp-v:る	0.3531
adj-i:い	n	0.9416
adj-i:い	n-pref	0.3528
adj-i:い	n-suf	1.1749
adj-i:い	n-vs	0.1907
adj-i:い	pn	-1.5618
adj-i:い	pref	0.9976
adj-i:い	prt	0.5231
adj-i:い	suf	1.2600
adj-i:い	v1	-2.9803
adj-i:い	v1:い	-0.7255
adj-i:い	v1:た	-2.0320
adj-i:い	v1:て	-1.5341
adj-i:い	v1:る	-2.1078
adj-i:い	v5	-1.9961
adj-i:い	v5:い	-0.4753
adj-i:い	v5:う	-1.5909
adj-i:い	v5:く	-0.9999
adj-i:い	v5:す	-1.7240
adj-i:い	v5:せ	1.3717
adj-i:い	v5:た	-2.7516
adj-i:い	v5:だ	-1.0232
adj-i:い	v5:て	-1.9025
adj-i:い	v5:で	-0.7298
adj-i:い	v5:る	-2.3691
adj-i:い	w:あなた	-1.5880
adj-i:い	w:あの	-0.5812
adj-i:い	w:ある	-1.4142
adj-i:い	w:いい	-0.8114
adj-i:い	w:お	0.3749
adj-i:い	w:か	-0.5451
adj-i:い	w:から	0.3749
adj-i:い	w:が	-1.0758
adj-i:い	w:ください	-0.9425
adj-i:い	w:ここ	-0.7825
adj-i:い	w:こと	1.5672
adj-i:い	w:この	-1.4457
adj-i:い	w:これ	-0.8106
adj-i:い	w:し	0.2956
adj-i:い	w:した	-2.0857
adj-i:い	w:して	-1.4297
adj-i:い	w:している	-1.1773
adj-i:い	w:する	-1.8829
adj-i:い	w:その	-1.9925
adj-i:い	w:それ	-1.2260
adj-i:い	w:たい	-0.6002
adj-i:い	w:ために	-0.4804
adj-i:い	w:だ	-2.3822
adj-i:い	w:だった	-1.2780
adj-i:い	w:だろう	0.1861
adj-i:い	w:で	-2.4202
adj-i:い	w:である	-1.2879
adj-i:い	w:でしょう	0.5835
adj-i:い	w:です	0.9945
adj-i:い	w:ですか	1.5640
adj-i:い	w:ではない	-0.7341
adj-i:い	w:と	1.1203
adj-i:い	w:という	0.1750
adj-i:い	w:とき	1.2257
adj-i:い	w:ところ	1.2760
adj-i:い	w:とても	-0.9563
adj-i:い	w:とは	0.5030
adj-i:い	w:な	0.2904
adj-i:い	w:ない	-0.9591
adj-i:い	w:なさい	-1.0720
adj-i:い	w:に	-3.0184
adj-i:い	w:には	-1.7835
adj-i:い	w:ね	0.7101
adj-i:い	w:の	-0.6755
adj-i:い	w:のだ	0.7425
adj-i:い	w:ので	1.6839
adj-i:い	w:のです	1.5239
adj-i:い	w:のに	0.1648
adj-i:い	w:は	-3.8376
adj-i:い	w:へ	-1.1767
adj-i:い	w:ほど	0.3701
adj-i:い	w:まで	-0.9740
adj-i:い	w:も	-1.7125
adj-i:い	w:もの	1.8999
adj-i:い	w:よ	0.6745
adj-i:い	w:よう	0.3585
adj-i:い	w:ように	0.1457
adj-i:い	w:よく	-0.7792
adj-i:い	w:を	-3.5860
adj-i:い	w:ん	1.3192
adj-i:い	w:んだ	1.1357
adj-i:い	w:んです	1.0081
adj-i:く	BOUNDARY	-1.1488
adj-i:く	adj-i	0.1838
adj-i:く	adj-i:い	0.0024
adj-i:く	adj-i:く	0.0620
adj-i:く	adj-i:た	0.4212
adj-i:く	adj-na	-0.0895
adj-i:く	adj-no	-0.9876
adj-i:く	adj-pn	-1.5455
adj-i:く	adv	-1.2875
adj-i:く	aux-v	2.1002
adj-i:く	aux-v:い	0.5406
adj-i:く	aux-v:す	0.8402
adj-i:く	aux-v:た	2.0532
adj-i:く	aux-v:て	2.1229
adj-i:く	aux-v:ら	0.8772
adj-i:く	aux-v:る	2.1921
adj-i:く	aux-v:ん	0.8903
adj-i:く	conj	-0.4853
adj-i:く	ctr	-0.5038
adj-i:く	exp	-0.8648
adj-i:く	exp-adj	-0.6076
adj-i:く	exp-v	0.4115
adj-i:く	exp-v:す	0.4426
adj-i:く	exp-v:た	0.5538
adj-i:く	exp-v:る	-0.0925
adj-i:く	n	-0.7136
adj-i:く	n-suf	-0.8705
adj-i:く	n-vs	0.9663
adj-i:く	pn	-1.5477
adj-i:く	prt	1.0651
adj-i:く	suf	0.0066
adj-i:く	v1	1.6827
adj-i:く	v1:き	1.2051
adj-i:く	v1:す	0.9353
adj-i:く	v1:た	1.6214
adj-i:く	v1:て	0.4962
adj-i:く	v1:る	1.5812
adj-i:く	v5	1.5877
adj-i:く	v5:い	0.6266
adj-i:く	v5:う	0.5156
adj-i:く	v5:く	0.6206
adj-i:く	v5:す	1.2475
adj-i:く	v5:た	1.6099
adj-i:く	v5:だ	0.4540
adj-i:く	v5:て	1.2756
adj-i:く	v5:で	0.6008
adj-i:く	v5:ば	0.6478
adj-i:く	v5:む	0.8700
adj-i:く	v5:り	0.6016
adj-i:く	v5:る	1.7610
adj-i:く	vs-i	0.8073
adj-i:く	w:あなた	-0.5811
adj-i:く	w:か	-1.1764
adj-i:く	w:から	-0.5886
adj-i:く	w:が	-2.3873
adj-i:く	w:こと	-1.0950
adj-i:く	w:この	-0.9947
adj-i:く	w:し	0.7618
adj-i:く	w:した	-0.0934
adj-i:く	w:して	1.2859
adj-i:く	w:している	0.4484
adj-i:く	w:する	0.1926
adj-i:く	w:その	-0.6482
adj-i:く	w:だ	-1.3587
adj-i:く	w:で	-1.5426
adj-i:く	w:です	-0.9962
adj-i:く	w:と	-1.5010
adj-i:く	w:なら	0.7181
adj-i:く	w:に	-1.8579
adj-i:く	w:には	-0.8987
adj-i:く	w:の	-2.5884
adj-i:く	w:は	-1.5748
adj-i:く	w:も	0.5865
adj-i:く	w:を	-2.7453
adj-i:さ	BOUNDARY	-0.7194
adj-i:さ	n	-0.8288
adj-i:さ	w:が	1.0237
adj-i:さ	w:だ	0.5916
adj-i:さ	w:は	0.2633
adj-i:た	BOUNDARY	1.3312
adj-i:た	adj-i	-0.9308
adj-i:た	adj-i:い	-0.7237
adj-i:た	adj-na	-1.1162
adj-i:た	adj-no	-1.4706
adj-i:た	adj-pn	-1.3804
adj-i:た	adv	-1.1102
adj-i:た	aux-v	-1.3309
adj-i:た	exp	-0.5140
adj-i:た	exp-v	-0.9273
adj-i:た	n	-2.2592
adj-i:た	n-suf	-0.5142
adj-i:た	n-vs	-1.4688
adj-i:た	pn	-1.3823
adj-i:た	prt	1.0128
adj-i:た	v1	-1.2134
adj-i:た	v5	-1.9527
adj-i:た	v5:た	-1.0508
adj-i:た	v5:る	-0.6992
adj-i:た	w:が	-0.2255
adj-i:た	w:こと	0.4952
adj-i:た	w:その	-0.8219
adj-i:た	w:だ	-0.7065
adj-i:た	w:で	-0.8355
adj-i:た	w:です	1.1353
adj-i:た	w:ですか	1.1953
adj-i:た	w:と	0.1498
adj-i:た	w:に	-0.9689
adj-i:た	w:の	-1.0933
adj-i:た	w:ので	2.3603
adj-i:た	w:のに	2.0490
adj-i:た	w:は	-2.3603
adj-i:た	w:よ	0.9291
adj-i:た	w:を	-1.8205
adj-i:て	BOUNDARY	0.2607
adj-i:て	adj-i	1.0034
adj-i:て	adj-i:い	0.9442
adj-i:て	adj-na	0.3909
adj-i:て	adj-no	0.1304
adj-i:て	exp-adj	0.5711
adj-i:て	exp-adj:い	0.6030
adj-i:て	exp-v	0.7175
adj-i:て	n	-0.0358
adj-i:て	n-vs	-0.3539
adj-i:て	v1	0.3342
adj-i:て	v5	0.7152
adj-i:て	v5:い	1.0577
adj-i:て	v5:た	0.4277
adj-i:て	w:が	-0.7257
adj-i:て	w:に	-0.7593
adj-i:て	w:の	-0.8448
adj-i:て	w:は	-1.1822
adj-i:て	w:も	1.5517
adj-i:て	w:を	-0.9445
adj-i:ら	BOUNDARY	0.5012
adj-na	BOUNDARY	-1.1853
adj-na	adj-f	-0.4415
adj-na	adj-i	0.1961
adj-na	adj-i:い	0.0633
adj-na	adj-i:く	0.1401
adj-na	adj-i:た	0.6756
adj-na	adj-i:て	0.2085
adj-na	adj-na	-0.2421
adj-na	adj-no	-1.4585
adj-na	adj-pn	-1.9724
adj-na	adv	-1.6966
adj-na	aux	1.6247
adj-na	aux-adj	0.3092
adj-na	aux-adj:い	0.3690
adj-na	aux-v	-0.3944
adj-na	aux-v:い	0.0917
adj-na	aux-v:う	-0.5548
adj-na	aux-v:き	-0.0166
adj-na	aux-v:く	-0.8432
adj-na	aux-v:す	-0.0404
adj-na	aux-v:た	-0.6836
adj-na	aux-v:て	-0.5155
adj-na	aux-v:で	0.7502
adj-na	aux-v:ば	-0.1377
adj-na	aux-v:ら	-0.3967
adj-na	aux-v:る	-0.2583
adj-na	aux-v:ん	-0.1826
adj-na	aux:す	1.7393
adj-na	aux:だ	1.8009
adj-na	aux:ば	0.2603
adj-na	conj	0.7873
adj-na	cop	0.9303
adj-na	ctr	-1.1042
adj-na	exp	-0.3019
adj-na	exp-adj	1.1017
adj-na	exp-adj:い	1.0029
adj-na	exp-adj:く	0.0669
adj-na	exp-adj:た	1.3759
adj-na	exp-v	-0.0731
adj-na	exp-v:い	-0.1504
adj-na	exp-v:す	-0.5845
adj-na	exp-v:た	-0.0144
adj-na	exp-v:て	-0.3666
adj-na	exp-v:る	0.0610
adj-na	exp-v:ん	1.0515
adj-na	int	-0.6999
adj-na	n	-0.8864
adj-na	n-pref	-0.4667
adj-na	n-suf	-0.9091
adj-na	n-vs	-0.6262
adj-na	num	-0.4703
adj-na	pn	-2.2372
adj-na	pref	-1.0591
adj-na	prt	0.2126
adj-na	suf	-0.7346
adj-na	v1	-0.9446
adj-na	v1:い	-0.4253
adj-na	v1:す	-0.3984
adj-na	v1:た	-1.1706
adj-na	v1:て	-0.6970
adj-na	v1:る	-0.6523
adj-na	v5	-0.3774
adj-na	v5:い	-0.0765
adj-na	v5:う	-1.1910
adj-na	v5:く	-0.2397
adj-na	v5:す	-1.1299
adj-na	v5:た	-0.2066
adj-na	v5:だ	-0.2680
adj-na	v5:つ	-0.7232
adj-na	v5:て	0.0261
adj-na	v5:で	-0.5363
adj-na	v5:み	0.2623
adj-na	v5:む	-0.5188
adj-na	v5:ら	0.3105
adj-na	v5:り	-0.3846
adj-na	v5:る	-0.4325
adj-na	v5:ん	0.0720
adj-na	vs-i	-0.4994
adj-na	w:あった	0.1742
adj-na	w:あなた	-1.3548
adj-na	w:あの	-1.1678
adj-na	w:あります	-0.3420
adj-na	w:ある	-0.2998
adj-na	w:いい	-0.4407
adj-na	w:いつも	-1.0166
adj-na	w:いる	-0.5315
adj-na	w:お	-0.3277
adj-na	w:か	-0.8101
adj-na	w:から	-0.0275
adj-na	w:が	0.1313
adj-na	w:きた	-0.9239
adj-na	w:ください	-0.5178
adj-na	w:くれた	-0.7910
adj-na	w:ここ	-0.8557
adj-na	w:こと	-1.1624
adj-na	w:この	-2.0311
adj-na	w:これ	-1.2281
adj-na	w:さ	1.7396
adj-na	w:された	-0.0379
adj-na	w:さん	-0.1520
adj-na	w:し	-0.0595
adj-na	w:した	0.0514
adj-na	w:して	0.0355
adj-na	w:していた	0.5660
adj-na	w:している	1.4426
adj-na	w:しない	0.7287
adj-na	w:します	-0.4974
adj-na	w:しまった	-0.9837
adj-na	w:すぐに	-0.8309
adj-na	w:する	0.2153
adj-na	w:そう	1.4836
adj-na	w:そこ	-0.8749
adj-na	w:その	-1.7670
adj-na	w:それ	-1.5500
adj-na	w:そんな	-0.7753
adj-na	w:たい	-1.0099
adj-na	w:たくさん	-0.0151
adj-na	w:たち	-0.7167
adj-na	w:ために	-1.2362
adj-na	w:だ	2.8882
adj-na	w:だけ	-0.0979
adj-na	w:だった	2.6500
adj-na	w:だろう	0.0445
adj-na	w:つもり	-0.8502
adj-na	w:で	0.7488
adj-na	w:であった	1.9579
adj-na	w:である	2.7024
adj-na	w:でした	1.7959
adj-na	w:でしょう	-0.2063
adj-na	w:です	2.3764
adj-na	w:ですか	1.8654
adj-na	w:ではない	2.7120
adj-na	w:でも	0.1002
adj-na	w:と	-0.4529
adj-na	w:という	-0.2505
adj-na	w:とき	-1.0339
adj-na	w:ところ	-1.0066
adj-na	w:とても	-1.4102
adj-na	w:とは	0.4308
adj-na	w:どう	-0.4499
adj-na	w:どこ	-0.8218
adj-na	w:な	1.7088
adj-na	w:ない	-0.6251
adj-na	w:なさい	-1.2140
adj-na	w:なら	0.9352
adj-na	w:に	0.6308
adj-na	w:について	0.1074
adj-na	w:になった	2.1877
adj-na	w:には	0.1914
adj-na	w:にも	2.2883
adj-na	w:ね	-0.1902
adj-na	w:の	0.4215
adj-na	w:ので	-1.3361
adj-na	w:のです	-1.1920
adj-na	w:のに	-1.0991
adj-na	w:は	-0.9859
adj-na	w:へ	-0.7192
adj-na	w:べき	-0.8487
adj-na	w:ほど	0.2093
adj-na	w:まだ	-0.8173
adj-na	w:まで	-1.0954
adj-na	w:も	-0.2263
adj-na	w:もう	-1.0629
adj-na	w:もっと	-0.7577
adj-na	w:もの	-0.4510
adj-na	w:や	0.0812
adj-na	w:よ	-0.8945
adj-na	w:よい	-0.1399
adj-na	w:ような	-0.7046
adj-na	w:ように	-1.2271
adj-na	w:よく	-0.0894
adj-na	w:より	-0.3371
adj-na	w:を	0.2205
adj-na	w:んだ	-0.7165
adj-no	BOUNDARY	-1.5371
adj-no	adj-f	-1.0648
adj-no	adj-i	-0.4528
adj-no	adj-i:い	-0.2392
adj-no	adj-i:く	-1.0302
adj-no	adj-i:た	-0.6974
adj-no	adj-i:て	-0.8251
adj-no	adj-na	-0.5821
adj-no	adj-no	-1.4530
adj-no	adj-pn	-2.0437
adj-no	adv	-1.4441
adj-no	aux	-0.1371
adj-no	aux-adj	-0.5761
adj-no	aux-adj:い	-0.5578
adj-no	aux-v	-1.0242
adj-no	aux-v:い	-1.3800
adj-no	aux-v:う	-0.6965
adj-no	aux-v:き	-0.8030
adj-no	aux-v:く	-1.4154
adj-no	aux-v:す	-0.3799
adj-no	aux-v:た	-1.0000
adj-no	aux-v:て	-0.7512
adj-no	aux-v:ば	-0.9620
adj-no	aux-v:ら	-0.9884
adj-no	aux-v:り	-0.6049
adj-no	aux-v:る	-0.7345
adj-no	aux-v:れ	-0.9775
adj-no	aux-v:ん	-1.1551
adj-no	aux:す	0.4754
adj-no	aux:だ	0.4068
adj-no	aux:ば	-0.7060
adj-no	conj	-0.3224
adj-no	cop	-0.3256
adj-no	cop:だ	-0.7742
adj-no	ctr	-1.5986
adj-no	exp	-0.5428
adj-no	exp-adj	-0.3146
adj-no	exp-adj:い	-0.3995
adj-no	exp-adj:く	-0.0566
adj-no	exp-adj:た	-0.0321
adj-no	exp-v	-0.8138
adj-no	exp-v:い	-0.5601
adj-no	exp-v:う	-0.1087
adj-no	exp-v:く	-0.1864
adj-no	exp-v:す	-0.7898
adj-no	exp-v:た	-0.5789
adj-no	exp-v:て	-0.5233
adj-no	exp-v:る	-1.0830
adj-no	exp-v:ん	-0.2744
adj-no	int	-0.7677
adj-no	n	-1.2508
adj-no	n-pref	-0.8851
adj-no	n-suf	-1.1304
adj-no	n-vs	-0.9463
adj-no	num	-0.4841
adj-no	pn	-1.7963
adj-no	pref	-1.2813
adj-no	prt	-0.5234
adj-no	suf	-0.5627
adj-no	v-other	-0.7136
adj-no	v1	-1.3926
adj-no	v1:い	-0.9625
adj-no	v1:う	-0.5547
adj-no	v1:す	-0.7060
adj-no	v1:た	-1.3343
adj-no	v1:て	-1.2121
adj-no	v1:る	-1.3910
adj-no	v5	-1.2174
adj-no	v5:い	-0.6750
adj-no	v5:う	-2.0170
adj-no	v5:き	-0.3178
adj-no	v5:く	-1.7214
adj-no	v5:し	-0.2619
adj-no	v5:す	-1.3513
adj-no	v5:せ	-0.5128
adj-no	v5:た	-1.2384
adj-no	v5:だ	-1.2144
adj-no	v5:つ	-0.9752
adj-no	v5:て	-0.9336
adj-no	v5:で	-1.0746
adj-no	v5:ば	-0.9296
adj-no	v5:ぶ	-0.8766
adj-no	v5:み	-0.2976
adj-no	v5:む	-0.8045
adj-no	v5:ら	-0.7154
adj-no	v5:り	-0.8589
adj-no	v5:る	-1.0233
adj-no	v5:ん	-0.2334
adj-no	vs-i	-1.0036
adj-no	vs-i:る	-0.5868
adj-no	w:あった	-0.5403
adj-no	w:あなた	-1.0793
adj-no	w:あの	-1.2447
adj-no	w:あります	-0.5991
adj-no	w:ある	-0.5920
adj-no	w:いい	0.0045
adj-no	w:いう	-1.1119
adj-no	w:いけない	-0.9881
adj-no	w:いつ	-0.8084
adj-no	w:いつも	-1.1954
adj-no	w:いる	-0.8202
adj-no	w:お	-0.3179
adj-no	w:か	-2.3452
adj-no	w:から	0.8835
adj-no	w:が	0.6098
adj-no	w:きた	-1.2345
adj-no	w:ください	-1.6413
adj-no	w:くれた	-1.1420
adj-no	w:くれる	-0.9721
adj-no	w:ここ	-0.7881
adj-no	w:こと	-3.1455
adj-no	w:この	-2.1494
adj-no	w:これ	-1.7861
adj-no	w:ご	-0.5569
adj-no	w:さ	-0.5540
adj-no	w:された	-0.1295
adj-no	w:さん	-0.7095
adj-no	w:し	-0.2132
adj-no	w:した	0.3454
adj-no	w:したい	0.2321
adj-no	w:して	-0.0786
adj-no	w:していた	0.3389
adj-no	w:している	0.7494
adj-no	w:しない	0.2000
adj-no	w:します	0.3841
adj-no	w:しまった	-1.4913
adj-no	w:すぐ	-0.6221
adj-no	w:すぐに	-0.9620
adj-no	w:する	0.3237
adj-no	w:ずっと	-0.5389
adj-no	w:そう	-1.0747
adj-no	w:そこ	-0.6617
adj-no	w:その	-2.0456
adj-no	w:それ	-1.4826
adj-no	w:そんな	-0.8898
adj-no	w:たい	-1.4071
adj-no	w:たくさん	-1.1924
adj-no	w:たち	0.0009
adj-no	w:ため	-1.1166
adj-no	w:ために	-1.7955
adj-no	w:だ	0.5318
adj-no	w:だけ	-0.3714
adj-no	w:だった	0.7785
adj-no	w:だろう	-1.6703
adj-no	w:つもり	-1.3233
adj-no	w:で	1.2103
adj-no	w:であった	0.7669
adj-no	w:である	0.8517
adj-no	w:できない	0.6249
adj-no	w:できる	-0.4000
adj-no	w:でした	0.6808
adj-no	w:でしょう	-1.0236
adj-no	w:です	0.8150
adj-no	w:ですか	-0.1696
adj-no	w:ではない	-0.2340
adj-no	w:でも	0.4224
adj-no	w:と	-0.2734
adj-no	w:という	-0.2095
adj-no	w:とき	-1.5531
adj-no	w:ところ	-1.5196
adj-no	w:として	0.2252
adj-no	w:とても	-1.0417
adj-no	w:とは	0.0630
adj-no	w:どう	-0.5476
adj-no	w:どこ	-0.2572
adj-no	w:どんな	-0.5890
adj-no	w:な	-0.7529
adj-no	w:ない	-0.4750
adj-no	w:なかった	0.1491
adj-no	w:なさい	-0.4696
adj-no	w:なら	-0.1650
adj-no	w:なんて	-1.0666
adj-no	w:に	1.4702
adj-no	w:について	0.8539
adj-no	w:になった	0.7591
adj-no	w:には	1.5820
adj-no	w:にも	0.7291
adj-no	w:ね	-1.8571
adj-no	w:の	0.7882
adj-no	w:のだ	-0.9933
adj-no	w:ので	-1.9120
adj-no	w:のです	-1.0805
adj-no	w:のに	-1.0446
adj-no	w:は	1.2903
adj-no	w:へ	1.0306
adj-no	w:べき	-1.3214
adj-no	w:ほとんど	-0.6278
adj-no	w:ほど	0.1015
adj-no	w:まだ	-1.2809
adj-no	w:まで	1.1561
adj-no	w:みんな	-0.8940
adj-no	w:も	0.3106
adj-no	w:もう	-0.8953
adj-no	w:もし	-0.6980
adj-no	w:もっと	-1.0208
adj-no	w:もの	-1.6394
adj-no	w:や	0.2746
adj-no	w:よ	-2.0537
adj-no	w:よい	-0.0953
adj-no	w:よう	-0.9477
adj-no	w:ような	-1.1327
adj-no	w:ように	-1.7849
adj-no	w:よく	-0.3524
adj-no	w:より	1.2487
adj-no	w:よりも	1.0161
adj-no	w:を	0.3613
adj-no	w:ん	-1.0167
adj-no	w:んだ	-1.1485
adj-no	w:んです	-0.9311
adj-pn	BOUNDARY	-2.7682
adj-pn	adj-f	-0.1943
adj-pn	adj-i	-1.1776
adj-pn	adj-i:い	-0.8345
adj-pn	adj-i:く	-2.2386
adj-pn	adj-i:た	-1.3804
adj-pn	adj-na	-1.0110
adj-pn	adj-no	-1.4649
adj-pn	adj-pn	-3.6039
adj-pn	adv	-2.2171
adj-pn	aux	-1.4294
adj-pn	aux-adj	-0.4613
adj-pn	aux-adj:い	-0.1390
adj-pn	aux-v	-3.7388
adj-pn	aux-v:い	-1.5925
adj-pn	aux-v:う	-1.6303
adj-pn	aux-v:き	-0.9156
adj-pn	aux-v:く	-1.4151
adj-pn	aux-v:す	-1.9598
adj-pn	aux-v:た	-2.9323
adj-pn	aux-v:て	-2.2258
adj-pn	aux-v:ば	-1.0570
adj-pn	aux-v:ら	-0.9432
adj-pn	aux-v:る	-2.6258
adj-pn	aux-v:れ	-0.7741
adj-pn	aux-v:ん	-1.5625
adj-pn	aux:ば	-0.6976
adj-pn	conj	-1.9879
adj-pn	cop	-0.9701
adj-pn	ctr	0.3384
adj-pn	exp	-0.8535
adj-pn	exp-adj	-2.1862
adj-pn	exp-adj:い	-2.0515
adj-pn	exp-adj:く	-0.9295
adj-pn	exp-adj:た	-0.8474
adj-pn	exp-v	-1.3952
adj-pn	exp-v:い	-1.1809
adj-pn	exp-v:う	-0.3795
adj-pn	exp-v:す	-0.9751
adj-pn	exp-v:た	-1.0674
adj-pn	exp-v:て	-0.7330
adj-pn	exp-v:る	-1.5599
adj-pn	int	-1.2911
adj-pn	n	-0.2512
adj-pn	n-pref	0.2145
adj-pn	n-suf	-0.4238
adj-pn	n-vs	-0.2187
adj-pn	num	-1.1332
adj-pn	pn	-1.9970
adj-pn	pref	-0.1813
adj-pn	prt	-1.0075
adj-pn	suf	-0.4071
adj-pn	v1	-3.2901
adj-pn	v1:い	-1.3829
adj-pn	v1:う	-0.7000
adj-pn	v1:す	-1.2347
adj-pn	v1:た	-2.5841
adj-pn	v1:て	-2.4153
adj-pn	v1:る	-2.7204
adj-pn	v5	-3.2387
adj-pn	v5:い	-1.9113
adj-pn	v5:う	-1.2572
adj-pn	v5:き	-0.5300
adj-pn	v5:く	-1.7603
adj-pn	v5:す	-2.6326
adj-pn	v5:せ	-0.7787
adj-pn	v5:た	-2.9000
adj-pn	v5:だ	-1.7908
adj-pn	v5:つ	-0.7491
adj-pn	v5:て	-3.0319
adj-pn	v5:で	-1.3892
adj-pn	v5:ば	-0.8913
adj-pn	v5:み	-0.6951
adj-pn	v5:む	-1.2376
adj-pn	v5:ら	-0.8388
adj-pn	v5:り	-1.0844
adj-pn	v5:る	-3.3375
adj-pn	v5:ん	-1.0253
adj-pn	vs-i	-1.0333
adj-pn	vs-i:る	-0.8431
adj-pn	w:あった	-0.9056
adj-pn	w:あなた	-2.4776
adj-pn	w:あの	-0.9678
adj-pn	w:あります	-1.2898
adj-pn	w:ある	-2.2747
adj-pn	w:いい	-1.3231
adj-pn	w:いう	-0.8913
adj-pn	w:いけない	-0.7833
adj-pn	w:いつ	-0.7856
adj-pn	w:いつも	-1.2689
adj-pn	w:いる	-1.2519
adj-pn	w:お	-1.1981
adj-pn	w:か	-2.5197
adj-pn	w:から	-0.1487
adj-pn	w:が	0.8782
adj-pn	w:きた	-1.1639
adj-pn	w:ください	-1.6845
adj-pn	w:くれた	-1.2200
adj-pn	w:くれる	-0.7695
adj-pn	w:ここ	-1.4647
adj-pn	w:こと	-0.5772
adj-pn	w:この	-2.6644
adj-pn	w:これ	-1.5043
adj-pn	w:ご	-0.8169
adj-pn	w:さ	-0.9176
adj-pn	w:された	-1.0518
adj-pn	w:さん	-0.9509
adj-pn	w:し	-1.7413
adj-pn	w:した	-3.0329
adj-pn	w:したい	-0.7342
adj-pn	w:して	-2.2930
adj-pn	w:していた	-1.1012
adj-pn	w:している	-1.9869
adj-pn	w:しない	-0.9116
adj-pn	w:します	-1.0605
adj-pn	w:しまった	-1.2317
adj-pn	w:すぐ	-0.7579
adj-pn	w:すぐに	-1.0570
adj-pn	w:する	-2.8104
adj-pn	w:ずっと	-0.8014
adj-pn	w:そう	-1.0199
adj-pn	w:そこ	-1.1078
adj-pn	w:その	-3.2243
adj-pn	w:それ	-2.0473
adj-pn	w:そんな	-0.8102
adj-pn	w:たい	-1.4647
adj-pn	w:たくさん	-1.1258
adj-pn	w:たち	-1.1354
adj-pn	w:ため	-0.8954
adj-pn	w:ために	-0.4835
adj-pn	w:だ	-2.2528
adj-pn	w:だけ	-0.4231
adj-pn	w:だった	-1.7745
adj-pn	w:だろう	-1.9513
adj-pn	w:つもり	-0.7429
adj-pn	w:で	-3.5842
adj-pn	w:であった	-0.7555
adj-pn	w:である	-1.9407
adj-pn	w:できない	-0.8790
adj-pn	w:できる	-0.8748
adj-pn	w:でした	-0.8301
adj-pn	w:でしょう	-1.3420
adj-pn	w:です	-2.3790
adj-pn	w:ですか	-1.8936
adj-pn	w:ではない	-0.6069
adj-pn	w:でも	-0.9925
adj-pn	w:と	0.0891
adj-pn	w:という	-0.7292
adj-pn	w:とき	-1.2884
adj-pn	w:ところ	-0.2280
adj-pn	w:として	-0.7924
adj-pn	w:とても	-1.7029
adj-pn	w:とは	0.5693
adj-pn	w:どう	-1.0054
adj-pn	w:どこ	-1.0466
adj-pn	w:どんな	-0.7294
adj-pn	w:な	-1.5010
adj-pn	w:ない	-1.7065
adj-pn	w:なかった	-0.8058
adj-pn	w:なさい	-1.8538
adj-pn	w:なら	-0.0089
adj-pn	w:なんて	-0.8516
adj-pn	w:に	0.3424
adj-pn	w:について	-0.1497
adj-pn	w:になった	-1.0307
adj-pn	w:には	0.8894
adj-pn	w:にも	-0.8769
adj-pn	w:ね	-1.5708
adj-pn	w:の	0.1760
adj-pn	w:のだ	-0.7878
adj-pn	w:ので	-1.6224
adj-pn	w:のです	-1.4816
adj-pn	w:のに	-1.3614
adj-pn	w:は	1.9854
adj-pn	w:へ	-1.1977
adj-pn	w:べき	-1.0776
adj-pn	w:ほとんど	-0.8790
adj-pn	w:ほど	0.0538
adj-pn	w:まだ	-1.0413
adj-pn	w:まで	-1.7263
adj-pn	w:みんな	-0.8601
adj-pn	w:も	-0.7027
adj-pn	w:もう	-1.3209
adj-pn	w:もし	-0.8235
adj-pn	w:もっと	-0.9720
adj-pn	w:もの	-0.3124
adj-pn	w:や	-0.7991
adj-pn	w:よ	-2.3213
adj-pn	w:よい	-0.7975
adj-pn	w:よう	-0.7484
adj-pn	w:ような	-0.4396
adj-pn	w:ように	-1.5032
adj-pn	w:よく	-1.2777
adj-pn	w:より	-0.0605
adj-pn	w:よりも	-0.4445
adj-pn	w:を	-0.2843
adj-pn	w:ん	-0.8081
adj-pn	w:んだ	-0.9236
adj-pn	w:んです	-0.7342
adj-t	BOUNDARY	-0.3550
adj-t	aux-v	0.3130
adj-t	exp-v	0.6493
adj-t	n	-0.3302
adj-t	pn	0.6270
adj-t	v5	-0.0023
adj-t	w:ですか	1.0643
adj-t	w:は	-0.9531
adv	BOUNDARY	-0.4155
adv	adj-f	-0.1118
adv	adj-i	0.9610
adv	adj-i:い	0.8136
adv	adj-i:く	1.3204
adv	adj-i:た	0.6575
adv	adj-i:て	0.7952
adv	adj-na	0.5202
adv	adj-no	-0.1788
adv	adj-pn	-0.4219
adv	adv	-0.1157
adv	aux	-0.7082
adv	aux-adj	-0.0670
adv	aux-adj:い	-0.2827
adv	aux-adj:た	0.2976
adv	aux-v	0.0935
adv	aux-v:い	-0.0563
adv	aux-v:う	-0.3149
adv	aux-v:き	0.3119
adv	aux-v:く	-0.0584
adv	aux-v:す	0.2053
adv	aux-v:た	-0.1829
adv	aux-v:て	0.4684
adv	aux-v:で	0.2819
adv	aux-v:ば	0.2713
adv	aux-v:む	0.6801
adv	aux-v:ら	0.3375
adv	aux-v:り	0.2225
adv	aux-v:る	0.0778
adv	aux-v:れ	-0.2344
adv	aux-v:ん	-0.1972
adv	aux:ば	-0.7425
adv	conj	-0.4821
adv	cop	0.3097
adv	cop:る	0.7009
adv	ctr	0.0073
adv	exp	-0.0716
adv	exp-adj	0.0776
adv	exp-adj:い	0.1726
adv	exp-adj:く	-0.3956
adv	exp-adj:た	0.0572
adv	exp-v	0.5891
adv	exp-v:い	0.9548
adv	exp-v:う	0.7089
adv	exp-v:く	0.1469
adv	exp-v:す	0.3466
adv	exp-v:た	0.3887
adv	exp-v:つ	0.8679
adv	exp-v:て	0.7045
adv	exp-v:で	0.5725
adv	exp-v:り	0.2795
adv	exp-v:る	0.3483
adv	exp-v:ん	0.5478
adv	int	0.0309
adv	n	0.0373
adv	n-pref	-0.4207
adv	n-suf	-0.5258
adv	n-vs	0.3094
adv	num	0.7479
adv	pn	-0.3639
adv	pref	-0.1712
adv	prt	-0.2236
adv	suf	-0.6299
adv	v1	0.5357
adv	v1:い	0.6790
adv	v1:う	0.7366
adv	v1:け	0.4694
adv	v1:す	-0.0166
adv	v1:た	0.4379
adv	v1:て	0.6744
adv	v1:る	0.4596
adv	v1:ん	0.8065
adv	v5	0.4238
adv	v5:い	0.5930
adv	v5:う	0.1986
adv	v5:き	0.4052
adv	v5:く	0.3184
adv	v5:ぐ	0.2560
adv	v5:し	0.1673
adv	v5:す	-0.0060
adv	v5:せ	-0.4905
adv	v5:た	0.5405
adv	v5:だ	0.4384
adv	v5:つ	0.7010
adv	v5:て	0.5327
adv	v5:で	0.2308
adv	v5:ぬ	0.6813
adv	v5:ば	0.2799
adv	v5:び	0.4870
adv	v5:ぶ	-0.3956
adv	v5:み	0.3587
adv	v5:む	0.2256
adv	v5:ら	0.4969
adv	v5:り	0.2919
adv	v5:る	0.2517
adv	v5:ん	-0.2068
adv	vs-i	-0.4895
adv	vs-i:る	-0.7115
adv	w:あった	-0.2655
adv	w:あなた	0.1092
adv	w:あの	-0.6297
adv	w:あります	-0.3243
adv	w:ある	-0.1343
adv	w:いい	0.2504
adv	w:いう	-0.6074
adv	w:いけない	-0.3617
adv	w:いつ	-0.2463
adv	w:いつも	-0.6395
adv	w:いる	0.0198
adv	w:お	0.9142
adv	w:か	-2.0281
adv	w:から	0.6716
adv	w:が	-0.3168
adv	w:きた	-1.0426
adv	w:ください	-1.0632
adv	w:くれた	-1.2825
adv	w:くれる	-0.6351
adv	w:ここ	1.0168
adv	w:こと	-3.0764
adv	w:この	-0.4958
adv	w:これ	-0.4744
adv	w:ご	0.7019
adv	w:さ	-0.7887
adv	w:された	-1.1096
adv	w:さん	-1.0056
adv	w:し	-0.5330
adv	w:した	-0.0163
adv	w:したい	-0.5983
adv	w:して	0.0790
adv	w:していた	0.5260
adv	w:している	0.4221
adv	w:しない	0.4214
adv	w:します	-0.1631
adv	w:しまった	-1.1122
adv	w:すぐ	-0.3353
adv	w:すぐに	-0.6450
adv	w:する	-0.2396
adv	w:ずっと	1.2289
adv	w:そう	0.1470
adv	w:そこ	0.8068
adv	w:その	-0.0963
adv	w:それ	-0.1781
adv	w:そんな	0.7094
adv	w:たい	-1.1962
adv	w:たくさん	0.6388
adv	w:たち	-1.1957
adv	w:ため	-0.9481
adv	w:ために	-1.5820
adv	w:だ	-0.2747
adv	w:だけ	0.4142
adv	w:だった	0.3131
adv	w:だろう	-1.4391
adv	w:つもり	-1.1380
adv	w:で	0.2933
adv	w:であった	0.1526
adv	w:である	-0.3759
adv	w:できない	-0.5946
adv	w:できる	-0.5903
adv	w:でした	0.6457
adv	w:でしょう	-1.2251
adv	w:です	-0.4303
adv	w:ですか	1.2343
adv	w:ではない	-1.2796
adv	w:でも	0.7094
adv	w:と	-0.7727
adv	w:という	0.2624
adv	w:とき	-1.3525
adv	w:ところ	-1.3210
adv	w:として	0.4938
adv	w:とても	-0.2064
adv	w:とは	0.0858
adv	w:どう	-0.2733
adv	w:どこ	-0.0746
adv	w:どんな	0.0128
adv	w:な	-0.6941
adv	w:ない	0.1084
adv	w:なかった	0.0203
adv	w:なさい	-1.2349
adv	w:なら	0.2044
adv	w:なんて	-0.7204
adv	w:に	0.3954
adv	w:について	0.1040
adv	w:になった	0.0108
adv	w:には	0.3186
adv	w:にも	-0.4589
adv	w:ね	-1.4584
adv	w:の	0.4397
adv	w:のだ	-0.8365
adv	w:ので	-1.5109
adv	w:のです	-1.7355
adv	w:のに	-1.2449
adv	w:は	-0.1913
adv	w:へ	-0.1751
adv	w:べき	-1.1362
adv	w:ほとんど	-0.3433
adv	w:ほど	0.4236
adv	w:まだ	-0.3103
adv	w:まで	1.7736
adv	w:みんな	-0.5751
adv	w:も	0.6312
adv	w:もう	-0.7980
adv	w:もし	-0.8736
adv	w:もっと	-0.2388
adv	w:もの	-1.4092
adv	w:や	-0.3782
adv	w:よ	-2.0641
adv	w:よい	0.4934
adv	w:よう	-0.7955
adv	w:ような	-0.9628
adv	w:ように	-1.5719
adv	w:よく	0.9402
adv	w:より	0.5686
adv	w:よりも	0.2692
adv	w:を	-0.2839
adv	w:ん	-0.8575
adv	w:んだ	-0.9772
adv	w:んです	-0.7806
adv-to	BOUNDARY	-0.8197
adv-to	w:で	0.7874
adv-to	w:と	0.7918
adv-to	w:の	0.4246
adv-to	w:を	0.4775
aux	BOUNDARY	1.0602
aux	adj-i	0.1280
aux	adj-i:い	-0.7577
aux	adj-i:た	0.9867
aux	adj-na	-0.4672
aux	adj-no	-0.9173
aux	adj-pn	-1.4294
aux	adv	-0.7082
aux	aux-v	-0.9091
aux	exp	-0.3776
aux	exp-v	-0.6306
aux	n	-1.1744
aux	n-suf	-0.7061
aux	n-vs	-0.7484
aux	pn	-0.8435
aux	prt	0.5613
aux	v1	-0.7895
aux	v5	-0.7849
aux	v5:た	-0.7571
aux	v5:だ	0.6942
aux	v5:る	-0.5501
aux	w:いい	0.8990
aux	w:か	0.8199
aux	w:から	1.2037
aux	w:が	0.0913
aux	w:その	-0.6765
aux	w:だ	1.4348
aux	w:で	-0.5363
aux	w:です	0.7246
aux	w:と	0.8065
aux	w:に	-1.0205
aux	w:の	-1.0412
aux	w:は	-0.0215
aux	w:よ	0.9122
aux	w:より	0.5943
aux	w:よりも	0.7424
aux	w:を	-1.8752
aux-adj	BOUNDARY	1.1461
aux-adj	adj-i	-0.1071
aux-adj	adj-i:い	-0.1061
aux-adj	adj-na	-0.7406
aux-adj	adj-no	-0.7302
aux-adj	adj-pn	-0.8668
aux-adj	adv	-1.2197
aux-adj	aux-v	-0.0071
aux-adj	aux-v:る	0.3212
aux-adj	exp	-0.5785
aux-adj	exp-v	-0.7099
aux-adj	n	-0.8551
aux-adj	n-suf	0.0580
aux-adj	n-vs	-0.8155
aux-adj	pn	-1.0021
aux-adj	prt	0.5199
aux-adj	suf	0.2534
aux-adj	v1	-0.8360
aux-adj	v5	-0.5675
aux-adj	v5:た	-0.2246
aux-adj	w:が	-0.8733
aux-adj	w:こと	0.2779
aux-adj	w:その	-0.4529
aux-adj	w:で	-0.8026
aux-adj	w:です	0.4231
aux-adj	w:と	1.2278
aux-adj	w:な	0.8399
aux-adj	w:に	-1.5106
aux-adj	w:の	0.2833
aux-adj	w:のです	1.2461
aux-adj	w:は	-2.1250
aux-adj	w:もの	1.0372
aux-adj	w:よ	0.5085
aux-adj	w:を	-1.7715
aux-adj	w:ん	0.6504
aux-adj	w:んだ	1.1111
aux-adj	w:んです	0.8381
aux-adj:い	BOUNDARY	1.2140
aux-adj:い	adj-na	-0.7942
aux-adj:い	adj-no	-1.0686
aux-adj:い	adj-pn	-1.0145
aux-adj:い	adv	-1.0712
aux-adj:い	aux-v	-0.9725
aux-adj:い	exp	-0.5324
aux-adj:い	n	-1.5317
aux-adj:い	n-suf	0.1097
aux-adj:い	n-vs	-1.0670
aux-adj:い	pn	-1.0161
aux-adj:い	prt	0.4561
aux-adj:い	suf	0.3564
aux-adj:い	v1	-0.8741
aux-adj:い	v5	-1.5199
aux-adj:い	v5:た	-0.7412
aux-adj:い	w:が	-1.1228
aux-adj:い	w:です	0.5692
aux-adj:い	w:と	1.4252
aux-adj:い	w:な	0.8816
aux-adj:い	w:に	-1.1665
aux-adj:い	w:の	0.3335
aux-adj:い	w:のです	1.2449
aux-adj:い	w:は	-1.8971
aux-adj:い	w:もの	0.8347
aux-adj:い	w:よ	0.6042
aux-adj:い	w:を	-1.4003
aux-adj:い	w:ん	0.6661
aux-adj:い	w:んだ	0.9226
aux-adj:い	w:んです	0.7649
aux-adj:く	BOUNDARY	0.1393
aux-adj:く	aux-v	0.9197
aux-adj:く	aux-v:る	0.6469
aux-adj:く	n	-0.3312
aux-adj:く	v5	0.6294
aux-adj:た	BOUNDARY	0.8689
aux-adj:た	n	0.1756
aux-adj:た	w:の	0.4530
aux-adj:た	w:は	-0.8890
aux-adj:ら	BOUNDARY	1.2212
aux-v	BOUNDARY	1.1140
aux-v	adj-f	-0.9224
aux-v	adj-i	-0.7984
aux-v	adj-i:い	-0.9778
aux-v	adj-i:く	-1.8428
aux-v	adj-i:た	0.7232
aux-v	adj-na	-1.0167
aux-v	adj-no	-1.3472
aux-v	adj-pn	-2.3525
aux-v	adv	-1.0596
aux-v	aux	0.4126
aux-v	aux-adj	0.2380
aux-v	aux-adj:い	0.5091
aux-v	aux-v	0.1580
aux-v	aux-v:い	0.6026
aux-v	aux-v:う	0.5024
aux-v	aux-v:き	-0.1830
aux-v	aux-v:く	0.2132
aux-v	aux-v:す	0.4581
aux-v	aux-v:た	-0.3037
aux-v	aux-v:て	-0.0871
aux-v	aux-v:ば	-0.5440
aux-v	aux-v:ら	-0.1146
aux-v	aux-v:る	-0.2417
aux-v	aux-v:れ	1.4130
aux-v	aux-v:ん	0.6871
aux-v	aux:い	0.6410
aux-v	aux:ず	0.7396
aux-v	aux:ば	0.2108
aux-v	conj	-0.5974
aux-v	cop	0.1694
aux-v	cop:だ	0.5271
aux-v	ctr	-1.2635
aux-v	exp	0.2075
aux-v	exp-adj	0.8635
aux-v	exp-adj:い	1.0603
aux-v	exp-adj:く	-0.7074
aux-v	exp-adj:た	0.3534
aux-v	exp-v	0.3919
aux-v	exp-v:い	-0.2597
aux-v	exp-v:う	-0.6296
aux-v	exp-v:し	0.4858
aux-v	exp-v:す	1.2862
aux-v	exp-v:た	0.4538
aux-v	exp-v:て	-1.3059
aux-v	exp-v:る	0.5710
aux-v	exp-v:ん	0.4081
aux-v	int	0.8850
aux-v	n	-1.4589
aux-v	n-pref	-1.0809
aux-v	n-suf	-0.3426
aux-v	n-vs	-1.4353
aux-v	num	-1.0849
aux-v	pn	-2.4121
aux-v	pref	-1.4226
aux-v	prt	0.8031
aux-v	suf	-0.4953
aux-v	v1	-1.9717
aux-v	v1:い	-1.3334
aux-v	v1:す	-0.7178
aux-v	v1:た	-1.7731
aux-v	v1:て	-1.1310
aux-v	v1:る	-2.3003
aux-v	v5	-1.3652
aux-v	v5:い	-0.7949
aux-v	v5:う	-1.4645
aux-v	v5:く	-0.5423
aux-v	v5:す	-1.4077
aux-v	v5:せ	-0.4067
aux-v	v5:た	-1.2252
aux-v	v5:だ	-0.7800
aux-v	v5:つ	-0.8916
aux-v	v5:て	-1.5823
aux-v	v5:で	-0.6464
aux-v	v5:ば	-0.2647
aux-v	v5:む	-1.0084
aux-v	v5:ら	-0.8014
aux-v	v5:り	-0.5708
aux-v	v5:る	-1.3862
aux-v	v5:ん	-0.5131
aux-v	vs-i	-0.9868
aux-v	vs-i:る	-0.8056
aux-v	w:あった	-0.6841
aux-v	w:あなた	-1.7235
aux-v	w:あの	-1.0509
aux-v	w:あります	-1.2419
aux-v	w:ある	-1.8786
aux-v	w:いい	1.3555
aux-v	w:いう	-0.6702
aux-v	w:いけない	-0.7476
aux-v	w:いつ	-0.7498
aux-v	w:いつも	-1.0391
aux-v	w:いる	-0.2493
aux-v	w:お	-0.9945
aux-v	w:か	2.1925
aux-v	w:から	0.2095
aux-v	w:が	-1.5243
aux-v	w:きた	1.0787
aux-v	w:ください	1.8289
aux-v	w:くれた	1.0013
aux-v	w:くれる	0.7474
aux-v	w:ここ	-1.2315
aux-v	w:こと	1.0290
aux-v	w:この	-2.1963
aux-v	w:これ	-1.2705
aux-v	w:ご	-0.7803
aux-v	w:さ	-0.5416
aux-v	w:された	-1.0089
aux-v	w:さん	-0.9106
aux-v	w:し	-0.6570
aux-v	w:した	-2.9695
aux-v	w:したい	-0.7000
aux-v	w:して	-1.8968
aux-v	w:していた	-1.0572
aux-v	w:している	-1.7473
aux-v	w:しない	-0.6899
aux-v	w:します	-0.6809
aux-v	w:しまった	1.5750
aux-v	w:すぐ	-0.3865
aux-v	w:すぐに	0.1491
aux-v	w:する	-2.2779
aux-v	w:ずっと	-0.5828
aux-v	w:そう	0.3572
aux-v	w:そこ	-0.7272
aux-v	w:その	-2.0610
aux-v	w:それ	-1.4017
aux-v	w:そんな	-0.9511
aux-v	w:たい	2.2900
aux-v	w:たくさん	-0.8989
aux-v	w:たち	-1.0907
aux-v	w:ため	0.3066
aux-v	w:ために	0.8002
aux-v	w:だ	-2.4117
aux-v	w:だけ	1.0852
aux-v	w:だった	-1.4649
aux-v	w:だろう	1.7432
aux-v	w:つもり	1.7855
aux-v	w:で	-2.8263
aux-v	w:であった	-0.7207
aux-v	w:である	-1.5946
aux-v	w:できない	-0.8405
aux-v	w:できる	-0.5000
aux-v	w:でした	-0.6107
aux-v	w:でしょう	1.5041
aux-v	w:です	-1.9109
aux-v	w:ですか	-1.3673
aux-v	w:ではない	-1.1633
aux-v	w:でも	-0.9511
aux-v	w:と	1.1472
aux-v	w:という	0.6262
aux-v	w:とき	1.1203
aux-v	w:ところ	1.2745
aux-v	w:として	-0.4200
aux-v	w:とても	-0.9556
aux-v	w:とは	0.5328
aux-v	w:どう	0.6850
aux-v	w:どこ	-1.0038
aux-v	w:どんな	-0.3589
aux-v	w:な	0.4375
aux-v	w:ない	-1.4700
aux-v	w:なかった	-0.7695
aux-v	w:なさい	1.0471
aux-v	w:なら	0.3001
aux-v	w:なんて	0.7121
aux-v	w:に	-2.0681
aux-v	w:について	-1.2646
aux-v	w:になった	-0.9883
aux-v	w:には	-0.5834
aux-v	w:にも	-0.8385
aux-v	w:ね	0.9152
aux-v	w:の	-0.1035
aux-v	w:のだ	1.1350
aux-v	w:ので	0.8103
aux-v	w:のです	1.1370
aux-v	w:のに	1.5091
aux-v	w:は	-2.6429
aux-v	w:へ	-1.9289
aux-v	w:べき	2.0749
aux-v	w:ほとんど	-0.8405
aux-v	w:ほど	0.4330
aux-v	w:まだ	-0.6622
aux-v	w:まで	0.4564
aux-v	w:みんな	-0.6399
aux-v	w:も	1.0200
aux-v	w:もう	-1.0901
aux-v	w:もし	-0.7867
aux-v	w:もっと	-0.7487
aux-v	w:もの	0.9680
aux-v	w:や	-0.4265
aux-v	w:よ	1.5228
aux-v	w:よい	1.0417
aux-v	w:よう	1.0779
aux-v	w:ような	0.4106
aux-v	w:ように	1.3333
aux-v	w:よく	-1.2269
aux-v	w:より	-0.1379
aux-v	w:よりも	0.3532
aux-v	w:を	-3.6502
aux-v	w:ん	1.3801
aux-v	w:んだ	0.8740
aux-v	w:んです	1.3541
aux-v:い	BOUNDARY	1.2629
aux-v:い	adj-i	-1.0787
aux-v:い	adj-i:い	-0.8286
aux-v:い	adj-na	-1.4769
aux-v:い	adj-no	-1.8908
aux-v:い	adj-pn	-1.7748
aux-v:い	adv	-1.5116
aux-v:い	aux-v	-1.5375
aux-v:い	aux-v:た	-0.6597
aux-v:い	exp	0.2112
aux-v:い	exp-adj	0.4229
aux-v:い	exp-adj:い	0.5424
aux-v:い	exp-v	-0.3014
aux-v:い	exp-v:た	0.1281
aux-v:い	n	-1.5383
aux-v:い	n-suf	-0.6955
aux-v:い	n-vs	-1.2827
aux-v:い	pn	-1.7769
aux-v:い	prt	0.8781
aux-v:い	suf	-0.3309
aux-v:い	v1	-1.5877
aux-v:い	v1:た	-0.8765
aux-v:い	v1:る	-0.8080
aux-v:い	v5	-1.2952
aux-v:い	v5:た	-0.6131
aux-v:い	v5:て	-0.7936
aux-v:い	v5:る	-0.9806
aux-v:い	w:か	1.1637
aux-v:い	w:が	-1.5773
aux-v:い	w:こと	0.3917
aux-v:い	w:した	-0.7941
aux-v:い	w:その	-1.1308
aux-v:い	w:たい	2.4533
aux-v:い	w:だ	-0.9897
aux-v:い	w:だろう	1.4076
aux-v:い	w:で	-0.8108
aux-v:い	w:でしょう	0.7155
aux-v:い	w:と	1.2111
aux-v:い	w:ところ	0.7318
aux-v:い	w:なさい	0.5030
aux-v:い	w:に	-1.4987
aux-v:い	w:の	-0.0495
aux-v:い	w:ので	0.4704
aux-v:い	w:のです	0.7223
aux-v:い	w:は	-2.8209
aux-v:い	w:よ	1.1622
aux-v:い	w:ように	0.8352
aux-v:い	w:を	-2.2532
aux-v:い	w:ん	0.6196
aux-v:い	w:んだ	0.7864
aux-v:う	BOUNDARY	1.2043
aux-v:う	adj-i	-1.1375
aux-v:う	adj-i:い	-0.9021
aux-v:う	adj-na	-1.1610
aux-v:う	adj-no	-1.5838
aux-v:う	adj-pn	-1.6303
aux-v:う	adv	-1.3648
aux-v:う	aux-v	-1.5770
aux-v:う	aux-v:た	-0.7452
aux-v:う	exp	0.3150
aux-v:う	exp-v	1.2082
aux-v:う	exp-v:た	1.4816
aux-v:う	exp-v:る	0.7027
aux-v:う	n	-1.5615
aux-v:う	n-suf	-1.0473
aux-v:う	n-vs	-1.5820
aux-v:う	pn	-1.6323
aux-v:う	prt	1.3710
aux-v:う	suf	-0.4798
aux-v:う	v1	-1.4496
aux-v:う	v1:た	-0.7771
aux-v:う	v1:る	-0.7139
aux-v:う	v5	-2.2344
aux-v:う	v5:た	-1.2713
aux-v:う	v5:て	-0.7006
aux-v:う	v5:る	-0.8738
aux-v:う	w:か	1.0166
aux-v:う	w:から	0.3379
aux-v:う	w:が	-0.7355
aux-v:う	w:こと	0.1952
aux-v:う	w:した	-0.7011
aux-v:う	w:その	-1.0146
aux-v:う	w:ために	0.6212
aux-v:う	w:だ	-0.8823
aux-v:う	w:だろう	0.5181
aux-v:う	w:つもり	1.0034
aux-v:う	w:で	-1.0300
aux-v:う	w:と	2.0672
aux-v:う	w:という	0.7821
aux-v:う	w:とは	0.7802
aux-v:う	w:に	-1.4820
aux-v:う	w:の	-0.7869
aux-v:う	w:のに	0.6494
aux-v:う	w:は	-2.6556
aux-v:う	w:よ	1.5871
aux-v:う	w:ように	0.7902
aux-v:う	w:を	-2.0965
aux-v:え	BOUNDARY	0.1476
aux-v:え	exp	1.2448
aux-v:き	BOUNDARY	-0.6232
aux-v:き	adj-na	-0.7097
aux-v:き	adj-no	-0.9572
aux-v:き	adj-pn	-0.9156
aux-v:き	adv	-0.7867
aux-v:き	aux-v	-0.0877
aux-v:き	exp	0.3839
aux-v:き	n	-1.5103
aux-v:き	n-vs	-0.8015
aux-v:き	pn	-0.9171
aux-v:き	v1	-0.6017
aux-v:き	v5	0.7068
aux-v:き	v5:い	0.9940
aux-v:き	v5:た	0.2147
aux-v:き	v5:る	0.5437
aux-v:き	w:が	-0.6814
aux-v:き	w:そう	0.6604
aux-v:き	w:たい	3.0662
aux-v:き	w:だ	0.2765
aux-v:き	w:です	0.5220
aux-v:き	w:なさい	1.9319
aux-v:き	w:に	-0.4714
aux-v:き	w:の	0.7238
aux-v:き	w:は	-1.1751
aux-v:き	w:を	-0.8123
aux-v:く	BOUNDARY	-0.2074
aux-v:く	adj-i	-1.1099
aux-v:く	adj-i:い	-0.8780
aux-v:く	adj-na	0.1684
aux-v:く	adj-no	-0.6617
aux-v:く	adj-pn	-1.4151
aux-v:く	adv	0.3863
aux-v:く	aux-v	-0.5891
aux-v:く	aux-v:た	-0.1361
aux-v:く	conj	0.2236
aux-v:く	exp	-0.0254
aux-v:く	exp-adj	0.7148
aux-v:く	exp-adj:い	0.6850
aux-v:く	exp-v	0.3756
aux-v:く	exp-v:た	0.6864
aux-v:く	exp-v:る	0.2476
aux-v:く	n	-0.7296
aux-v:く	n-suf	1.3015
aux-v:く	n-vs	-0.0273
aux-v:く	pn	-1.5994
aux-v:く	suf	-0.2058
aux-v:く	v1	-0.9484
aux-v:く	v1:た	-0.5729
aux-v:く	v1:る	-0.6932
aux-v:く	v5	-1.4095
aux-v:く	v5:た	-0.9055
aux-v:く	v5:る	-0.6678
aux-v:く	w:か	0.3096
aux-v:く	w:が	-1.7312
aux-v:く	w:こと	1.8079
aux-v:く	w:その	-0.9886
aux-v:く	w:ために	0.8685
aux-v:く	w:だ	-0.8584
aux-v:く	w:だろう	0.5276
aux-v:く	w:つもり	1.9879
aux-v:く	w:で	-1.0038
aux-v:く	w:でしょう	0.5625
aux-v:く	w:と	1.2042
aux-v:く	w:ところ	1.3180
aux-v:く	w:な	0.7967
aux-v:く	w:なんて	0.6289
aux-v:く	w:に	-1.4478
aux-v:く	w:には	1.0878
aux-v:く	w:の	0.9641
aux-v:く	w:のだ	0.8180
aux-v:く	w:のです	0.5968
aux-v:く	w:のに	1.4756
aux-v:く	w:は	-2.6175
aux-v:く	w:べき	2.0369
aux-v:く	w:もの	0.8456
aux-v:く	w:よ	0.7246
aux-v:く	w:ように	1.1217
aux-v:く	w:よりも	0.6364
aux-v:く	w:を	-1.7241
aux-v:け	BOUNDARY	0.5487
aux-v:け	exp	0.6057
aux-v:け	n	-0.7235
aux-v:け	w:と	0.6877
aux-v:け	w:なさい	0.9385
aux-v:す	BOUNDARY	1.3977
aux-v:す	adj-i	-1.4225
aux-v:す	adj-i:い	-1.1556
aux-v:す	adj-na	-1.3134
aux-v:す	adj-no	-2.2669
aux-v:す	adj-pn	-1.9598
aux-v:す	adv	-2.0354
aux-v:す	aux-v	-1.9028
aux-v:す	aux-v:た	-0.9724
aux-v:す	exp	-1.4217
aux-v:す	exp-v	-0.9482
aux-v:す	n	-3.2740
aux-v:す	n-suf	-1.1388
aux-v:す	n-vs	-2.2649
aux-v:す	pn	-1.9620
aux-v:す	suf	-1.0559
aux-v:す	v1	-1.7655
aux-v:す	v1:た	-1.0100
aux-v:す	v1:る	-0.9352
aux-v:す	v5	-2.5945
aux-v:す	v5:た	-1.5708
aux-v:す	v5:て	-0.9193
aux-v:す	v5:る	-1.1229
aux-v:す	w:か	3.3089
aux-v:す	w:から	0.1758
aux-v:す	w:が	-1.1477
aux-v:す	w:こと	-0.7127
aux-v:す	w:この	-0.8064
aux-v:す	w:した	-0.9199
aux-v:す	w:する	-0.7852
aux-v:す	w:その	-1.2842
aux-v:す	w:だ	-1.1326
aux-v:す	w:で	-1.3016
aux-v:す	w:です	-0.8078
aux-v:す	w:と	-1.0809
aux-v:す	w:に	-2.1597
aux-v:す	w:には	-0.7226
aux-v:す	w:ね	0.7000
aux-v:す	w:の	-1.4227
aux-v:す	w:は	-3.0280
aux-v:す	w:べき	0.8175
aux-v:す	w:よ	1.5477
aux-v:す	w:ように	0.5518
aux-v:す	w:を	-2.4512
aux-v:ず	BOUNDARY	0.2543
aux-v:ず	n	-0.2331
aux-v:ず	w:に	1.4896
aux-v:せ	BOUNDARY	-0.7508
aux-v:せ	aux-v	0.5337
aux-v:せ	exp	0.7396
aux-v:せ	v5	0.5567
aux-v:せ	v5:た	0.5839
aux-v:せ	w:たい	0.6855
aux-v:せ	w:なさい	0.6808
aux-v:た	BOUNDARY	1.5499
aux-v:た	adj-i	-1.8009
aux-v:た	adj-i:い	-1.4680
aux-v:た	adj-i:く	-1.1816
aux-v:た	adj-na	-2.2930
aux-v:た	adj-no	-1.3228
aux-v:た	adj-pn	-3.1146
aux-v:た	adv	-1.6298
aux-v:た	aux-v	-3.0510
aux-v:た	aux-v:い	-0.8420
aux-v:た	aux-v:う	-0.7452
aux-v:た	aux-v:く	-0.7239
aux-v:た	aux-v:す	-0.9724
aux-v:た	aux-v:た	-1.9175
aux-v:た	aux-v:て	-1.1716
aux-v:た	aux-v:る	-1.4941
aux-v:た	aux-v:ん	-0.7014
aux-v:た	conj	-0.7593
aux-v:た	ctr	-1.0076
aux-v:た	exp	-1.4525
aux-v:た	exp-adj	1.6359
aux-v:た	exp-adj:い	1.7977
aux-v:た	exp-adj:た	0.5683
aux-v:た	exp-v	0.6112
aux-v:た	exp-v:す	1.7336
aux-v:た	exp-v:た	-0.5116
aux-v:た	exp-v:て	-0.8812
aux-v:た	exp-v:る	0.9391
aux-v:た	exp-v:ん	0.5978
aux-v:た	n	-1.6983
aux-v:た	n-suf	-0.8886
aux-v:た	n-vs	-2.7557
aux-v:た	pn	-2.7805
aux-v:た	pref	-0.7156
aux-v:た	prt	0.3718
aux-v:た	suf	-0.3440
aux-v:た	v1	-2.8960
aux-v:た	v1:た	-1.9688
aux-v:た	v1:て	-1.3213
aux-v:た	v1:る	-1.8661
aux-v:た	v5	-3.8008
aux-v:た	v5:い	-1.2940
aux-v:た	v5:う	-1.3745
aux-v:た	v5:く	-0.8321
aux-v:た	v5:す	-1.4998
aux-v:た	v5:た	-2.6708
aux-v:た	v5:だ	-0.8530
aux-v:た	v5:て	-1.8440
aux-v:た	v5:る	-2.1187
aux-v:た	w:あなた	-1.1894
aux-v:た	w:ある	-1.2097
aux-v:た	w:か	1.6269
aux-v:た	w:から	-0.3527
aux-v:た	w:が	-0.8048
aux-v:た	w:ください	-0.7810
aux-v:た	w:こと	0.7397
aux-v:た	w:この	-1.6820
aux-v:た	w:し	-0.1260
aux-v:た	w:した	-1.8448
aux-v:た	w:して	-1.2241
aux-v:た	w:している	-0.9920
aux-v:た	w:する	-1.6507
aux-v:た	w:その	-2.3242
aux-v:た	w:それ	-1.0365
aux-v:た	w:だ	-2.1314
aux-v:た	w:だけ	0.7125
aux-v:た	w:だった	-1.0840
aux-v:た	w:だろう	0.1969
aux-v:た	w:で	-2.3460
aux-v:た	w:である	-1.0931
aux-v:た	w:です	-1.6840
aux-v:た	w:ですか	-0.9249
aux-v:た	w:と	-0.6117
aux-v:た	w:とき	1.4660
aux-v:た	w:ところ	1.0506
aux-v:た	w:とても	-0.7933
aux-v:た	w:ない	-0.7957
aux-v:た	w:なさい	-0.8967
aux-v:た	w:に	-2.7469
aux-v:た	w:には	-1.5562
aux-v:た	w:ね	0.5742
aux-v:た	w:の	-0.2901
aux-v:た	w:のだ	1.0009
aux-v:た	w:ので	1.2614
aux-v:た	w:のです	1.6306
aux-v:た	w:のに	0.2975
aux-v:た	w:は	-4.2540
aux-v:た	w:へ	-0.9915
aux-v:た	w:まで	-0.8090
aux-v:た	w:も	-1.4889
aux-v:た	w:もの	1.2957
aux-v:た	w:よ	0.7818
aux-v:た	w:よう	0.4306
aux-v:た	w:を	-3.6487
aux-v:た	w:ん	1.1459
aux-v:た	w:んだ	0.9919
aux-v:た	w:んです	1.0786
aux-v:だ	BOUNDARY	1.1951
aux-v:て	BOUNDARY	-0.3374
aux-v:て	adj-i	0.1954
aux-v:て	adj-i:い	0.1529
aux-v:て	adj-i:た	0.6070
aux-v:て	adj-na	-0.4667
aux-v:て	adj-no	-0.7512
aux-v:て	adj-pn	-0.6997
aux-v:て	adv	-0.2760
aux-v:て	aux-adj	1.1313
aux-v:て	aux-adj:い	1.1679
aux-v:て	aux-v	2.0441
aux-v:て	aux-v:い	1.8517
aux-v:て	aux-v:う	1.6741
aux-v:て	aux-v:き	0.5490
aux-v:て	aux-v:く	1.3808
aux-v:て	aux-v:す	1.8134
aux-v:て	aux-v:た	1.2263
aux-v:て	aux-v:て	1.3563
aux-v:て	aux-v:る	1.0121
aux-v:て	aux-v:れ	1.6776
aux-v:て	aux-v:ん	1.8453
aux-v:て	conj	-0.6314
aux-v:て	ctr	-0.3621
aux-v:て	exp	1.0195
aux-v:て	exp-adj	-0.5997
aux-v:て	exp-v	-0.4931
aux-v:て	exp-v:た	-0.1313
aux-v:て	exp-v:る	-0.5955
aux-v:て	int	1.8870
aux-v:て	n	-1.1339
aux-v:て	n-suf	-0.5968
aux-v:て	n-vs	-0.3662
aux-v:て	pn	-1.0042
aux-v:て	prt	-0.6316
aux-v:て	suf	-0.9275
aux-v:て	v1	-0.5416
aux-v:て	v1:た	-0.2578
aux-v:て	v1:て	-0.2501
aux-v:て	v1:る	-0.7938
aux-v:て	v5	-0.0810
aux-v:て	v5:い	-0.5188
aux-v:て	v5:う	0.0308
aux-v:て	v5:す	-0.3784
aux-v:て	v5:た	0.1275
aux-v:て	v5:だ	0.5389
aux-v:て	v5:て	-0.4194
aux-v:て	v5:る	-0.3078
aux-v:て	w:あなた	-0.7557
aux-v:て	w:いい	1.1721
aux-v:て	w:いる	0.5586
aux-v:て	w:か	-1.1665
aux-v:て	w:から	1.1537
aux-v:て	w:が	-2.1919
aux-v:て	w:きた	1.9919
aux-v:て	w:ください	2.9789
aux-v:て	w:くれた	1.9540
aux-v:て	w:くれる	1.3684
aux-v:て	w:こと	-1.0854
aux-v:て	w:この	-0.6491
aux-v:て	w:した	-1.1133
aux-v:て	w:しまった	2.5359
aux-v:て	w:する	-0.9616
aux-v:て	w:その	-0.9246
aux-v:て	w:だ	-1.3481
aux-v:て	w:で	-1.5313
aux-v:て	w:です	-0.9872
aux-v:て	w:と	-1.1534
aux-v:て	w:に	-1.9626
aux-v:て	w:には	-0.7079
aux-v:て	w:ね	0.8914
aux-v:て	w:の	-1.9873
aux-v:て	w:は	-0.6378
aux-v:て	w:も	2.6919
aux-v:て	w:よい	0.6411
aux-v:て	w:を	-2.7319
aux-v:で	BOUNDARY	0.3177
aux-v:で	aux-v	1.3765
aux-v:で	aux-v:た	0.6375
aux-v:で	aux-v:れ	1.2721
aux-v:で	exp	0.6404
aux-v:で	n	-0.4696
aux-v:で	v5	-0.0126
aux-v:で	w:ください	1.2482
aux-v:で	w:は	-0.8988
aux-v:で	w:よ	0.6259
aux-v:で	w:を	-0.7181
aux-v:ぬ	BOUNDARY	0.5408
aux-v:ば	BOUNDARY	0.8171
aux-v:ば	adj-i	1.1786
aux-v:ば	adj-i:い	0.4426
aux-v:ば	adj-i:た	1.5009
aux-v:ば	adj-na	0.8555
aux-v:ば	adj-no	-0.3429
aux-v:ば	adj-pn	0.0416
aux-v:ば	adv	0.1088
aux-v:ば	aux-v	-0.4263
aux-v:ば	exp	-0.0322
aux-v:ば	n	-0.3215
aux-v:ば	n-vs	-0.2672
aux-v:ば	pn	-0.4709
aux-v:ば	v1	-0.9131
aux-v:ば	v5	-0.4087
aux-v:ば	v5:た	-0.5940
aux-v:ば	w:いい	2.0725
aux-v:ば	w:が	-1.1678
aux-v:ば	w:その	0.3654
aux-v:ば	w:に	-1.2124
aux-v:ば	w:の	-1.3239
aux-v:ば	w:は	-1.9535
aux-v:ば	w:よい	1.5103
aux-v:ば	w:を	-1.4504
aux-v:ぶ	w:の	0.9118
aux-v:む	BOUNDARY	0.6716
aux-v:よ	BOUNDARY	1.0857
aux-v:ら	BOUNDARY	0.8520
aux-v:ら	adj-i	0.6879
aux-v:ら	adj-i:い	0.2487
aux-v:ら	adj-i:た	0.8987
aux-v:ら	adj-na	-0.1454
aux-v:ら	adj-no	-0.1411
aux-v:ら	adj-pn	-0.6067
aux-v:ら	adv	-0.0420
aux-v:ら	aux-v	-0.4330
aux-v:ら	exp	0.0713
aux-v:ら	n	-0.6334
aux-v:ら	n-vs	-0.1396
aux-v:ら	pn	-0.1563
aux-v:ら	prt	0.8156
aux-v:ら	v1	0.0664
aux-v:ら	v1:て	0.6059
aux-v:ら	v5	-0.2080
aux-v:ら	w:いい	1.6198
aux-v:ら	w:が	-1.0472
aux-v:ら	w:すぐに	1.0624
aux-v:ら	w:どう	1.6152
aux-v:ら	w:に	-1.0893
aux-v:ら	w:の	-1.1949
aux-v:ら	w:は	-1.8009
aux-v:ら	w:よい	1.4327
aux-v:ら	w:を	-1.3154
aux-v:り	BOUNDARY	0.1642
aux-v:り	adj-no	-0.6049
aux-v:り	adv	0.0402
aux-v:り	aux-v	0.8996
aux-v:り	aux-v:る	0.8284
aux-v:り	n	-1.3257
aux-v:り	n-vs	-0.4495
aux-v:り	prt	0.5723
aux-v:り	v5	0.4363
aux-v:り	v5:た	0.6750
aux-v:り	w:たい	1.3004
aux-v:り	w:なさい	1.7364
aux-v:り	w:に	0.0651
aux-v:り	w:の	-0.1132
aux-v:り	w:は	-0.6207
aux-v:り	w:を	-0.0277
aux-v:る	BOUNDARY	0.7060
aux-v:る	adj-i	-2.0301
aux-v:る	adj-i:い	-1.7179
aux-v:る	adj-i:く	-0.8524
aux-v:る	adj-na	-0.5636
aux-v:る	adj-no	-0.9797
aux-v:る	adj-pn	-2.6258
aux-v:る	adv	-1.0978
aux-v:る	aux	0.7511
aux-v:る	aux-v	-2.5641
aux-v:る	aux-v:た	-1.4941
aux-v:る	aux-v:て	-0.8442
aux-v:る	aux-v:る	-1.1175
aux-v:る	aux:ず	0.8194
aux-v:る	conj	-0.2930
aux-v:る	cop	0.6420
aux-v:る	cop:だ	0.7512
aux-v:る	ctr	-0.9209
aux-v:る	exp	0.6666
aux-v:る	exp-adj	-0.3506
aux-v:る	exp-adj:い	-0.1562
aux-v:る	exp-v	0.7962
aux-v:る	exp-v:い	0.3839
aux-v:る	exp-v:し	0.6145
aux-v:る	exp-v:す	0.6682
aux-v:る	exp-v:た	0.8228
aux-v:る	exp-v:る	0.8782
aux-v:る	n	-0.9909
aux-v:る	n-suf	0.1150
aux-v:る	n-vs	-1.6167
aux-v:る	pn	-2.4458
aux-v:る	pref	-0.7465
aux-v:る	prt	0.9464
aux-v:る	suf	-0.0287
aux-v:る	v1	-2.4143
aux-v:る	v1:た	-1.5409
aux-v:る	v1:て	-0.9694
aux-v:る	v1:る	-1.4475
aux-v:る	v5	-3.2973
aux-v:る	v5:い	-0.9463
aux-v:る	v5:う	-1.0146
aux-v:る	v5:す	-1.1225
aux-v:る	v5:た	-2.1981
aux-v:る	v5:て	-1.4275
aux-v:る	v5:る	-1.6786
aux-v:る	w:あなた	-1.0122
aux-v:る	w:ある	-0.8757
aux-v:る	w:か	0.7309
aux-v:る	w:から	0.0774
aux-v:る	w:が	-1.7501
aux-v:る	w:こと	1.8222
aux-v:る	w:この	-1.2825
aux-v:る	w:した	-1.4283
aux-v:る	w:して	-0.8877
aux-v:る	w:している	-0.6982
aux-v:る	w:する	-1.2547
aux-v:る	w:その	-1.6877
aux-v:る	w:それ	-0.7339
aux-v:る	w:ため	0.8206
aux-v:る	w:ために	1.4062
aux-v:る	w:だ	-1.6903
aux-v:る	w:だけ	1.3621
aux-v:る	w:だった	-0.7724
aux-v:る	w:だろう	2.6617
aux-v:る	w:つもり	1.6745
aux-v:る	w:で	-1.8904
aux-v:る	w:である	-0.7797
aux-v:る	w:でしょう	2.1753
aux-v:る	w:です	-1.2842
aux-v:る	w:と	2.0463
aux-v:る	w:という	0.5219
aux-v:る	w:とき	0.6778
aux-v:る	w:ところ	0.8238
aux-v:る	w:とは	0.6040
aux-v:る	w:な	0.7794
aux-v:る	w:なら	0.5569
aux-v:る	w:なんて	0.5932
aux-v:る	w:に	-1.9645
aux-v:る	w:には	-0.2161
aux-v:る	w:ね	0.3982
aux-v:る	w:の	0.6921
aux-v:る	w:のだ	0.5172
aux-v:る	w:ので	0.4532
aux-v:る	w:のです	0.3525
aux-v:る	w:のに	1.9000
aux-v:る	w:は	-3.7450
aux-v:る	w:へ	-0.6978
aux-v:る	w:べき	2.2306
aux-v:る	w:ほど	0.6964
aux-v:る	w:まで	1.4734
aux-v:る	w:も	-1.1130
aux-v:る	w:もの	0.9486
aux-v:る	w:よ	1.3555
aux-v:る	w:よう	1.1165
aux-v:る	w:ような	0.5749
aux-v:る	w:ように	1.7293
aux-v:る	w:より	0.3430
aux-v:る	w:を	-3.1476
aux-v:る	w:ん	1.1530
aux-v:る	w:んです	0.8692
aux-v:れ	BOUNDARY	1.2363
aux-v:れ	adj-i	0.2211
aux-v:れ	adj-i:い	0.3446
aux-v:れ	adj-no	-0.7951
aux-v:れ	adj-pn	-0.7741
aux-v:れ	adv	-0.8222
aux-v:れ	aux	0.6477
aux-v:れ	aux-v	-0.0456
aux-v:れ	exp	0.4462
aux-v:れ	n	-1.4335
aux-v:れ	n-vs	-0.7938
aux-v:れ	pn	-0.7755
aux-v:れ	v5	-0.5231
aux-v:れ	w:が	-0.8664
aux-v:れ	w:と	1.6053
aux-v:れ	w:に	-0.9041
aux-v:れ	w:の	-0.9993
aux-v:れ	w:は	-1.3794
aux-v:れ	w:よ	1.3554
aux-v:れ	w:を	-1.1091
aux-v:ろ	BOUNDARY	1.0031
aux-v:ん	BOUNDARY	1.2812
aux-v:ん	adj-i	-1.0805
aux-v:ん	adj-i:い	-0.8525
aux-v:ん	adj-na	-1.2812
aux-v:ん	adj-no	-1.8482
aux-v:ん	adj-pn	-1.5625
aux-v:ん	adv	-1.6323
aux-v:ん	aux-v	-1.5102
aux-v:ん	aux-v:た	-0.7014
aux-v:ん	exp	-0.9085
aux-v:ん	exp-v	-1.0768
aux-v:ん	n	-2.8163
aux-v:ん	n-suf	-0.9929
aux-v:ん	n-vs	-1.8464
aux-v:ん	pn	-1.5645
aux-v:ん	suf	-0.7697
aux-v:ん	v1	-1.3852
aux-v:ん	v1:た	-0.7321
aux-v:ん	v5	-2.1589
aux-v:ん	v5:た	-1.2108
aux-v:ん	v5:る	-0.8252
aux-v:ん	w:か	3.4294
aux-v:ん	w:が	-1.1074
aux-v:ん	w:その	-0.9612
aux-v:ん	w:だ	-0.8333
aux-v:ん	w:で	-0.9762
aux-v:ん	w:と	-0.9434
aux-v:ん	w:に	-1.7478
aux-v:ん	w:ね	0.6230
aux-v:ん	w:の	-1.8776
aux-v:ん	w:は	-2.5767
aux-v:ん	w:よ	0.9204
aux-v:ん	w:を	-2.0223
aux:い	BOUNDARY	0.5168
aux:い	w:が	0.5106
aux:い	w:と	1.0949
aux:う	BOUNDARY	0.4290
aux:す	BOUNDARY	1.3353
aux:す	n	-1.0335
aux:す	w:か	1.3251
aux:す	w:は	-0.8757
aux:ず	BOUNDARY	-1.1559
aux:ず	n	-0.9158
aux:ず	w:だ	2.0348
aux:ず	w:です	1.1530
aux:ず	w:は	0.2599
aux:だ	BOUNDARY	1.2399
aux:だ	n	-1.2640
aux:だ	prt	0.7868
aux:だ	v5	-0.8056
aux:だ	w:から	1.4875
aux:だ	w:が	0.1516
aux:だ	w:と	0.4672
aux:だ	w:は	-1.0865
aux:だ	w:よ	0.8877
aux:だ	w:を	-0.7224
aux:ば	BOUNDARY	1.2001
aux:ば	adj-i	0.6794
aux:ば	adj-i:た	1.0617
aux:ば	adj-no	-0.3005
aux:ば	adj-pn	-0.6976
aux:ば	adv	-0.2725
aux:ば	exp	0.2908
aux:ば	n	-0.2633
aux:ば	n-vs	-0.0115
aux:ば	pn	-0.1110
aux:ば	v5	-0.6451
aux:ば	w:いい	0.9122
aux:ば	w:が	-0.7839
aux:ば	w:に	-0.8192
aux:ば	w:の	-0.9089
aux:ば	w:は	-1.4474
aux:ば	w:を	-1.0130
aux:ゃ	BOUNDARY	0.5718
aux:ら	v5	0.7707
aux:ら	v5:だ	0.8692
aux:れ	BOUNDARY	-0.5870
aux:れ	n	-0.9323
aux:れ	w:が	0.4267
aux:れ	w:は	1.4347
aux:れ	w:より	0.6811
aux:れ	w:よりも	0.7830
conj	BOUNDARY	0.5030
conj	adj-i	0.5016
conj	adj-i:い	0.4544
conj	adj-i:く	0.6599
conj	adj-na	0.4701
conj	adj-no	0.0523
conj	adj-pn	-0.0420
conj	adv	0.3084
conj	aux-v	0.1104
conj	aux-v:た	0.1962
conj	aux-v:て	0.0618
conj	aux-v:る	0.2536
conj	conj	-0.1706
conj	ctr	-0.3743
conj	exp	0.2231
conj	exp-adj	-0.2206
conj	exp-adj:い	-0.2310
conj	exp-v	0.0498
conj	exp-v:た	-0.2701
conj	exp-v:て	0.1068
conj	exp-v:る	0.2768
conj	n	0.0454
conj	n-suf	-0.7687
conj	n-vs	0.2086
conj	num	0.3462
conj	pn	0.0320
conj	pref	-0.3819
conj	prt	-0.2579
conj	suf	-0.0728
conj	v1	-0.2857
conj	v1:た	-0.1123
conj	v1:て	-0.4662
conj	v1:る	-0.3078
conj	v5	0.1357
conj	v5:い	0.4214
conj	v5:う	0.5012
conj	v5:く	0.4802
conj	v5:す	0.1946
conj	v5:た	-0.0961
conj	v5:て	-0.0517
conj	v5:る	-0.1533
conj	v5:ん	0.5479
conj	w:あなた	0.2456
conj	w:ある	-0.2567
conj	w:お	0.5021
conj	w:か	-1.4467
conj	w:から	-0.5170
conj	w:が	-1.9407
conj	w:きた	0.4043
conj	w:ここ	0.4661
conj	w:こと	-1.3563
conj	w:この	-0.2882
conj	w:した	-1.3875
conj	w:して	-0.8562
conj	w:しまった	1.3722
conj	w:する	-0.8799
conj	w:その	0.0318
conj	w:それ	0.5177
conj	w:そんな	0.4634
conj	w:だ	0.1781
conj	w:だった	-0.1559
conj	w:で	0.6402
conj	w:である	-0.4144
conj	w:です	-0.0823
conj	w:と	-1.4637
conj	w:に	0.3376
conj	w:には	0.3005
conj	w:ね	0.4984
conj	w:の	0.0400
conj	w:は	-1.3699
conj	w:も	1.0747
conj	w:よ	-0.8744
conj	w:よい	0.6276
conj	w:を	-1.6143
cop	BOUNDARY	1.4513
cop	adj-na	-0.2861
cop	adj-no	-1.2010
cop	adj-pn	-0.9701
cop	adv	-1.0253
cop	aux-v	-0.5927
cop	exp	-0.6462
cop	n	-1.3645
cop	n-vs	-1.0172
cop	pn	-0.7893
cop	prt	0.7330
cop	v1	-0.8335
cop	v5	-0.9952
cop	v5:た	-0.7049
cop	w:が	-0.6057
cop	w:に	-0.9361
cop	w:ね	0.7132
cop	w:の	-0.1269
cop	w:は	-1.5009
cop	w:も	0.5564
cop	w:よ	0.9904
cop	w:ように	0.6239
cop	w:を	-1.3475
cop:す	BOUNDARY	0.5225
cop:す	w:ように	0.6901
cop:た	BOUNDARY	0.5524
cop:だ	BOUNDARY	1.6180
cop:だ	adj-no	-0.7742
cop:だ	n	-1.4894
cop:だ	n-vs	-0.7730
cop:だ	prt	0.7574
cop:だ	v5	-0.9837
cop:だ	w:に	-0.7111
cop:だ	w:ね	0.7499
cop:だ	w:の	-0.7931
cop:だ	w:は	-1.2964
cop:だ	w:を	-0.8890
cop:て	BOUNDARY	0.4570
cop:て	w:も	0.7782
cop:ゃ	BOUNDARY	0.6782
cop:ら	BOUNDARY	0.8317
cop:り	BOUNDARY	1.0847
cop:る	BOUNDARY	-0.5395
cop:る	w:の	0.7270
cop:る	w:よ	1.0097
cop:れ	BOUNDARY	0.6835
ctr	BOUNDARY	-1.3574
ctr	adj-i	-1.2232
ctr	adj-i:い	-1.1127
ctr	adj-i:く	-0.6579
ctr	adj-na	-2.0850
ctr	adj-no	0.3696
ctr	adj-pn	-2.6061
ctr	adv	-1.2058
ctr	aux-v	-0.7866
ctr	aux-v:た	-0.3790
ctr	aux-v:て	-0.8321
ctr	aux-v:る	-0.6332
ctr	conj	1.3121
ctr	ctr	-1.0891
ctr	exp	-0.5950
ctr	exp-adj	-0.4423
ctr	exp-adj:い	-0.3672
ctr	exp-v	-0.9081
ctr	exp-v:た	-0.8977
ctr	exp-v:る	-0.5550
ctr	n	-1.9476
ctr	n-suf	-1.4251
ctr	n-vs	-1.9760
ctr	pn	-2.1384
ctr	pref	-0.2653
ctr	prt	0.4139
ctr	suf	-0.2453
ctr	v1	-1.1140
ctr	v1:た	-0.9364
ctr	v1:て	-0.4862
ctr	v1:る	-0.9613
ctr	v5	-0.6667
ctr	v5:い	-0.5969
ctr	v5:う	-1.0010
ctr	v5:す	-0.2327
ctr	v5:た	-0.8442
ctr	v5:て	-0.2482
ctr	v5:る	-0.3804
ctr	w:あなた	-0.9987
ctr	w:ある	-0.6810
ctr	w:か	0.1375
ctr	w:から	1.0965
ctr	w:が	0.8565
ctr	w:こと	-1.3807
ctr	w:この	-1.2671
ctr	w:した	-1.0757
ctr	w:して	-0.8752
ctr	w:する	-1.2396
ctr	w:その	-1.8521
ctr	w:それ	-0.7229
ctr	w:だ	0.5887
ctr	w:だった	0.2686
ctr	w:で	1.7652
ctr	w:である	0.1872
ctr	w:です	0.7052
ctr	w:ではない	0.3983
ctr	w:と	-0.5467
ctr	w:という	0.4315
ctr	w:に	1.2054
ctr	w:には	0.4917
ctr	w:の	1.2381
ctr	w:は	-0.0155
ctr	w:へ	1.5100
ctr	w:まで	2.2874
ctr	w:も	0.9807
ctr	w:よ	-0.8937
ctr	w:を	1.2964
exp	BOUNDARY	0.7053
exp	adj-f	-0.2044
exp	adj-i	0.4020
exp	adj-i:い	0.1852
exp	adj-i:く	0.9164
exp	adj-i:た	0.1792
exp	adj-na	0.0143
exp	adj-no	-0.6601
exp	adj-pn	-0.6245
exp	adv	-0.7835
exp	aux	-0.2235
exp	aux-adj	-0.4732
exp	aux-adj:い	-0.2811
exp	aux-v	-0.1059
exp	aux-v:い	0.0681
exp	aux-v:う	-0.6544
exp	aux-v:き	-0.4427
exp	aux-v:く	0.1978
exp	aux-v:す	0.5242
exp	aux-v:た	-0.2065
exp	aux-v:て	0.0639
exp	aux-v:で	0.7094
exp	aux-v:ば	0.1219
exp	aux-v:ら	-0.0157
exp	aux-v:る	-0.5816
exp	aux-v:ん	-0.4230
exp	conj	-1.0761
exp	cop	-0.3585
exp	ctr	-1.3572
exp	exp	-0.6187
exp	exp-adj	-0.2257
exp	exp-adj:い	-0.1988
exp	exp-adj:く	-0.3218
exp	exp-adj:た	0.0706
exp	exp-v	-0.1441
exp	exp-v:い	-0.0660
exp	exp-v:う	0.3099
exp	exp-v:す	0.1922
exp	exp-v:た	-0.1997
exp	exp-v:て	-0.4718
exp	exp-v:る	-0.1939
exp	exp-v:ん	0.2148
exp	int	-0.4306
exp	n	-0.6234
exp	n-pref	-0.1872
exp	n-suf	-0.8771
exp	n-vs	-0.1954
exp	num	-0.8100
exp	pn	-0.7317
exp	pref	-0.9074
exp	prt	0.2672
exp	suf	-0.4941
exp	v1	-0.0595
exp	v1:い	0.6776
exp	v1:す	0.2637
exp	v1:た	-0.2632
exp	v1:て	-0.2832
exp	v1:る	-0.0962
exp	v1:ん	0.3757
exp	v5	0.0939
exp	v5:い	1.1140
exp	v5:う	-0.2628
exp	v5:く	0.0427
exp	v5:し	0.1374
exp	v5:す	0.2682
exp	v5:ず	0.5716
exp	v5:た	-0.1814
exp	v5:だ	-0.1143
exp	v5:つ	-0.2058
exp	v5:て	0.1280
exp	v5:で	-0.2598
exp	v5:ば	0.1982
exp	v5:む	-0.6040
exp	v5:ら	-0.1223
exp	v5:り	0.1658
exp	v5:る	-0.0925
exp	v5:ん	0.6899
exp	vs-i	-1.0536
exp	vs-i:る	-0.7140
exp	w:あった	-0.7702
exp	w:あなた	-0.2069
exp	w:あの	-0.4725
exp	w:あります	0.1585
exp	w:ある	-0.8999
exp	w:いい	0.1570
exp	w:いう	-0.7573
exp	w:いつも	-0.7666
exp	w:いる	-0.1318
exp	w:お	0.5507
exp	w:か	-0.0955
exp	w:から	0.2441
exp	w:が	-0.0235
exp	w:きた	-1.0059
exp	w:ください	-0.5389
exp	w:くれた	-0.8754
exp	w:ここ	-0.2566
exp	w:こと	-0.6881
exp	w:この	-0.5951
exp	w:これ	-0.9871
exp	w:さ	-0.0879
exp	w:された	-0.9029
exp	w:さん	-0.8112
exp	w:し	0.0201
exp	w:した	-1.4205
exp	w:して	0.3527
exp	w:していた	-0.4781
exp	w:している	-1.6019
exp	w:しない	-0.5933
exp	w:します	0.1187
exp	w:しまった	-1.0686
exp	w:すぐに	-0.1193
exp	w:する	-0.3052
exp	w:ずっと	0.6583
exp	w:そう	-0.5374
exp	w:そこ	0.1444
exp	w:その	-0.4391
exp	w:それ	0.4992
exp	w:そんな	-0.2611
exp	w:たい	0.7153
exp	w:たくさん	-0.1823
exp	w:たち	0.1190
exp	w:ため	-0.7610
exp	w:ために	-1.3319
exp	w:だ	0.8522
exp	w:だけ	-0.0771
exp	w:だった	0.2240
exp	w:だろう	0.1959
exp	w:つもり	-0.9281
exp	w:で	0.2253
exp	w:である	0.1636
exp	w:できない	-0.0531
exp	w:できる	0.0460
exp	w:でした	-0.2324
exp	w:でしょう	0.1097
exp	w:です	0.5608
exp	w:ですか	0.5673
exp	w:ではない	0.4275
exp	w:でも	-0.3789
exp	w:と	-0.2859
exp	w:という	-0.1272
exp	w:とき	-0.6512
exp	w:ところ	-0.9103
exp	w:とても	-0.4823
exp	w:とは	-0.4581
exp	w:どう	-0.5241
exp	w:どこ	-0.8981
exp	w:な	0.2482
exp	w:ない	-1.0454
exp	w:なさい	0.9971
exp	w:なら	-0.1302
exp	w:なんて	-0.2517
exp	w:に	0.5982
exp	w:について	-0.3555
exp	w:になった	-0.2958
exp	w:には	0.1166
exp	w:にも	0.2853
exp	w:ね	0.7177
exp	w:の	-0.0143
exp	w:のだ	0.4340
exp	w:ので	-0.7422
exp	w:のです	0.0068
exp	w:のに	-0.4962
exp	w:は	-0.4081
exp	w:へ	0.5388
exp	w:べき	-0.9266
exp	w:ほとんど	-0.1584
exp	w:ほど	-0.2034
exp	w:まだ	-0.2002
exp	w:まで	0.4673
exp	w:みんな	-0.1415
exp	w:も	0.6154
exp	w:もう	-1.1515
exp	w:もし	-0.6965
exp	w:もっと	-0.3602
exp	w:もの	-0.3353
exp	w:よ	0.3251
exp	w:よい	0.7853
exp	w:ような	-0.1860
exp	w:ように	-1.1402
exp	w:よく	-0.0009
exp	w:より	-0.5296
exp	w:を	-0.4018
exp	w:んだ	0.2432
exp-adj	BOUNDARY	1.3801
exp-adj	adj-i	-0.9784
exp-adj	adj-i:い	-0.8388
exp-adj	adj-i:く	-0.7899
exp-adj	adj-na	-1.0236
exp-adj	adj-no	-1.4132
exp-adj	adj-pn	-1.2417
exp-adj	adv	-1.3797
exp-adj	aux-v	-0.3097
exp-adj	aux-v:た	-0.1849
exp-adj	aux-v:て	-0.0889
exp-adj	aux-v:る	0.4378
exp-adj	conj	-0.3159
exp-adj	ctr	-0.6936
exp-adj	exp	-0.2770
exp-adj	exp-adj	-0.6364
exp-adj	exp-adj:い	-0.6046
exp-adj	exp-v	-0.6481
exp-adj	exp-v:た	-1.0213
exp-adj	exp-v:る	0.0616
exp-adj	n	-0.8619
exp-adj	n-suf	-0.4839
exp-adj	n-vs	-1.0544
exp-adj	pn	-0.9989
exp-adj	prt	0.9076
exp-adj	suf	0.1002
exp-adj	v1	-1.4377
exp-adj	v1:た	-1.2719
exp-adj	v1:て	-0.9016
exp-adj	v1:る	-0.7755
exp-adj	v5	-1.5806
exp-adj	v5:い	-0.8795
exp-adj	v5:う	-0.9449
exp-adj	v5:く	0.1677
exp-adj	v5:す	-0.5786
exp-adj	v5:た	-1.4064
exp-adj	v5:て	-1.1615
exp-adj	v5:る	-1.2523
exp-adj	w:あなた	-0.3548
exp-adj	w:ある	-0.8121
exp-adj	w:か	0.2456
exp-adj	w:から	0.1474
exp-adj	w:が	-1.1068
exp-adj	w:こと	0.6321
exp-adj	w:この	-1.2031
exp-adj	w:した	-1.3446
exp-adj	w:して	-0.8235
exp-adj	w:する	-1.1762
exp-adj	w:その	-0.9010
exp-adj	w:だ	-1.6003
exp-adj	w:だった	-0.7139
exp-adj	w:だろう	1.0244
exp-adj	w:で	-1.7965
exp-adj	w:である	-0.7209
exp-adj	w:でしょう	0.8225
exp-adj	w:です	1.0570
exp-adj	w:ですか	0.6875
exp-adj	w:と	0.5894
exp-adj	w:という	0.6339
exp-adj	w:とき	1.0663
exp-adj	w:な	0.5497
exp-adj	w:に	-2.3988
exp-adj	w:には	-1.0959
exp-adj	w:ね	0.8986
exp-adj	w:の	-0.6839
exp-adj	w:ので	0.8753
exp-adj	w:のです	1.0470
exp-adj	w:のに	0.7504
exp-adj	w:は	-3.6362
exp-adj	w:ほど	0.5537
exp-adj	w:も	-0.7030
exp-adj	w:もの	0.3471
exp-adj	w:よ	2.1032
exp-adj	w:を	-3.0410
exp-adj	w:ん	0.7912
exp-adj	w:んだ	0.9014
exp-adj	w:んです	0.6438
exp-adj:い	BOUNDARY	1.4073
exp-adj:い	adj-i	-1.6682
exp-adj:い	adj-i:い	-1.3799
exp-adj:い	adj-na	-1.9095
exp-adj:い	adj-no	-1.7628
exp-adj:い	adj-pn	-2.2338
exp-adj:い	adv	-1.8423
exp-adj:い	aux-v	-2.1745
exp-adj:い	aux-v:た	-1.1779
exp-adj:い	aux-v:る	-0.8493
exp-adj:い	conj	-0.6364
exp-adj:い	ctr	-0.5007
exp-adj:い	exp	-0.0219
exp-adj:い	exp-adj	-0.4505
exp-adj:い	exp-v	-1.0758
exp-adj:い	exp-v:た	-0.8295
exp-adj:い	exp-v:る	-0.4462
exp-adj:い	n	-1.3571
exp-adj:い	n-suf	-0.3356
exp-adj:い	n-vs	-1.4506
exp-adj:い	pn	-1.6483
exp-adj:い	prt	1.0681
exp-adj:い	suf	0.2982
exp-adj:い	v1	-2.0311
exp-adj:い	v1:た	-1.2197
exp-adj:い	v1:て	-0.7248
exp-adj:い	v1:る	-1.1364
exp-adj:い	v5	-2.8868
exp-adj:い	v5:い	-0.7057
exp-adj:い	v5:う	-0.7625
exp-adj:い	v5:す	-0.8535
exp-adj:い	v5:た	-1.8260
exp-adj:い	v5:て	-1.1187
exp-adj:い	v5:る	-1.3441
exp-adj:い	w:あなた	-0.7605
exp-adj:い	w:か	0.4759
exp-adj:い	w:から	0.2616
exp-adj:い	w:が	-1.0474
exp-adj:い	w:こと	0.8545
exp-adj:い	w:この	-0.9913
exp-adj:い	w:した	-1.1193
exp-adj:い	w:する	-0.9672
exp-adj:い	w:その	-1.3372
exp-adj:い	w:だ	-1.3547
exp-adj:い	w:だろう	1.1598
exp-adj:い	w:で	-1.5384
exp-adj:い	w:でしょう	0.9045
exp-adj:い	w:です	1.2689
exp-adj:い	w:ですか	0.8177
exp-adj:い	w:と	0.8057
exp-adj:い	w:という	0.6943
exp-adj:い	w:とき	1.1439
exp-adj:い	w:な	0.6451
exp-adj:い	w:に	-2.1043
exp-adj:い	w:には	-0.8955
exp-adj:い	w:ね	0.6947
exp-adj:い	w:の	-0.4086
exp-adj:い	w:ので	0.4347
exp-adj:い	w:のです	1.1122
exp-adj:い	w:は	-3.3275
exp-adj:い	w:ほど	0.6125
exp-adj:い	w:も	-0.8455
exp-adj:い	w:もの	0.4799
exp-adj:い	w:よ	2.2718
exp-adj:い	w:を	-2.7403
exp-adj:い	w:ん	0.7534
exp-adj:い	w:んだ	0.8825
exp-adj:い	w:んです	0.6813
exp-adj:く	BOUNDARY	0.6035
exp-adj:く	adj-i	0.1101
exp-adj:く	adj-i:い	0.2568
exp-adj:く	adj-na	0.3771
exp-adj:く	adj-no	-0.0566
exp-adj:く	adj-pn	0.2943
exp-adj:く	adv	-0.1079
exp-adj:く	aux-v	1.2621
exp-adj:く	aux-v:た	0.8778
exp-adj:く	aux-v:て	0.5459
exp-adj:く	aux-v:る	1.2616
exp-adj:く	exp	-0.6094
exp-adj:く	exp-v	0.4491
exp-adj:く	exp-v:る	0.6779
exp-adj:く	n	0.4157
exp-adj:く	n-vs	0.1813
exp-adj:く	pn	0.4040
exp-adj:く	v1	0.0788
exp-adj:く	v5	0.1114
exp-adj:く	v5:く	0.6047
exp-adj:く	w:が	-1.0326
exp-adj:く	w:その	0.2837
exp-adj:く	w:に	-1.0744
exp-adj:く	w:の	-1.1792
exp-adj:く	w:は	-1.7821
exp-adj:く	w:を	-1.2990
exp-adj:た	BOUNDARY	1.6364
exp-adj:た	adj-no	-1.0618
exp-adj:た	adj-pn	-0.6650
exp-adj:た	adv	-0.8983
exp-adj:た	aux-v	-0.8098
exp-adj:た	exp	-0.7178
exp-adj:た	n	-1.8806
exp-adj:た	n-vs	-1.0603
exp-adj:た	pn	-0.8488
exp-adj:た	v1	-0.7224
exp-adj:た	v5	-1.3109
exp-adj:た	w:が	-0.2518
exp-adj:た	w:に	-0.9847
exp-adj:た	w:の	-0.9023
exp-adj:た	w:ので	0.8898
exp-adj:た	w:のに	0.8281
exp-adj:た	w:は	-1.6674
exp-adj:た	w:を	-1.1995
exp-adj:て	BOUNDARY	0.8937
exp-adj:て	n	0.1827
exp-adj:ら	BOUNDARY	0.7201
exp-v	BOUNDARY	1.1645
exp-v	adj-f	-0.5631
exp-v	adj-i	-1.0696
exp-v	adj-i:い	-0.9568
exp-v	adj-i:く	-1.3314
exp-v	adj-i:た	-0.1388
exp-v	adj-na	-1.0345
exp-v	adj-no	-1.2822
exp-v	adj-pn	-2.2110
exp-v	adv	-1.5818
exp-v	aux	0.1961
exp-v	aux-adj	0.3316
exp-v	aux-adj:い	0.5201
exp-v	aux-v	0.2945
exp-v	aux-v:い	0.1782
exp-v	aux-v:う	0.5150
exp-v	aux-v:く	0.3290
exp-v	aux-v:す	0.2682
exp-v	aux-v:た	0.1358
exp-v	aux-v:て	0.1016
exp-v	aux-v:ら	0.1027
exp-v	aux-v:る	0.2973
exp-v	aux-v:れ	0.7539
exp-v	aux-v:ん	0.4918
exp-v	aux:ば	0.4582
exp-v	conj	-0.3297
exp-v	cop	0.4885
exp-v	cop:だ	0.7459
exp-v	ctr	-0.8435
exp-v	exp	0.1794
exp-v	exp-adj	0.4689
exp-v	exp-adj:い	0.6188
exp-v	exp-adj:た	0.1718
exp-v	exp-v	0.1424
exp-v	exp-v:い	0.1060
exp-v	exp-v:す	0.1576
exp-v	exp-v:た	0.2668
exp-v	exp-v:て	-0.4305
exp-v	exp-v:る	0.3601
exp-v	int	-0.5194
exp-v	n	-1.2026
exp-v	n-pref	-0.5356
exp-v	n-suf	-0.6267
exp-v	n-vs	-0.9419
exp-v	num	-0.8753
exp-v	pn	-1.8524
exp-v	pref	-0.4849
exp-v	prt	0.7159
exp-v	suf	-0.1416
exp-v	v1	-1.0450
exp-v	v1:い	-0.4593
exp-v	v1:す	-0.4748
exp-v	v1:た	-1.1576
exp-v	v1:て	-0.8741
exp-v	v1:る	-0.6418
exp-v	v5	-1.0326
exp-v	v5:い	-0.8428
exp-v	v5:う	-1.4203
exp-v	v5:く	-0.5513
exp-v	v5:す	-1.3384
exp-v	v5:た	-0.7161
exp-v	v5:だ	-0.5775
exp-v	v5:て	-1.3110
exp-v	v5:で	-0.7520
exp-v	v5:む	-0.8136
exp-v	v5:り	-0.3591
exp-v	v5:る	-0.7867
exp-v	vs-i	-0.7964
exp-v	w:あなた	-1.7048
exp-v	w:あの	-0.7915
exp-v	w:あります	-0.8548
exp-v	w:ある	-1.7007
exp-v	w:いい	0.0692
exp-v	w:いつも	-0.8383
exp-v	w:いる	-0.6426
exp-v	w:お	-0.5908
exp-v	w:か	1.3291
exp-v	w:から	0.0750
exp-v	w:が	-0.7984
exp-v	w:きた	1.1000
exp-v	w:ください	1.3541
exp-v	w:くれた	0.5352
exp-v	w:くれる	0.6320
exp-v	w:ここ	-0.8136
exp-v	w:こと	1.1240
exp-v	w:この	-2.0510
exp-v	w:これ	-0.8462
exp-v	w:し	-0.8916
exp-v	w:した	-2.2282
exp-v	w:して	-1.7174
exp-v	w:していた	-0.7082
exp-v	w:している	-1.4421
exp-v	w:しまった	1.3192
exp-v	w:する	-1.7289
exp-v	w:そう	0.5161
exp-v	w:そこ	-0.7133
exp-v	w:その	-1.5853
exp-v	w:それ	-0.9080
exp-v	w:たい	1.1789
exp-v	w:たくさん	-0.3905
exp-v	w:たち	-0.5521
exp-v	w:ために	0.4458
exp-v	w:だ	-2.3806
exp-v	w:だけ	0.7947
exp-v	w:だった	-1.5527
exp-v	w:だろう	1.7072
exp-v	w:つもり	0.8344
exp-v	w:で	-2.3554
exp-v	w:である	-1.5635
exp-v	w:でしょう	1.3654
exp-v	w:です	-2.0531
exp-v	w:ですか	-1.3601
exp-v	w:ではない	-0.7571
exp-v	w:と	0.8059
exp-v	w:という	0.4172
exp-v	w:とき	1.1204
exp-v	w:ところ	1.0269
exp-v	w:とても	-0.8588
exp-v	w:とは	0.6433
exp-v	w:どう	0.0569
exp-v	w:な	1.2150
exp-v	w:ない	-1.1983
exp-v	w:なさい	2.0141
exp-v	w:なんて	0.2640
exp-v	w:に	-1.9072
exp-v	w:について	-0.8731
exp-v	w:には	-1.4012
exp-v	w:ね	0.8033
exp-v	w:の	0.0134
exp-v	w:のだ	1.0892
exp-v	w:ので	1.5402
exp-v	w:のです	1.3393
exp-v	w:のに	0.8459
exp-v	w:は	-2.4228
exp-v	w:へ	-1.4415
exp-v	w:べき	1.8898
exp-v	w:ほど	0.7206
exp-v	w:まで	0.4712
exp-v	w:も	0.4821
exp-v	w:もう	-0.8795
exp-v	w:もの	1.3753
exp-v	w:よ	1.1359
exp-v	w:よい	-0.1440
exp-v	w:よう	1.0740
exp-v	w:ような	1.4354
exp-v	w:ように	1.5677
exp-v	w:よく	-0.9921
exp-v	w:より	-0.1572
exp-v	w:を	-4.2799
exp-v	w:ん	0.7302
exp-v	w:んだ	1.5280
exp-v	w:んです	0.7815
exp-v:い	BOUNDARY	1.2424
exp-v:い	adj-i	-0.7725
exp-v:い	adj-na	-0.9389
exp-v:い	adj-no	-1.2532
exp-v:い	adj-pn	-1.1809
exp-v:い	adv	-1.0601
exp-v:い	aux-v	-0.9529
exp-v:い	exp	-0.3284
exp-v:い	exp-v	-0.2994
exp-v:い	n	-1.3130
exp-v:い	n-suf	-0.1139
exp-v:い	n-vs	-1.4339
exp-v:い	pn	-1.1827
exp-v:い	prt	0.5802
exp-v:い	suf	0.1661
exp-v:い	v1	-0.2388
exp-v:い	v5	-1.5381
exp-v:い	v5:た	-0.8799
exp-v:い	w:が	-1.1158
exp-v:い	w:こと	0.2641
exp-v:い	w:だろう	0.9410
exp-v:い	w:と	1.1295
exp-v:い	w:なさい	1.0214
exp-v:い	w:に	-1.0087
exp-v:い	w:の	-0.3636
exp-v:い	w:ので	0.6796
exp-v:い	w:のです	0.6742
exp-v:い	w:は	-2.1134
exp-v:い	w:ほど	0.7377
exp-v:い	w:もの	0.7228
exp-v:い	w:よ	0.5575
exp-v:い	w:ように	1.4318
exp-v:い	w:を	-1.5942
exp-v:い	w:んだ	0.6511
exp-v:う	BOUNDARY	1.0103
exp-v:う	adj-no	-0.7277
exp-v:う	adj-pn	-0.8495
exp-v:う	adv	-0.9005
exp-v:う	aux-v	-0.8119
exp-v:う	exp	-0.2498
exp-v:う	exp-v	1.4512
exp-v:う	exp-v:た	1.3801
exp-v:う	exp-v:る	0.9241
exp-v:う	n	-1.0083
exp-v:う	n-vs	-0.8804
exp-v:う	pn	-0.8509
exp-v:う	v1	-0.7244
exp-v:う	v5	-1.3136
exp-v:う	w:か	0.5693
exp-v:う	w:が	-0.6108
exp-v:う	w:こと	0.5996
exp-v:う	w:と	1.1668
exp-v:う	w:に	-0.9870
exp-v:う	w:の	0.6356
exp-v:う	w:は	-1.6704
exp-v:う	w:べき	1.0666
exp-v:う	w:を	-1.2021
exp-v:き	BOUNDARY	-0.5095
exp-v:き	adj-i	0.9912
exp-v:き	adj-i:い	0.9541
exp-v:き	w:たい	0.7793
exp-v:き	w:なさい	1.3716
exp-v:く	BOUNDARY	0.2896
exp-v:く	adj-no	-0.4377
exp-v:く	aux-v	0.2170
exp-v:く	n	-0.4598
exp-v:く	n-vs	-0.5907
exp-v:く	v5	-0.9837
exp-v:く	w:こと	0.9200
exp-v:く	w:だろう	0.9692
exp-v:く	w:と	1.3916
exp-v:く	w:に	-0.7111
exp-v:く	w:の	0.6885
exp-v:く	w:は	-1.2964
exp-v:く	w:ように	0.7530
exp-v:く	w:を	-0.8890
exp-v:け	exp	0.8475
exp-v:け	w:なさい	1.0199
exp-v:し	BOUNDARY	-0.9370
exp-v:し	exp	1.2313
exp-v:し	n	-1.1389
exp-v:し	prt	0.6185
exp-v:し	v5	-0.3740
exp-v:し	w:なさい	2.5615
exp-v:し	w:は	-0.9715
exp-v:す	BOUNDARY	1.2402
exp-v:す	adj-i	-0.8754
exp-v:す	adj-na	-0.8722
exp-v:す	adj-no	-1.2418
exp-v:す	adj-pn	-1.3115
exp-v:す	adv	-1.3762
exp-v:す	aux-v	-1.2633
exp-v:す	exp	-0.9604
exp-v:す	exp-v	-0.2843
exp-v:す	n	-2.3275
exp-v:す	n-suf	-0.7984
exp-v:す	n-vs	-1.3942
exp-v:す	pn	-1.3134
exp-v:す	v1	-1.1488
exp-v:す	v5	-1.8734
exp-v:す	v5:た	-0.9913
exp-v:す	w:か	2.8285
exp-v:す	w:が	-1.2524
exp-v:す	w:こと	0.3785
exp-v:す	w:その	-0.7708
exp-v:す	w:で	-0.7838
exp-v:す	w:と	0.1202
exp-v:す	w:な	0.9867
exp-v:す	w:に	-1.4839
exp-v:す	w:の	-0.3822
exp-v:す	w:は	-2.2764
exp-v:す	w:べき	1.0349
exp-v:す	w:よ	1.1146
exp-v:す	w:を	-1.7431
exp-v:ず	BOUNDARY	0.5498
exp-v:ず	w:に	1.0012
exp-v:た	BOUNDARY	1.5800
exp-v:た	adj-i	-1.8175
exp-v:た	adj-i:い	-1.5070
exp-v:た	adj-i:く	-0.8325
exp-v:た	adj-na	-1.6673
exp-v:た	adj-no	-1.3521
exp-v:た	adj-pn	-2.4111
exp-v:た	adv	-1.2884
exp-v:た	aux-v	-2.5319
exp-v:た	aux-v:た	-1.4671
exp-v:た	aux-v:て	-0.8244
exp-v:た	aux-v:る	-1.0941
exp-v:た	conj	-0.8762
exp-v:た	ctr	-0.7436
exp-v:た	exp	-0.8928
exp-v:た	exp-adj	1.0328
exp-v:た	exp-adj:い	1.2246
exp-v:た	exp-v	-1.1194
exp-v:た	exp-v:た	-0.6011
exp-v:た	exp-v:る	-0.8339
exp-v:た	n	-1.5645
exp-v:た	n-suf	-0.9280
exp-v:た	n-vs	-2.7363
exp-v:た	pn	-2.4134
exp-v:た	pref	-0.3918
exp-v:た	prt	0.3275
exp-v:た	suf	-1.0995
exp-v:た	v1	-2.3825
exp-v:た	v1:た	-1.5135
exp-v:た	v1:て	-0.9478
exp-v:た	v1:る	-1.4209
exp-v:た	v5	-3.2637
exp-v:た	v5:い	-0.9251
exp-v:た	v5:う	-0.9924
exp-v:た	v5:す	-1.0991
exp-v:た	v5:た	-2.1672
exp-v:た	v5:て	-1.4011
exp-v:た	v5:る	-1.6503
exp-v:た	w:あなた	-0.9902
exp-v:た	w:ある	-0.8555
exp-v:た	w:か	0.3949
exp-v:た	w:から	-0.5290
exp-v:た	w:が	0.0379
exp-v:た	w:こと	0.9321
exp-v:た	w:この	-1.2574
exp-v:た	w:した	-1.4019
exp-v:た	w:して	-0.8673
exp-v:た	w:する	-1.2299
exp-v:た	w:その	-1.3706
exp-v:た	w:それ	-0.7159
exp-v:た	w:だ	-1.6620
exp-v:た	w:だけ	0.7157
exp-v:た	w:だった	-0.7537
exp-v:た	w:だろう	0.2148
exp-v:た	w:で	-1.8609
exp-v:た	w:である	-0.7610
exp-v:た	w:です	-1.2591
exp-v:た	w:と	-0.4812
exp-v:た	w:とき	1.2678
exp-v:た	w:ところ	0.7002
exp-v:た	w:に	-2.2194
exp-v:た	w:には	-1.1476
exp-v:た	w:ね	0.3243
exp-v:た	w:の	-0.2193
exp-v:た	w:のだ	0.7851
exp-v:た	w:ので	1.7937
exp-v:た	w:のです	1.5452
exp-v:た	w:のに	0.5040
exp-v:た	w:は	-3.7109
exp-v:た	w:も	-0.7533
exp-v:た	w:もの	1.0423
exp-v:た	w:よ	-0.1925
exp-v:た	w:を	-3.1142
exp-v:た	w:んだ	0.8873
exp-v:た	w:んです	0.6332
exp-v:だ	BOUNDARY	1.1598
exp-v:つ	BOUNDARY	0.4597
exp-v:つ	n	-0.0494
exp-v:つ	w:の	0.4086
exp-v:つ	w:は	-0.7002
exp-v:て	BOUNDARY	-0.4538
exp-v:て	adj-i	-0.3546
exp-v:て	adj-i:い	-0.4669
exp-v:て	adj-na	0.1566
exp-v:て	adj-no	-0.2159
exp-v:て	adj-pn	-0.7330
exp-v:て	adv	-0.7425
exp-v:て	aux-adj	0.7063
exp-v:て	aux-adj:い	0.6792
exp-v:て	aux-v	1.8876
exp-v:て	aux-v:い	0.9448
exp-v:て	aux-v:う	1.2429
exp-v:て	aux-v:く	0.8684
exp-v:て	aux-v:す	1.2317
exp-v:て	aux-v:た	1.3595
exp-v:て	aux-v:て	1.0016
exp-v:て	aux-v:る	1.3907
exp-v:て	aux-v:れ	0.8816
exp-v:て	aux-v:ん	1.3048
exp-v:て	exp	0.2820
exp-v:て	exp-v	-0.0251
exp-v:て	exp-v:た	0.2805
exp-v:て	n	-0.3692
exp-v:て	n-suf	-0.6250
exp-v:て	n-vs	0.6292
exp-v:て	pn	-0.3077
exp-v:て	pref	0.3188
exp-v:て	suf	-0.2670
exp-v:て	v1	0.1496
exp-v:て	v1:た	0.1819
exp-v:て	v1:る	0.4887
exp-v:て	v5	0.7551
exp-v:て	v5:た	0.9263
exp-v:て	v5:だ	0.4094
exp-v:て	v5:て	0.2672
exp-v:て	v5:る	0.7681
exp-v:て	w:いい	0.7483
exp-v:て	w:か	-0.8769
exp-v:て	w:から	0.6168
exp-v:て	w:が	-1.9720
exp-v:て	w:きた	1.6566
exp-v:て	w:ください	2.2481
exp-v:て	w:くれた	1.1893
exp-v:て	w:くれる	1.0253
exp-v:て	w:こと	-0.8085
exp-v:て	w:この	-0.7257
exp-v:て	w:した	-0.6496
exp-v:て	w:しまった	1.9562
exp-v:て	w:する	-0.5237
exp-v:て	w:その	-0.3889
exp-v:て	w:だ	-1.0329
exp-v:て	w:で	-1.1941
exp-v:て	w:です	-0.7270
exp-v:て	w:と	-1.1574
exp-v:て	w:に	-2.0274
exp-v:て	w:の	-2.1635
exp-v:て	w:は	-0.4691
exp-v:て	w:も	1.8259
exp-v:て	w:よ	0.2209
exp-v:て	w:を	-2.3142
exp-v:で	BOUNDARY	-0.4137
exp-v:で	aux-v	1.7089
exp-v:で	aux-v:く	0.7576
exp-v:で	aux-v:た	0.8717
exp-v:で	aux-v:て	0.8119
exp-v:で	aux-v:る	0.5962
exp-v:で	exp	0.8758
exp-v:で	n	0.1886
exp-v:で	n-vs	0.2348
exp-v:で	v1	0.6905
exp-v:で	v5	0.2016
exp-v:で	v5:た	0.3593
exp-v:で	w:は	-0.7769
exp-v:で	w:を	-0.7432
exp-v:ば	BOUNDARY	0.9651
exp-v:ば	adv	0.4299
exp-v:ば	n	-0.1900
exp-v:ば	v5	-0.5332
exp-v:ば	w:その	0.4940
exp-v:ば	w:は	-0.9776
exp-v:び	w:に	0.7394
exp-v:め	BOUNDARY	-0.7927
exp-v:め	aux-v	0.5218
exp-v:め	exp	0.9525
exp-v:め	w:たい	0.7802
exp-v:め	w:なさい	1.3216
exp-v:ら	BOUNDARY	0.8697
exp-v:ら	w:どう	0.6889
exp-v:り	BOUNDARY	-0.0110
exp-v:り	adj-i	0.6585
exp-v:り	adj-i:い	0.6336
exp-v:り	n	-0.3909
exp-v:り	v1	0.6385
exp-v:り	w:そう	0.8651
exp-v:り	w:たい	1.0792
exp-v:り	w:なさい	1.1926
exp-v:り	w:は	-0.7393
exp-v:る	BOUNDARY	1.1047
exp-v:る	adj-i	-1.5907
exp-v:る	adj-i:い	-1.2845
exp-v:る	adj-i:く	-0.7856
exp-v:る	adj-na	-0.8447
exp-v:る	adj-no	-1.6777
exp-v:る	adj-pn	-2.0454
exp-v:る	adv	-2.0084
exp-v:る	aux	0.5022
exp-v:る	aux-v	-2.4543
exp-v:る	aux-v:た	-1.4027
exp-v:る	aux-v:て	-0.7778
exp-v:る	aux-v:る	-1.0387
exp-v:る	conj	0.4310
exp-v:る	cop	0.6657
exp-v:る	cop:だ	0.7645
exp-v:る	ctr	-0.8427
exp-v:る	exp	0.1701
exp-v:る	exp-adj	-0.3802
exp-v:る	exp-adj:い	-0.4462
exp-v:る	exp-v	0.4573
exp-v:る	exp-v:す	0.4618
exp-v:る	exp-v:た	0.2647
exp-v:る	exp-v:る	0.6463
exp-v:る	n	-1.3457
exp-v:る	n-suf	-0.2028
exp-v:る	n-vs	-1.2293
exp-v:る	pn	-2.0477
exp-v:る	prt	0.5217
exp-v:る	suf	0.4428
exp-v:る	v1	-2.3061
exp-v:る	v1:た	-1.4482
exp-v:る	v1:て	-0.8969
exp-v:る	v1:る	-1.3574
exp-v:る	v5	-3.1825
exp-v:る	v5:い	-0.8749
exp-v:る	v5:う	-0.9401
exp-v:る	v5:す	-1.0434
exp-v:る	v5:た	-2.0926
exp-v:る	v5:て	-1.3380
exp-v:る	v5:る	-1.5825
exp-v:る	w:あなた	-0.9378
exp-v:る	w:ある	-0.8077
exp-v:る	w:か	0.2516
exp-v:る	w:から	0.0091
exp-v:る	w:が	-0.9454
exp-v:る	w:こと	1.5711
exp-v:る	w:この	-1.1976
exp-v:る	w:した	-1.3388
exp-v:る	w:して	-0.8191
exp-v:る	w:する	-1.1708
exp-v:る	w:その	-1.7699
exp-v:る	w:ために	0.8725
exp-v:る	w:だ	-1.5940
exp-v:る	w:だけ	0.6531
exp-v:る	w:だった	-0.7098
exp-v:る	w:だろう	2.1394
exp-v:る	w:つもり	0.9795
exp-v:る	w:で	-1.7899
exp-v:る	w:である	-0.7168
exp-v:る	w:でしょう	1.7158
exp-v:る	w:です	-1.1993
exp-v:る	w:と	1.3175
exp-v:る	w:という	0.4533
exp-v:る	w:とき	0.8453
exp-v:る	w:ところ	1.1287
exp-v:る	w:とは	0.4488
exp-v:る	w:な	1.3547
exp-v:る	w:に	-1.8524
exp-v:る	w:には	-0.3975
exp-v:る	w:ね	0.7295
exp-v:る	w:の	0.6228
exp-v:る	w:のだ	0.8720
exp-v:る	w:ので	0.8782
exp-v:る	w:のです	0.8590
exp-v:る	w:のに	1.0403
exp-v:る	w:は	-3.6285
exp-v:る	w:べき	1.8357
exp-v:る	w:ほど	0.7224
exp-v:る	w:まで	1.0204
exp-v:る	w:も	-0.8521
exp-v:る	w:もの	1.5699
exp-v:る	w:よ	1.2426
exp-v:る	w:よう	0.8083
exp-v:る	w:ような	1.3769
exp-v:る	w:ように	1.5128
exp-v:る	w:を	-3.0335
exp-v:る	w:ん	0.7924
exp-v:る	w:んだ	1.2393
exp-v:る	w:んです	0.5496
exp-v:れ	BOUNDARY	0.1476
exp-v:れ	exp	1.0084
exp-v:ろ	BOUNDARY	0.8708
exp-v:ん	BOUNDARY	1.4835
exp-v:ん	adj-no	-0.7444
exp-v:ん	n	-1.4463
exp-v:ん	n-vs	-0.7432
exp-v:ん	v5	-0.9490
exp-v:ん	w:か	1.4201
exp-v:ん	w:の	-0.7628
exp-v:ん	w:は	-1.2560
exp-v:ん	w:よ	0.7896
exp-v:ん	w:を	-0.8563
int	BOUNDARY	1.2798
int	adj-i	-0.5227
int	adj-na	-0.5663
int	adj-no	-1.2196
int	adj-pn	-1.2911
int	adv	-0.8853
int	aux-v	0.2828
int	aux-v:う	0.5660
int	aux-v:す	0.6920
int	exp	-0.5360
int	exp-v	-0.6735
int	n	-1.5286
int	n-suf	-0.7831
int	n-vs	-1.0844
int	pn	-0.9565
int	v1	-0.5420
int	v5	-1.1565
int	v5:た	-0.7914
int	w:が	0.1551
int	w:さ	1.7433
int	w:したい	1.1280
int	w:する	0.2772
int	w:その	-0.0627
int	w:だ	0.5768
int	w:で	-0.2987
int	w:と	0.4226
int	w:に	-0.6739
int	w:の	-0.4851
int	w:は	-0.7252
int	w:よ	0.8335
int	w:を	-0.3337
n	BOUNDARY	-2.2416
n	adj-f	-1.5134
n	adj-i	-2.7723
n	adj-i:い	-2.6811
n	adj-i:く	-2.5519
n	adj-i:さ	-0.8288
n	adj-i:た	-2.4134
n	adj-i:て	-1.2254
n	adj-na	-2.1745
n	adj-no	-1.8851
n	adj-pn	-4.7807
n	adj-t	-0.7822
n	adv	-2.4964
n	aux	0.1413
n	aux-adj	-0.7169
n	aux-adj:い	-0.8386
n	aux-adj:く	0.2285
n	aux-adj:た	-0.4604
n	aux-v	-1.6135
n	aux-v:い	-2.3712
n	aux-v:う	-1.7333
n	aux-v:き	0.1480
n	aux-v:く	-2.3878
n	aux-v:け	-0.3870
n	aux-v:す	-1.4822
n	aux-v:ず	-0.5208
n	aux-v:た	-1.1899
n	aux-v:て	-1.9189
n	aux-v:で	-1.0758
n	aux-v:ば	-1.1482
n	aux-v:ら	-1.3266
n	aux-v:り	-1.0380
n	aux-v:る	-1.7142
n	aux-v:れ	-1.7700
n	aux-v:ん	-2.3463
n	aux:す	0.4925
n	aux:ず	-0.9158
n	aux:だ	0.8643
n	aux:ば	-0.1235
n	aux:れ	-0.7500
n	conj	-0.2300
n	cop	0.0218
n	cop:だ	-1.4894
n	cop:ゃ	0.2880
n	cop:り	1.1512
n	ctr	-1.7565
n	exp	-0.5262
n	exp-adj	-0.8619
n	exp-adj:い	-1.2345
n	exp-adj:く	-0.2084
n	exp-adj:た	-0.5456
n	exp-adj:て	0.5574
n	exp-v	-1.1609
n	exp-v:い	-2.1603
n	exp-v:う	-1.5473
n	exp-v:く	-0.9016
n	exp-v:し	-0.9565
n	exp-v:す	-1.9220
n	exp-v:た	-2.0164
n	exp-v:つ	-0.8378
n	exp-v:て	-0.0943
n	exp-v:で	-1.2930
n	exp-v:ば	0.5773
n	exp-v:り	-0.4963
n	exp-v:る	-1.1848
n	exp-v:ん	0.2765
n	int	-1.7910
n	n	-2.0470
n	n-pref	-1.8167
n	n-suf	-0.6298
n	n-vs	-1.7236
n	num	-1.2911
n	pn	-4.5319
n	pref	-2.3652
n	prt	0.0814
n	suf	-0.5266
n	v-other	-0.7080
n	v-other:ず	-0.8645
n	v-other:り	0.0988
n	v1	-2.3002
n	v1:い	-2.1288
n	v1:う	-1.6536
n	v1:す	-2.2298
n	v1:ず	-0.9241
n	v1:た	-2.3263
n	v1:て	-1.7983
n	v1:で	-0.7533
n	v1:べ	-0.5611
n	v1:ら	-0.6822
n	v1:る	-2.1861
n	v1:ん	-0.9088
n	v5	-2.1382
n	v5:い	-1.9113
n	v5:う	-2.8871
n	v5:き	-1.3368
n	v5:く	-1.5216
n	v5:ぐ	-1.1220
n	v5:し	-1.1262
n	v5:す	-2.2460
n	v5:ず	-0.5530
n	v5:せ	-1.7771
n	v5:た	-2.0536
n	v5:だ	-2.1271
n	v5:ち	-0.5807
n	v5:つ	-1.5330
n	v5:て	-1.8267
n	v5:で	-2.0187
n	v5:ぬ	-0.9088
n	v5:ば	-1.7629
n	v5:ぶ	-1.6334
n	v5:み	-1.3091
n	v5:む	-2.0794
n	v5:ら	-0.8382
n	v5:り	-1.0517
n	v5:る	-2.0295
n	v5:れ	-1.0035
n	v5:ん	-1.6644
n	vs-i	-2.2053
n	vs-i:た	-0.9957
n	vs-i:る	-1.8743
n	w:あった	-1.1773
n	w:あなた	-3.6567
n	w:あの	-2.6661
n	w:あります	-1.8946
n	w:ある	-1.7644
n	w:いい	-2.5657
n	w:いう	-1.9452
n	w:いけない	-1.7841
n	w:いつ	-1.7876
n	w:いつも	-2.2736
n	w:いる	-0.9527
n	w:お	-1.7202
n	w:か	-1.9509
n	w:から	1.2085
n	w:が	1.3259
n	w:きた	-2.3204
n	w:ください	-1.3113
n	w:くれた	-1.8055
n	w:くれる	-1.7629
n	w:ここ	-1.6003
n	w:こと	-4.3817
n	w:この	-3.8926
n	w:これ	-2.7467
n	w:ご	-1.2474
n	w:さ	0.1451
n	w:された	-2.1707
n	w:さん	0.4542
n	w:し	-2.2372
n	w:した	-2.8544
n	w:したい	-1.0147
n	w:して	-2.1590
n	w:していた	-1.7673
n	w:している	-2.8342
n	w:しない	-1.7922
n	w:します	-0.4246
n	w:しまった	-2.4084
n	w:すぐ	-1.7449
n	w:すぐに	-2.1778
n	w:する	-2.5046
n	w:ずっと	-0.4254
n	w:そう	-1.4338
n	w:そこ	-1.7761
n	w:その	-4.4963
n	w:それ	-3.3715
n	w:そんな	-2.0891
n	w:たい	-0.2140
n	w:たくさん	-1.9336
n	w:たち	1.8081
n	w:ため	-1.9511
n	w:ために	-2.7574
n	w:だ	0.6141
n	w:だけ	0.3869
n	w:だった	0.5508
n	w:だろう	-1.7384
n	w:つもり	-2.2080
n	w:で	1.5071
n	w:であった	0.9801
n	w:である	1.0335
n	w:できない	-1.9272
n	w:できる	-1.3333
n	w:でした	0.4869
n	w:でしょう	-1.1129
n	w:です	0.9184
n	w:ですか	0.0662
n	w:ではない	0.4949
n	w:でも	0.8966
n	w:と	0.3618
n	w:という	0.1131
n	w:とき	-2.4806
n	w:ところ	-2.4416
n	w:として	1.6925
n	w:とても	-2.6448
n	w:とは	0.4167
n	w:どう	-2.1069
n	w:どこ	-1.9812
n	w:どんな	-1.7003
n	w:な	-0.6386
n	w:ない	-1.8869
n	w:なかった	-1.3484
n	w:なさい	-0.0453
n	w:なら	0.3663
n	w:なんて	-0.5007
n	w:に	1.2547
n	w:について	1.3471
n	w:になった	1.3426
n	w:には	1.0106
n	w:にも	0.8485
n	w:ね	-2.2385
n	w:の	1.1718
n	w:のだ	-1.6087
n	w:ので	-2.8872
n	w:のです	-2.9359
n	w:のに	-2.5721
n	w:は	0.7536
n	w:へ	1.5328
n	w:べき	-2.2057
n	w:ほとんど	-1.5907
n	w:ほど	0.3070
n	w:まだ	-2.1563
n	w:まで	0.7197
n	w:みんな	-1.0240
n	w:も	0.7049
n	w:もう	-2.1851
n	w:もし	-1.8451
n	w:もっと	-1.8780
n	w:もの	-2.3558
n	w:や	1.6512
n	w:よ	-2.7958
n	w:よい	-2.2718
n	w:よう	-1.1424
n	w:ような	-1.9716
n	w:ように	-2.5631
n	w:よく	-2.2233
n	w:より	0.7514
n	w:よりも	1.1743
n	w:を	1.5440
n	w:ん	-1.8218
n	w:んだ	-1.9917
n	w:んです	-1.7078
n-pref	BOUNDARY	-0.8834
n-pref	adj-i	-0.6931
n-pref	adj-na	-1.0545
n-pref	adj-no	-1.3960
n-pref	adj-pn	-1.3115
n-pref	adv	-1.3762
n-pref	aux-v	-1.0809
n-pref	ctr	0.5205
n-pref	exp	-0.5550
n-pref	exp-v	-0.6897
n-pref	n	-1.2861
n-pref	n-suf	-0.7984
n-pref	n-vs	-0.9887
n-pref	pn	-1.3134
n-pref	v1	-0.9665
n-pref	v5	-1.8734
n-pref	v5:た	-0.9913
n-pref	w:が	1.2733
n-pref	w:その	-0.7708
n-pref	w:だ	0.0327
n-pref	w:で	-0.6015
n-pref	w:と	0.6310
n-pref	w:に	0.7353
n-pref	w:の	0.8099
n-pref	w:は	1.1768
n-pref	w:を	1.4182
n-suf	BOUNDARY	-1.6794
n-suf	adj-i	-1.7501
n-suf	adj-i:い	-1.5977
n-suf	adj-i:く	-1.0937
n-suf	adj-i:た	-0.8507
n-suf	adj-na	-2.5577
n-suf	adj-no	-2.4702
n-suf	adj-pn	-3.4279
n-suf	adv	-1.9037
n-suf	aux	0.1412
n-suf	aux-adj	-0.8175
n-suf	aux-v	-1.1475
n-suf	aux-v:い	-0.8291
n-suf	aux-v:う	-0.7108
n-suf	aux-v:く	-0.8385
n-suf	aux-v:す	-0.8512
n-suf	aux-v:た	-0.8441
n-suf	aux-v:て	-0.8591
n-suf	aux-v:る	-0.8146
n-suf	aux-v:ん	-0.2045
n-suf	conj	-0.4322
n-suf	cop	0.1403
n-suf	ctr	-1.7128
n-suf	exp	-0.2088
n-suf	exp-adj	-0.0610
n-suf	exp-adj:い	-0.1731
n-suf	exp-v	-1.2821
n-suf	exp-v:い	-0.5194
n-suf	exp-v:す	-0.7984
n-suf	exp-v:た	-1.8835
n-suf	exp-v:て	-0.1832
n-suf	exp-v:る	-1.1191
n-suf	int	-0.6008
n-suf	n	-2.3088
n-suf	n-pref	-0.6161
n-suf	n-suf	-1.0876
n-suf	n-vs	-2.1250
n-suf	num	-0.8014
n-suf	pn	-3.0248
n-suf	pref	-1.0781
n-suf	prt	0.3296
n-suf	suf	-0.9212
n-suf	v1	-1.5001
n-suf	v1:い	-0.2648
n-suf	v1:す	-0.1533
n-suf	v1:た	-1.8368
n-suf	v1:て	-0.8461
n-suf	v1:る	-1.2859
n-suf	v5	-1.5203
n-suf	v5:い	-1.3544
n-suf	v5:う	-1.1931
n-suf	v5:く	-1.1536
n-suf	v5:す	-0.8899
n-suf	v5:た	-1.6301
n-suf	v5:だ	-0.2233
n-suf	v5:て	-1.1288
n-suf	v5:で	-0.8574
n-suf	v5:む	-0.5609
n-suf	v5:る	-1.1011
n-suf	vs-i	-0.7270
n-suf	w:あなた	-1.5955
n-suf	w:あの	-0.8949
n-suf	w:あります	-0.4456
n-suf	w:ある	-1.0079
n-suf	w:いい	-0.7654
n-suf	w:いつも	-0.7665
n-suf	w:いる	-0.7539
n-suf	w:お	-0.5142
n-suf	w:か	-1.3338
n-suf	w:から	0.8776
n-suf	w:が	1.3845
n-suf	w:ください	-0.0617
n-suf	w:くれた	-0.7303
n-suf	w:ここ	-0.7335
n-suf	w:こと	-2.2553
n-suf	w:この	-2.1179
n-suf	w:これ	-0.9468
n-suf	w:さ	1.1314
n-suf	w:さん	0.2487
n-suf	w:し	-0.9555
n-suf	w:した	-1.9563
n-suf	w:して	-1.2755
n-suf	w:している	-0.6512
n-suf	w:しまった	-0.7389
n-suf	w:する	-0.9209
n-suf	w:そう	0.1060
n-suf	w:その	-2.4612
n-suf	w:それ	-1.2140
n-suf	w:たい	0.2473
n-suf	w:たち	0.8128
n-suf	w:ために	-0.7715
n-suf	w:だ	0.9985
n-suf	w:だけ	0.1122
n-suf	w:だった	1.0165
n-suf	w:だろう	-0.8439
n-suf	w:で	1.2297
n-suf	w:であった	0.4643
n-suf	w:である	0.9715
n-suf	w:でした	0.3292
n-suf	w:でしょう	-0.2336
n-suf	w:です	1.0154
n-suf	w:ですか	0.4578
n-suf	w:ではない	0.7065
n-suf	w:でも	0.5949
n-suf	w:と	0.2353
n-suf	w:とき	-0.7810
n-suf	w:ところ	-0.7581
n-suf	w:として	0.2584
n-suf	w:とても	-1.1063
n-suf	w:とは	0.5343
n-suf	w:な	-0.4742
n-suf	w:ない	-0.4161
n-suf	w:なさい	1.0304
n-suf	w:なら	0.1442
n-suf	w:に	1.2083
n-suf	w:について	0.5356
n-suf	w:になった	0.3609
n-suf	w:には	1.1455
n-suf	w:にも	0.8450
n-suf	w:ね	-0.9996
n-suf	w:の	0.8984
n-suf	w:ので	-1.0409
n-suf	w:のです	-1.0745
n-suf	w:のに	-0.8362
n-suf	w:は	0.8571
n-suf	w:へ	0.9981
n-suf	w:ほど	0.1839
n-suf	w:まで	0.8486
n-suf	w:も	0.9828
n-suf	w:もう	-0.8055
n-suf	w:もの	-1.1065
n-suf	w:や	0.7846
n-suf	w:よ	-1.3007
n-suf	w:よい	-0.7655
n-suf	w:ように	-0.9460
n-suf	w:よく	-0.9122
n-suf	w:より	0.4458
n-suf	w:よりも	0.3610
n-suf	w:を	1.4020
n-vs	BOUNDARY	-2.8659
n-vs	adj-f	-1.3996
n-vs	adj-i	-2.7480
n-vs	adj-i:い	-2.9329
n-vs	adj-i:く	-1.8610
n-vs	adj-i:た	-1.4688
n-vs	adj-i:て	-0.6416
n-vs	adj-na	-2.3672
n-vs	adj-no	-1.4350
n-vs	adj-pn	-4.7361
n-vs	adv	-2.9060
n-vs	aux	-1.0108
n-vs	aux-adj	-1.1339
n-vs	aux-adj:い	-1.2494
n-vs	aux-v	0.9705
n-vs	aux-v:い	0.5679
n-vs	aux-v:う	1.4138
n-vs	aux-v:き	-0.4449
n-vs	aux-v:く	-1.4136
n-vs	aux-v:す	1.3018
n-vs	aux-v:ず	0.6581
n-vs	aux-v:せ	0.9914
n-vs	aux-v:た	0.7910
n-vs	aux-v:て	0.1671
n-vs	aux-v:で	1.1737
n-vs	aux-v:ば	1.2834
n-vs	aux-v:よ	0.9359
n-vs	aux-v:ら	1.1532
n-vs	aux-v:り	0.3126
n-vs	aux-v:る	1.3817
n-vs	aux-v:れ	0.9110
n-vs	aux-v:ろ	0.5008
n-vs	aux-v:ん	0.0099
n-vs	aux:ば	-0.7047
n-vs	conj	-0.9264
n-vs	cop	0.6251
n-vs	cop:だ	-0.7730
n-vs	cop:る	0.9421
n-vs	ctr	-1.9760
n-vs	exp	-0.3659
n-vs	exp-adj	-0.3613
n-vs	exp-adj:い	-0.2875
n-vs	exp-adj:く	-0.6837
n-vs	exp-adj:た	-0.1048
n-vs	exp-v	-0.5628
n-vs	exp-v:い	-1.2516
n-vs	exp-v:う	-1.0628
n-vs	exp-v:く	-0.7730
n-vs	exp-v:す	-0.2415
n-vs	exp-v:た	-0.5768
n-vs	exp-v:て	0.0209
n-vs	exp-v:ば	0.4826
n-vs	exp-v:り	0.1837
n-vs	exp-v:る	-0.5564
n-vs	exp-v:ん	-0.7432
n-vs	int	-0.3306
n-vs	n	-2.0692
n-vs	n-pref	-1.2401
n-vs	n-suf	-0.7883
n-vs	n-vs	-1.7345
n-vs	num	-1.1109
n-vs	pn	-4.5563
n-vs	pref	-1.9079
n-vs	prt	0.6077
n-vs	suf	-1.4720
n-vs	v-other	-0.5302
n-vs	v1	-0.9938
n-vs	v1:い	-0.4300
n-vs	v1:う	-0.7076
n-vs	v1:す	-1.4928
n-vs	v1:た	-0.2260
n-vs	v1:て	-1.9476
n-vs	v1:る	-2.2272
n-vs	v5	-2.5727
n-vs	v5:い	-2.3647
n-vs	v5:う	-2.3334
n-vs	v5:き	-0.9043
n-vs	v5:く	-2.0559
n-vs	v5:し	-0.2606
n-vs	v5:す	-0.9572
n-vs	v5:せ	-0.7991
n-vs	v5:た	-3.2416
n-vs	v5:だ	-2.0880
n-vs	v5:つ	-1.1560
n-vs	v5:て	-2.3354
n-vs	v5:で	-1.6606
n-vs	v5:ば	-0.9281
n-vs	v5:ぶ	-0.8753
n-vs	v5:み	-0.8841
n-vs	v5:む	-1.4959
n-vs	v5:ら	-0.8682
n-vs	v5:り	-1.1450
n-vs	v5:る	-2.2881
n-vs	v5:ん	-0.7914
n-vs	vs-i	-1.2896
n-vs	vs-i:る	-1.0554
n-vs	w:あった	-0.9443
n-vs	w:あなた	-2.8000
n-vs	w:あの	-1.7129
n-vs	w:あります	-1.5529
n-vs	w:ある	-2.2549
n-vs	w:いい	-1.7854
n-vs	w:いう	-0.9281
n-vs	w:いけない	-0.9867
n-vs	w:いつ	-0.9893
n-vs	w:いつも	-1.5302
n-vs	w:いる	-1.5117
n-vs	w:お	-1.4688
n-vs	w:か	-2.2785
n-vs	w:から	-0.1322
n-vs	w:が	0.5304
n-vs	w:きた	-1.4152
n-vs	w:ください	-0.2895
n-vs	w:くれた	-1.4768
n-vs	w:くれる	-0.9707
n-vs	w:ここ	-1.7418
n-vs	w:こと	-3.3257
n-vs	w:この	-3.1769
n-vs	w:これ	-1.7842
n-vs	w:ご	-1.0254
n-vs	w:さ	-0.9579
n-vs	w:された	2.9343
n-vs	w:さん	-0.8415
n-vs	w:し	2.6200
n-vs	w:した	2.9468
n-vs	w:したい	2.3360
n-vs	w:して	2.6950
n-vs	w:していた	2.3774
n-vs	w:している	2.6136
n-vs	w:しない	2.1771
n-vs	w:します	2.5148
n-vs	w:しまった	-1.4896
n-vs	w:すぐ	-0.9573
n-vs	w:すぐに	-1.2968
n-vs	w:する	2.8272
n-vs	w:ずっと	-1.0075
n-vs	w:そう	-1.2554
n-vs	w:そこ	-1.3532
n-vs	w:その	-3.8998
n-vs	w:それ	-2.3561
n-vs	w:そんな	-1.2247
n-vs	w:たい	-1.0486
n-vs	w:たくさん	-1.3731
n-vs	w:たち	-0.9138
n-vs	w:ため	-1.1151
n-vs	w:ために	-1.7937
n-vs	w:だ	-0.4857
n-vs	w:だけ	-0.2898
n-vs	w:だった	0.0627
n-vs	w:だろう	-1.6683
n-vs	w:つもり	-1.3217
n-vs	w:で	0.7152
n-vs	w:であった	-0.2614
n-vs	w:である	0.0990
n-vs	w:できない	2.4816
n-vs	w:できる	2.2961
n-vs	w:でした	0.0581
n-vs	w:でしょう	-1.2731
n-vs	w:です	0.0153
n-vs	w:ですか	-0.2499
n-vs	w:ではない	-1.0795
n-vs	w:でも	0.2103
n-vs	w:と	-0.9481
n-vs	w:という	-0.2078
n-vs	w:とき	-1.5514
n-vs	w:ところ	-1.5179
n-vs	w:として	0.3378
n-vs	w:とても	-1.9953
n-vs	w:とは	0.1599
n-vs	w:どう	-1.0569
n-vs	w:どこ	-1.2852
n-vs	w:どんな	-0.9241
n-vs	w:な	-0.8252
n-vs	w:ない	-1.9992
n-vs	w:なかった	-1.0127
n-vs	w:なさい	-0.7190
n-vs	w:なら	-0.7231
n-vs	w:なんて	-0.1897
n-vs	w:に	0.7595
n-vs	w:について	1.1693
n-vs	w:になった	0.8120
n-vs	w:には	0.5052
n-vs	w:にも	0.0046
n-vs	w:ね	-1.8552
n-vs	w:の	0.2417
n-vs	w:のだ	-0.9919
n-vs	w:ので	-1.9101
n-vs	w:のです	-1.9541
n-vs	w:のに	-1.6306
n-vs	w:は	-0.0160
n-vs	w:へ	-0.9575
n-vs	w:べき	-1.3198
n-vs	w:ほとんど	-1.0964
n-vs	w:ほど	-0.9468
n-vs	w:まだ	-1.2793
n-vs	w:まで	-0.8568
n-vs	w:みんな	-1.0749
n-vs	w:も	0.1273
n-vs	w:もう	-1.4044
n-vs	w:もし	-1.0330
n-vs	w:もっと	-1.2016
n-vs	w:もの	-2.2253
n-vs	w:や	0.4767
n-vs	w:よ	-2.4572
n-vs	w:よい	-1.5287
n-vs	w:よう	-0.9463
n-vs	w:ような	-1.1312
n-vs	w:ように	-1.7830
n-vs	w:よく	-1.7368
n-vs	w:より	-0.1118
n-vs	w:よりも	-0.2909
n-vs	w:を	1.3352
n-vs	w:ん	-1.0152
n-vs	w:んだ	-1.1470
n-vs	w:んです	-0.9297
num	BOUNDARY	-1.3810
num	adj-i	-0.8786
num	adj-na	-0.7216
num	adj-no	0.8509
num	adj-pn	-1.3156
num	adv	0.2291
num	aux-v	-1.2672
num	ctr	2.5448
num	exp	-0.3581
num	exp-v	-0.5388
num	n	0.2064
num	n-suf	1.0856
num	n-vs	-1.3986
num	num	1.2972
num	pn	-1.3174
num	suf	1.8593
num	v1	-0.8161
num	v5	-0.4429
num	v5:た	-0.4069
num	v5:る	0.0370
num	w:あります	0.6071
num	w:ある	0.4323
num	w:が	-0.9689
num	w:その	-0.7737
num	w:で	-0.4503
num	w:と	-0.4217
num	w:に	-0.2644
num	w:の	1.4623
num	w:は	-1.4059
num	w:を	-0.5238
pn	BOUNDARY	-3.1406
pn	adj-f	-1.1515
pn	adj-i	-3.2750
pn	adj-i:い	-3.0499
pn	adj-i:く	-2.0585
pn	adj-i:た	-1.3823
pn	adj-na	-3.5590
pn	adj-no	-3.2592
pn	adj-pn	-4.0584
pn	adv	-2.5644
pn	aux	-0.8435
pn	aux-adj	-0.4632
pn	aux-adj:い	-0.1406
pn	aux-v	-3.4536
pn	aux-v:い	-1.7769
pn	aux-v:う	-1.6323
pn	aux-v:き	-0.9171
pn	aux-v:く	-1.5994
pn	aux-v:す	-1.6255
pn	aux-v:た	-2.6470
pn	aux-v:て	-1.8915
pn	aux-v:ば	-1.0587
pn	aux-v:ら	-0.9447
pn	aux-v:る	-2.6281
pn	aux-v:れ	-0.7755
pn	aux-v:ん	-1.5645
pn	aux:ば	-0.6988
pn	conj	-1.4794
pn	cop	-0.7893
pn	ctr	-2.4260
pn	exp	-1.3742
pn	exp-adj	-1.0899
pn	exp-adj:い	-1.1374
pn	exp-adj:く	-0.7487
pn	exp-adj:た	-0.2610
pn	exp-v	-2.7839
pn	exp-v:い	-1.1827
pn	exp-v:う	-0.8509
pn	exp-v:す	-1.1310
pn	exp-v:た	-2.4134
pn	exp-v:て	-1.0453
pn	exp-v:る	-2.5177
pn	int	-1.1106
pn	n	-3.6156
pn	n-pref	-1.3134
pn	n-suf	-1.8548
pn	n-vs	-3.8631
pn	num	-0.6242
pn	pn	-3.4418
pn	pref	-2.0706
pn	prt	-0.5769
pn	suf	-1.2686
pn	v1	-3.5802
pn	v1:い	-1.3848
pn	v1:う	-0.7013
pn	v1:す	-1.2364
pn	v1:た	-3.1743
pn	v1:て	-1.8298
pn	v1:る	-3.0593
pn	v5	-3.7112
pn	v5:い	-1.9135
pn	v5:う	-2.3009
pn	v5:き	-0.7136
pn	v5:く	-1.7624
pn	v5:す	-2.1649
pn	v5:せ	-0.7801
pn	v5:た	-3.5956
pn	v5:だ	-1.6106
pn	v5:つ	-0.9330
pn	v5:て	-2.5643
pn	v5:で	-1.3910
pn	v5:ば	-0.8928
pn	v5:み	-0.6963
pn	v5:む	-1.2393
pn	v5:ら	-0.8402
pn	v5:り	-0.9038
pn	v5:る	-3.1576
pn	v5:ん	-1.0269
pn	vs-i	-1.2173
pn	vs-i:る	-0.8445
pn	w:あった	-0.9070
pn	w:あなた	-2.4799
pn	w:あの	-1.4397
pn	w:あります	-1.2916
pn	w:ある	-2.2769
pn	w:いい	-1.3250
pn	w:いう	-0.8928
pn	w:いけない	-0.7846
pn	w:いつ	-0.6046
pn	w:いつも	-1.2707
pn	w:いる	-1.0714
pn	w:お	-1.2000
pn	w:か	-1.7236
pn	w:から	0.3637
pn	w:が	1.1913
pn	w:きた	-1.1656
pn	w:ください	-1.6866
pn	w:くれた	-1.2218
pn	w:くれる	-0.7708
pn	w:ここ	-1.4666
pn	w:こと	-2.9955
pn	w:この	-2.5126
pn	w:これ	-1.5062
pn	w:ご	-0.8183
pn	w:さ	-0.9191
pn	w:された	-1.0534
pn	w:さん	-0.7702
pn	w:し	-1.7433
pn	w:した	-3.0353
pn	w:したい	-0.7355
pn	w:して	-2.2953
pn	w:していた	-1.1028
pn	w:している	-1.9890
pn	w:しない	-0.9131
pn	w:します	-1.0621
pn	w:しまった	-1.0512
pn	w:すぐ	-0.7592
pn	w:すぐに	-0.8763
pn	w:する	-2.8128
pn	w:ずっと	-0.8027
pn	w:そう	-1.0215
pn	w:そこ	-0.9271
pn	w:その	-3.3809
pn	w:それ	-2.0495
pn	w:そんな	-0.9941
pn	w:たい	-1.4666
pn	w:たくさん	-1.1275
pn	w:たち	1.3806
pn	w:ため	-0.8969
pn	w:ために	-1.5151
pn	w:だ	-0.5089
pn	w:だけ	0.5562
pn	w:だった	-1.4201
pn	w:だろう	-1.3657
pn	w:つもり	-1.0810
pn	w:で	-0.9620
pn	w:であった	-0.4204
pn	w:である	-1.7888
pn	w:できない	-0.8804
pn	w:できる	-0.8763
pn	w:でした	-0.2437
pn	w:でしょう	-1.3439
pn	w:です	-1.5705
pn	w:ですか	0.8643
pn	w:ではない	-0.3676
pn	w:でも	1.2251
pn	w:と	0.4577
pn	w:という	-1.0673
pn	w:とき	-1.2902
pn	w:ところ	-1.2594
pn	w:として	-0.7937
pn	w:とても	-1.7049
pn	w:とは	0.6054
pn	w:どう	-1.0070
pn	w:どこ	-0.8659
pn	w:どんな	-0.7307
pn	w:な	-0.7144
pn	w:ない	-1.7086
pn	w:なかった	-0.8072
pn	w:なさい	-1.8559
pn	w:なら	0.2579
pn	w:なんて	-0.8531
pn	w:に	0.7612
pn	w:について	-0.4392
pn	w:になった	-1.0323
pn	w:には	1.1734
pn	w:にも	0.5080
pn	w:ね	-1.2363
pn	w:の	1.1738
pn	w:のだ	-0.4527
pn	w:ので	-1.6244
pn	w:のです	-0.7905
pn	w:のに	-1.3633
pn	w:は	1.9482
pn	w:へ	-0.1320
pn	w:べき	-1.0793
pn	w:ほとんど	-0.8804
pn	w:ほど	0.1167
pn	w:まだ	-1.0429
pn	w:まで	-0.9399
pn	w:みんな	0.3016
pn	w:も	0.4321
pn	w:もう	-1.3227
pn	w:もし	-0.8249
pn	w:もっと	-0.9735
pn	w:もの	-1.9239
pn	w:や	-0.4640
pn	w:よ	-1.8536
pn	w:よい	-1.2693
pn	w:よう	-0.7498
pn	w:ような	-0.9111
pn	w:ように	-1.5051
pn	w:よく	-1.4620
pn	w:より	1.0557
pn	w:よりも	0.9404
pn	w:を	-0.0797
pn	w:ん	-0.6271
pn	w:んだ	-0.9251
pn	w:んです	-0.7355
pref	BOUNDARY	-1.3416
pref	adj-i	-1.5190
pref	adj-i:い	-1.2431
pref	adj-na	-1.2823
pref	adj-no	-2.1976
pref	adj-pn	-2.0684
pref	adv	-1.5575
pref	aux-v	-1.8281
pref	aux-v:た	-0.8698
pref	aux-v:る	-0.7465
pref	conj	-0.2484
pref	ctr	-0.7353
pref	exp	-1.1698
pref	exp-v	-0.9268
pref	exp-v:た	-0.7283
pref	n	-0.9612
pref	n-suf	-0.6261
pref	n-vs	-1.0429
pref	pn	-1.8882
pref	prt	-0.3822
pref	suf	-0.4462
pref	v1	-0.2218
pref	v1:た	-0.6215
pref	v1:て	0.1558
pref	v1:る	0.0165
pref	v5	-1.1015
pref	v5:す	-0.5680
pref	v5:た	-0.7158
pref	v5:て	-0.6601
pref	v5:る	-0.8727
pref	w:か	-0.1718
pref	w:から	0.7631
pref	w:が	0.6983
pref	w:こと	-0.9710
pref	w:この	-0.8777
pref	w:した	-0.9972
pref	w:する	-0.5188
pref	w:その	-1.3763
pref	w:だ	0.1670
pref	w:で	-0.1706
pref	w:です	1.0668
pref	w:でも	1.0260
pref	w:と	0.2940
pref	w:に	0.1623
pref	w:について	0.4819
pref	w:には	0.2406
pref	w:の	0.3610
pref	w:は	0.8451
pref	w:ほど	0.6404
pref	w:も	0.2866
pref	w:を	2.0896
prt	BOUNDARY	1.0463
prt	adj-f	0.4093
prt	adj-i	-0.1274
prt	adj-i:い	-0.2390
prt	adj-i:く	0.2766
prt	adj-na	-0.0866
prt	adj-no	-0.7748
prt	adj-pn	-1.6206
prt	adv	-0.4165
prt	aux	0.5613
prt	aux-v	0.5854
prt	aux-v:い	0.9246
prt	aux-v:す	0.0368
prt	aux-v:た	0.7220
prt	aux-v:て	-0.1208
prt	aux-v:ば	0.7783
prt	aux-v:る	0.0169
prt	aux-v:ん	0.3350
prt	conj	-0.2579
prt	ctr	-1.0677
prt	exp	-0.1167
prt	exp-adj	0.6770
prt	exp-adj:い	0.4620
prt	exp-adj:く	0.8200
prt	exp-v	-0.1224
prt	exp-v:い	0.3979
prt	exp-v:た	-0.3656
prt	exp-v:る	0.0943
prt	n	-0.9684
prt	n-suf	-0.7045
prt	n-vs	-0.6602
prt	pn	-0.6325
prt	pref	-0.2486
prt	prt	0.2343
prt	suf	-0.7663
prt	v1	0.0681
prt	v1:い	0.9604
prt	v1:た	-0.1640
prt	v1:て	-0.4664
prt	v1:る	-0.1830
prt	v5	0.4630
prt	v5:い	1.4086
prt	v5:う	0.4056
prt	v5:す	0.0120
prt	v5:た	0.3175
prt	v5:て	-0.0007
prt	v5:る	0.2211
prt	v5:ん	0.7149
prt	w:あなた	-0.1900
prt	w:ある	-0.5083
prt	w:いる	1.3644
prt	w:か	1.3130
prt	w:から	-0.6508
prt	w:が	-1.2035
prt	w:こと	-0.4811
prt	w:この	-1.0617
prt	w:し	0.1533
prt	w:した	-1.0513
prt	w:して	-0.6741
prt	w:している	0.3580
prt	w:する	-0.1181
prt	w:そう	0.4543
prt	w:その	-0.4898
prt	w:それ	-0.3699
prt	w:たい	1.1999
prt	w:だ	0.2402
prt	w:だった	0.4193
prt	w:で	-0.2765
prt	w:である	0.1244
prt	w:できない	0.7614
prt	w:です	0.3229
prt	w:ではない	0.4087
prt	w:と	-0.1141
prt	w:な	0.2676
prt	w:ない	0.5762
prt	w:なさい	0.5648
prt	w:に	-1.6264
prt	w:には	-0.9526
prt	w:ね	1.0688
prt	w:の	-0.5941
prt	w:は	-2.0832
prt	w:も	-0.1218
prt	w:よ	0.7740
prt	w:を	-1.6612
suf	BOUNDARY	-2.2734
suf	adj-i	-2.1450
suf	adj-i:い	-2.0957
suf	adj-i:く	-1.2743
suf	adj-na	-2.0979
suf	adj-no	-1.9688
suf	adj-pn	-3.0580
suf	adv	-1.9895
suf	aux	0.5996
suf	aux-v	-1.3846
suf	aux-v:い	-0.7364
suf	aux-v:う	-0.4798
suf	aux-v:く	-0.6113
suf	aux-v:す	-1.0559
suf	aux-v:た	-0.7495
suf	aux-v:て	-1.2639
suf	aux-v:る	-0.9041
suf	aux-v:ん	-0.7697
suf	aux:す	0.5678
suf	conj	-0.1681
suf	ctr	-1.5803
suf	exp	-0.5104
suf	exp-adj	-0.2855
suf	exp-adj:い	-0.4820
suf	exp-v	-1.2747
suf	exp-v:た	-1.2331
suf	exp-v:て	-0.3724
suf	exp-v:る	-0.8100
suf	n	-2.4858
suf	n-suf	-1.1548
suf	n-vs	-1.7844
suf	pn	-3.2427
suf	pref	-1.1394
suf	prt	0.4467
suf	suf	-1.1898
suf	v1	-1.0744
suf	v1:た	-0.8588
suf	v1:て	-0.6307
suf	v1:る	-0.8794
suf	v5	-1.6674
suf	v5:い	-1.2086
suf	v5:う	-1.4741
suf	v5:く	-0.7259
suf	v5:す	-1.2667
suf	v5:た	-1.4584
suf	v5:だ	-0.9303
suf	v5:て	-1.0800
suf	v5:る	-1.3595
suf	w:あなた	-1.4712
suf	w:ある	-1.1212
suf	w:いい	-0.7313
suf	w:いる	0.1235
suf	w:か	-1.4361
suf	w:から	1.0673
suf	w:が	1.2846
suf	w:ください	-0.3842
suf	w:ここ	-0.7043
suf	w:こと	-1.9206
suf	w:この	-1.7900
suf	w:これ	-0.7306
suf	w:さ	1.6216
suf	w:し	-0.8946
suf	w:した	-1.7740
suf	w:して	-1.3184
suf	w:している	-0.8942
suf	w:する	-1.1702
suf	w:そう	0.3534
suf	w:その	-2.4433
suf	w:それ	-1.1230
suf	w:たい	0.6307
suf	w:たち	0.2880
suf	w:ために	-0.7365
suf	w:だ	1.1126
suf	w:だけ	0.3584
suf	w:だった	0.9067
suf	w:だろう	-0.8672
suf	w:で	1.3005
suf	w:である	0.7637
suf	w:でした	0.6207
suf	w:です	1.2429
suf	w:ですか	0.4755
suf	w:ではない	1.1652
suf	w:でも	0.6786
suf	w:と	0.4046
suf	w:という	0.2326
suf	w:として	0.3772
suf	w:とても	-0.8672
suf	w:とは	0.4872
suf	w:な	-0.0352
suf	w:ない	-0.8698
suf	w:なさい	0.9405
suf	w:なら	1.0768
suf	w:に	1.0733
suf	w:には	1.0335
suf	w:にも	0.4298
suf	w:ね	-0.1876
suf	w:の	1.1787
suf	w:ので	-0.8108
suf	w:のです	-0.8397
suf	w:は	0.8140
suf	w:へ	0.6104
suf	w:ほど	0.2443
suf	w:まで	0.2793
suf	w:も	1.7331
suf	w:もの	-0.2387
suf	w:や	0.6362
suf	w:よ	-0.8715
suf	w:ように	-0.7298
suf	w:よく	-0.7013
suf	w:より	0.5737
suf	w:よりも	0.4781
suf	w:を	1.3159
unc	BOUNDARY	-0.3706
unc	v1	1.3995
unc	v1:て	1.0772
unc	v1:る	0.6510
unc	w:する	0.8428
v-other	BOUNDARY	0.6472
v-other	adj-no	0.3160
v-other	exp	0.6424
v-other	exp-adj	0.5929
v-other	n	-0.1202
v-other	n-vs	0.1630
v-other	pn	0.2369
v-other	v5	-0.4430
v-other	w:の	-0.7315
v-other	w:は	-1.0315
v-other	w:を	-0.8226
v-other:ず	BOUNDARY	0.1267
v-other:ず	adj-no	0.5719
v-other:ず	exp-adj	0.6469
v-other:ず	n	0.1651
v-other:ず	n-vs	0.4926
v-other:ず	pn	0.5029
v-other:ず	w:は	-0.7239
v-other:り	BOUNDARY	0.9075
v-other:る	BOUNDARY	0.3836
v-other:寝	exp	0.8331
v1	BOUNDARY	1.1593
v1	adj-f	-0.4107
v1	adj-i	-1.3904
v1	adj-i:い	-1.4048
v1	adj-i:く	-1.3426
v1	adj-i:た	-0.2579
v1	adj-na	-1.2058
v1	adj-no	-0.8624
v1	adj-pn	-2.7304
v1	adv	-1.1977
v1	aux	0.0755
v1	aux-adj	0.2138
v1	aux-adj:い	0.4609
v1	aux-v	0.7332
v1	aux-v:い	0.6947
v1	aux-v:う	1.0841
v1	aux-v:き	0.4969
v1	aux-v:く	0.8008
v1	aux-v:す	0.7359
v1	aux-v:た	0.5572
v1	aux-v:て	0.3927
v1	aux-v:ば	0.3107
v1	aux-v:ら	0.4147
v1	aux-v:り	0.2753
v1	aux-v:る	0.6110
v1	aux-v:れ	1.0297
v1	aux-v:ん	0.8972
v1	aux:い	0.5666
v1	aux:ば	0.1045
v1	conj	-0.4483
v1	cop	0.5015
v1	cop:だ	0.8314
v1	ctr	-1.4394
v1	exp	0.2028
v1	exp-adj	0.5547
v1	exp-adj:い	0.7539
v1	exp-adj:く	-0.3267
v1	exp-adj:た	-0.1346
v1	exp-v	0.6237
v1	exp-v:い	0.6591
v1	exp-v:う	-0.0312
v1	exp-v:し	0.6898
v1	exp-v:す	0.6429
v1	exp-v:た	0.8443
v1	exp-v:て	-0.7667
v1	exp-v:る	0.8467
v1	int	-0.1743
v1	n	-1.0768
v1	n-pref	-0.1933
v1	n-suf	-0.2259
v1	n-vs	-1.3816
v1	num	-0.9703
v1	pn	-2.3434
v1	pref	-1.1774
v1	prt	0.7255
v1	suf	-0.0654
v1	v1	-1.2314
v1	v1:い	-0.4273
v1	v1:す	-0.8948
v1	v1:た	-1.0964
v1	v1:て	-1.5150
v1	v1:る	-0.9826
v1	v5	-1.3946
v1	v5:い	-0.6932
v1	v5:う	-2.0900
v1	v5:く	-0.6983
v1	v5:す	-1.7278
v1	v5:た	-1.2887
v1	v5:だ	-0.7275
v1	v5:つ	-0.6161
v1	v5:て	-1.5905
v1	v5:で	-0.8851
v1	v5:ば	-0.4256
v1	v5:む	-0.7434
v1	v5:ら	-0.7147
v1	v5:り	0.0173
v1	v5:る	-1.3587
v1	v5:ん	0.3398
v1	vs-i	-0.7230
v1	vs-i:る	-0.7186
v1	w:あった	-0.4385
v1	w:あなた	-1.7990
v1	w:あの	-1.0850
v1	w:あります	-0.9462
v1	w:ある	-1.8886
v1	w:いい	0.5559
v1	w:いう	-0.7621
v1	w:いつも	-1.1091
v1	w:いる	-0.9109
v1	w:お	-1.0311
v1	w:か	0.8197
v1	w:から	0.0979
v1	w:が	-1.1841
v1	w:きた	2.1912
v1	w:ください	1.7945
v1	w:くれた	1.6445
v1	w:くれる	1.9123
v1	w:ここ	-1.2927
v1	w:こと	1.2314
v1	w:この	-2.2951
v1	w:これ	-1.1478
v1	w:ご	-0.6951
v1	w:さ	-0.7859
v1	w:された	-0.9083
v1	w:さん	-0.8162
v1	w:し	-0.4569
v1	w:した	-2.8152
v1	w:して	-1.7523
v1	w:していた	-0.7713
v1	w:している	-1.7917
v1	w:しない	-0.5981
v1	w:します	-0.7339
v1	w:しまった	1.9213
v1	w:すぐに	-0.9131
v1	w:する	-2.2593
v1	w:そう	0.0765
v1	w:そこ	-0.7774
v1	w:その	-2.0571
v1	w:それ	-1.3801
v1	w:そんな	-0.8540
v1	w:たい	0.5636
v1	w:たくさん	-0.9763
v1	w:たち	-0.9852
v1	w:ため	0.5692
v1	w:ために	1.2862
v1	w:だ	-2.6604
v1	w:だけ	0.6108
v1	w:だった	-1.9118
v1	w:だろう	1.4123
v1	w:つもり	1.0405
v1	w:で	-3.1790
v1	w:である	-1.9235
v1	w:できない	-0.5686
v1	w:できる	-0.5648
v1	w:でした	-0.7069
v1	w:でしょう	1.2205
v1	w:です	-2.4515
v1	w:ですか	-1.5195
v1	w:ではない	-1.2274
v1	w:でも	-0.8540
v1	w:と	0.7469
v1	w:という	0.4140
v1	w:とき	1.1135
v1	w:ところ	1.3174
v1	w:とても	-1.1824
v1	w:とは	0.7151
v1	w:どう	-0.5293
v1	w:どこ	-0.9035
v1	w:な	1.1579
v1	w:ない	-1.5224
v1	w:なさい	1.0176
v1	w:なら	-0.0399
v1	w:なんて	0.9601
v1	w:に	-1.5821
v1	w:について	-1.1501
v1	w:になった	-0.7066
v1	w:には	-1.0517
v1	w:にも	-0.7490
v1	w:ね	0.7351
v1	w:の	-0.1309
v1	w:のだ	0.8571
v1	w:ので	1.5928
v1	w:のです	1.2656
v1	w:のに	1.1653
v1	w:は	-2.2433
v1	w:へ	-1.7910
v1	w:べき	1.4289
v1	w:ほとんど	-0.7509
v1	w:ほど	1.2954
v1	w:まだ	-0.8986
v1	w:まで	-0.2603
v1	w:みんな	-0.7339
v1	w:も	0.3891
v1	w:もう	-0.9753
v1	w:もし	-0.7010
v1	w:もっと	-0.8353
v1	w:もの	1.2964
v1	w:よ	1.0278
v1	w:よい	0.1732
v1	w:よう	1.0148
v1	w:ような	1.1085
v1	w:ように	1.8978
v1	w:よく	-1.1060
v1	w:より	0.1004
v1	w:を	-4.3755
v1	w:ん	0.8815
v1	w:んだ	1.2369
v1	w:んです	0.7652
v1:い	BOUNDARY	1.2410
v1:い	adj-i	-0.9328
v1:い	adj-i:い	-0.7255
v1:い	adj-na	-1.1184
v1:い	adj-no	-1.3191
v1:い	adj-pn	-1.3829
v1:い	adv	-1.1127
v1:い	aux-v	-1.3334
v1:い	exp	-0.6217
v1:い	exp-adj	0.4316
v1:い	exp-adj:い	0.5170
v1:い	exp-v	0.4570
v1:い	exp-v:る	0.4340
v1:い	n	-1.4357
v1:い	n-suf	-0.2648
v1:い	n-vs	-1.3174
v1:い	pn	-1.3848
v1:い	prt	0.6550
v1:い	v1	-1.2157
v1:い	v5	-1.9556
v1:い	v5:た	-1.0530
v1:い	v5:る	-0.7009
v1:い	w:が	-0.9213
v1:い	w:こと	0.1573
v1:い	w:その	-0.6414
v1:い	w:だ	-0.7082
v1:い	w:だろう	1.8245
v1:い	w:で	-0.6550
v1:い	w:でしょう	0.9981
v1:い	w:と	0.8788
v1:い	w:に	-1.3770
v1:い	w:の	-0.3489
v1:い	w:ので	0.6469
v1:い	w:のです	0.6399
v1:い	w:は	-2.3634
v1:い	w:ほど	1.0319
v1:い	w:よ	0.6600
v1:い	w:ように	2.3107
v1:い	w:を	-1.8233
v1:い	w:んだ	0.7332
v1:う	BOUNDARY	0.6447
v1:う	adj-no	-0.8912
v1:う	adj-pn	-0.7000
v1:う	adv	-0.7451
v1:う	exp-v	2.3905
v1:う	exp-v:い	0.6649
v1:う	exp-v:た	2.1764
v1:う	exp-v:る	1.6569
v1:う	n	-1.6536
v1:う	n-vs	-0.8899
v1:う	pn	-0.7013
v1:う	v5	-1.1184
v1:う	w:が	-0.1988
v1:う	w:と	1.7999
v1:う	w:とは	0.7641
v1:う	w:に	-0.8220
v1:う	w:の	-0.9119
v1:う	w:は	-1.4511
v1:う	w:を	-1.0162
v1:え	aux-v	0.5620
v1:え	exp	0.6769
v1:き	BOUNDARY	-0.2664
v1:き	exp	0.6561
v1:き	w:なさい	1.2117
v1:く	BOUNDARY	-0.7218
v1:く	aux-v	1.8767
v1:く	aux-v:た	1.4800
v1:く	aux-v:る	1.1355
v1:け	BOUNDARY	0.0039
v1:け	exp	0.7892
v1:け	v5	0.3101
v1:け	w:たい	0.6836
v1:け	w:なさい	0.9401
v1:じ	aux-v	0.5996
v1:す	BOUNDARY	1.4356
v1:す	adj-i	-0.8145
v1:す	adj-na	-0.9862
v1:す	adj-no	-1.1580
v1:す	adj-pn	-1.2347
v1:す	adv	-1.2975
v1:す	aux-v	-1.1878
v1:す	exp	-1.0713
v1:す	exp-v	-0.8113
v1:す	n	-2.2298
v1:す	n-suf	-0.7411
v1:す	n-vs	-1.4928
v1:す	pn	-1.2364
v1:す	v1	-1.0772
v1:す	v5	-1.7837
v1:す	v5:た	-0.9254
v1:す	w:か	2.6675
v1:す	w:が	-0.7667
v1:す	w:その	-0.7148
v1:す	w:で	-0.7272
v1:す	w:と	-0.5178
v1:す	w:に	-1.4024
v1:す	w:の	-1.3393
v1:す	w:は	-2.1811
v1:す	w:よ	1.5773
v1:す	w:を	-1.6558
v1:ず	BOUNDARY	-0.2899
v1:ず	n	-0.7417
v1:ず	w:に	1.9835
v1:ず	w:は	-0.7771
v1:た	BOUNDARY	1.6266
v1:た	adj-i	-2.3668
v1:た	adj-i:い	-2.0320
v1:た	adj-i:く	-1.2235
v1:た	adj-na	-2.2314
v1:た	adj-no	-1.1867
v1:た	adj-pn	-2.8355
v1:た	adv	-1.1518
v1:た	aux-v	-3.1081
v1:た	aux-v:い	-0.8765
v1:た	aux-v:う	-0.7771
v1:た	aux-v:く	-0.7552
v1:た	aux-v:す	-1.0100
v1:た	aux-v:た	-1.9688
v1:た	aux-v:て	-1.2133
v1:た	aux-v:る	-1.5409
v1:た	aux-v:ん	-0.7321
v1:た	conj	-1.1622
v1:た	ctr	-1.0542
v1:た	exp	-0.8160
v1:た	exp-adj	0.9437
v1:た	exp-adj:い	1.1412
v1:た	exp-v	-0.7521
v1:た	exp-v:す	0.5241
v1:た	exp-v:た	-1.0435
v1:た	exp-v:て	-0.9168
v1:た	exp-v:る	-0.3496
v1:た	n	-1.0173
v1:た	n-suf	-0.6668
v1:た	n-vs	-1.9809
v1:た	pn	-2.2188
v1:た	pref	-0.5037
v1:た	prt	0.4180
v1:た	suf	-0.2909
v1:た	v1	-2.9527
v1:た	v1:た	-2.0205
v1:た	v1:て	-1.3656
v1:た	v1:る	-1.9170
v1:た	v5	-3.8594
v1:た	v5:い	-1.3378
v1:た	v5:う	-1.4196
v1:た	v5:く	-0.8664
v1:た	v5:す	-1.5467
v1:た	v5:た	-2.7266
v1:た	v5:だ	-0.8878
v1:た	v5:て	-1.8946
v1:た	v5:る	-2.1715
v1:た	w:あなた	-1.2345
v1:た	w:ある	-1.2521
v1:た	w:いい	-0.5126
v1:た	w:か	0.2124
v1:た	w:から	-0.3979
v1:た	w:が	-0.8457
v1:た	w:ください	-0.8139
v1:た	w:こと	0.5558
v1:た	w:この	-1.7310
v1:た	w:これ	-0.6943
v1:た	w:し	-0.5166
v1:た	w:した	-1.8955
v1:た	w:して	-1.2667
v1:た	w:している	-1.0301
v1:た	w:する	-1.6994
v1:た	w:その	-1.9084
v1:た	w:それ	-1.0755
v1:た	w:ために	-0.5176
v1:た	w:だ	-2.1843
v1:た	w:だけ	0.3827
v1:た	w:だった	-1.1241
v1:た	w:だろう	0.4313
v1:た	w:で	-2.4003
v1:た	w:である	-1.1333
v1:た	w:です	-1.7331
v1:た	w:ですか	-0.9615
v1:た	w:と	-1.0171
v1:た	w:とき	1.1620
v1:た	w:ところ	0.8924
v1:た	w:とても	-0.8265
v1:た	w:ない	-0.8290
v1:た	w:なさい	-0.9326
v1:た	w:に	-2.4370
v1:た	w:には	-1.6038
v1:た	w:ね	-0.1498
v1:た	w:の	-0.5673
v1:た	w:のだ	0.3981
v1:た	w:ので	1.9092
v1:た	w:のです	1.3284
v1:た	w:は	-4.3130
v1:た	w:へ	-1.0296
v1:た	w:まで	-0.8426
v1:た	w:も	-1.5356
v1:た	w:もの	1.0721
v1:た	w:よ	0.0969
v1:た	w:よう	0.4164
v1:た	w:ように	-0.1058
v1:た	w:を	-3.7070
v1:た	w:んだ	1.0254
v1:て	BOUNDARY	-0.7373
v1:て	adj-i	-0.0766
v1:て	adj-i:い	-0.1991
v1:て	adj-i:く	-0.1398
v1:て	adj-i:た	0.4663
v1:て	adj-na	-0.6017
v1:て	adj-no	-0.5409
v1:て	adj-pn	-1.2522
v1:て	adv	-0.4938
v1:て	aux-adj	0.5692
v1:て	aux-adj:い	0.6730
v1:て	aux-v	2.3691
v1:て	aux-v:い	1.7759
v1:て	aux-v:う	2.0800
v1:て	aux-v:き	1.0487
v1:て	aux-v:く	1.7672
v1:て	aux-v:す	1.9091
v1:て	aux-v:た	1.9368
v1:て	aux-v:て	1.6023
v1:て	aux-v:ば	0.9482
v1:て	aux-v:ら	1.0413
v1:て	aux-v:り	0.6861
v1:て	aux-v:る	1.8279
v1:て	aux-v:れ	1.4295
v1:て	aux-v:ん	1.8894
v1:て	conj	-0.9362
v1:て	ctr	-0.6197
v1:て	exp	0.8909
v1:て	exp-adj	-0.0261
v1:て	exp-adj:い	-0.2548
v1:て	exp-v	-0.5487
v1:て	exp-v:た	0.0818
v1:て	exp-v:る	-0.5604
v1:て	int	0.6653
v1:て	n	-0.7184
v1:て	n-suf	-0.6229
v1:て	n-vs	-0.3943
v1:て	pn	-1.3190
v1:て	prt	-0.0609
v1:て	suf	-0.4636
v1:て	v1	-0.0334
v1:て	v1:た	0.2030
v1:て	v1:て	-0.3636
v1:て	v1:る	0.0036
v1:て	v5	0.1490
v1:て	v5:い	0.2861
v1:て	v5:う	-0.6925
v1:て	v5:く	0.2140
v1:て	v5:す	-0.5039
v1:て	v5:た	0.2433
v1:て	v5:だ	0.2952
v1:て	v5:て	-0.2289
v1:て	v5:る	0.1129
v1:て	v5:ん	1.0182
v1:て	w:あなた	-0.6904
v1:て	w:ある	-0.5663
v1:て	w:いい	1.0164
v1:て	w:か	-1.3159
v1:て	w:から	0.6452
v1:て	w:が	-2.5667
v1:て	w:きた	2.9549
v1:て	w:ください	2.7739
v1:て	w:くれた	2.4420
v1:て	w:くれる	2.4270
v1:て	w:こと	-1.2294
v1:て	w:この	-0.7860
v1:て	w:した	-1.2592
v1:て	w:して	-0.7594
v1:て	w:しまった	2.7258
v1:て	w:する	-1.0966
v1:て	w:その	-0.8045
v1:て	w:だ	-1.5078
v1:て	w:で	-1.6996
v1:て	w:です	-1.1241
v1:て	w:と	-1.3199
v1:て	w:に	-2.4437
v1:て	w:には	-1.0194
v1:て	w:ね	0.3920
v1:て	w:の	-2.4343
v1:て	w:は	-0.4968
v1:て	w:も	1.8198
v1:て	w:よ	-0.3063
v1:て	w:よい	0.5934
v1:て	w:を	-2.7474
v1:で	BOUNDARY	0.0616
v1:で	aux-v	0.6505
v1:で	exp	0.9706
v1:で	n	-0.7533
v1:で	w:ください	1.0149
v1:で	w:ね	1.0858
v1:ば	BOUNDARY	0.7898
v1:べ	BOUNDARY	-0.9564
v1:べ	n	-0.7435
v1:べ	v5	0.4451
v1:べ	w:たい	1.3240
v1:べ	w:なさい	1.2061
v1:べ	w:に	0.7423
v1:め	BOUNDARY	-0.5966
v1:め	exp	0.5505
v1:め	v1	0.5493
v1:め	w:なさい	1.4220
v1:ら	BOUNDARY	0.9570
v1:ら	n	-0.6822
v1:ら	w:いい	0.8611
v1:ら	w:は	-0.7239
v1:り	BOUNDARY	0.2084
v1:り	v5	0.4590
v1:り	v5:り	0.6900
v1:る	BOUNDARY	0.9126
v1:る	adj-i	-2.1023
v1:る	adj-i:い	-1.7713
v1:る	adj-i:く	-1.1400
v1:る	adj-na	-0.7605
v1:る	adj-no	-0.4586
v1:る	adj-pn	-2.7204
v1:る	adv	-1.3487
v1:る	aux	0.1973
v1:る	aux-v	-2.8111
v1:る	aux-v:い	-0.8080
v1:る	aux-v:う	-0.7139
v1:る	aux-v:く	-0.6932
v1:る	aux-v:す	-0.9352
v1:る	aux-v:た	-1.8661
v1:る	aux-v:て	-1.1303
v1:る	aux-v:る	-1.4475
v1:る	conj	0.4499
v1:る	cop	0.8155
v1:る	cop:だ	0.9732
v1:る	ctr	-0.9613
v1:る	exp	0.2140
v1:る	exp-adj	-0.0283
v1:る	exp-adj:い	0.1445
v1:る	exp-v	1.1444
v1:る	exp-v:い	1.0287
v1:る	exp-v:し	0.5716
v1:る	exp-v:す	0.8626
v1:る	exp-v:た	1.1593
v1:る	exp-v:て	-0.2585
v1:る	exp-v:る	1.3098
v1:る	n	-0.9636
v1:る	n-pref	0.2648
v1:る	n-suf	0.3925
v1:る	n-vs	-1.3362
v1:る	pn	-2.7228
v1:る	pref	-0.8308
v1:る	prt	0.9156
v1:る	suf	0.3828
v1:る	v1	-2.6566
v1:る	v1:た	-1.9170
v1:る	v1:て	-1.2773
v1:る	v1:る	-1.6329
v1:る	v5	-3.5593
v1:る	v5:い	-1.2505
v1:る	v5:う	-1.3296
v1:る	v5:く	-0.7984
v1:る	v5:す	-1.4532
v1:る	v5:た	-2.6146
v1:る	v5:だ	-0.6364
v1:る	v5:て	-1.7933
v1:る	v5:る	-2.0656
v1:る	w:あなた	-1.1446
v1:る	w:ある	-1.1676
v1:る	w:か	0.0571
v1:る	w:から	0.1443
v1:る	w:が	-0.9956
v1:る	w:ください	-0.7487
v1:る	w:こと	2.0156
v1:る	w:この	-1.6331
v1:る	w:し	0.0897
v1:る	w:した	-1.7942
v1:る	w:して	-1.1817
v1:る	w:している	-0.9544
v1:る	w:する	-1.6021
v1:る	w:その	-2.2698
v1:る	w:それ	-0.9978
v1:る	w:ため	0.9107
v1:る	w:ために	1.9238
v1:る	w:だ	-2.0782
v1:る	w:だけ	0.7960
v1:る	w:だった	-1.0444
v1:る	w:だろう	1.6955
v1:る	w:つもり	1.5161
v1:る	w:で	-2.2914
v1:る	w:である	-1.0533
v1:る	w:でしょう	1.5874
v1:る	w:です	-1.6350
v1:る	w:ですか	-0.8888
v1:る	w:と	1.4795
v1:る	w:という	0.4814
v1:る	w:とき	1.0578
v1:る	w:ところ	1.5601
v1:る	w:とても	-0.7606
v1:る	w:とは	0.9342
v1:る	w:な	1.8343
v1:る	w:ない	-0.7629
v1:る	w:なさい	-0.8614
v1:る	w:なんて	1.3553
v1:る	w:に	-2.3209
v1:る	w:には	-0.0737
v1:る	w:ね	0.4220
v1:る	w:の	0.6715
v1:る	w:のだ	0.8330
v1:る	w:ので	1.0139
v1:る	w:のです	1.2105
v1:る	w:のに	1.7507
v1:る	w:は	-4.0120
v1:る	w:へ	-0.9539
v1:る	w:べき	1.9609
v1:る	w:ほど	1.5622
v1:る	w:まで	0.3873
v1:る	w:も	-1.4424
v1:る	w:もの	1.6252
v1:る	w:よ	1.2300
v1:る	w:よう	0.9142
v1:る	w:ような	1.4722
v1:る	w:ように	1.9895
v1:る	w:より	0.7152
v1:る	w:を	-3.5898
v1:る	w:ん	0.9495
v1:る	w:んだ	0.8978
v1:る	w:んです	0.7866
v1:れ	BOUNDARY	-0.1081
v1:れ	adj-na	0.6354
v1:れ	exp	0.8567
v1:れ	v1	0.6141
v1:ろ	BOUNDARY	0.7893
v1:ん	BOUNDARY	1.4312
v1:ん	n	-0.9088
v1:ん	w:か	1.1042
v1:ん	w:は	-0.9280
v5	BOUNDARY	1.1196
v5	adj-f	-0.5848
v5	adj-i	-1.1289
v5	adj-i:い	-1.1963
v5	adj-i:く	-1.3233
v5	adj-i:た	-0.0964
v5	adj-i:て	-0.8603
v5	adj-na	-1.1540
v5	adj-no	-1.1914
v5	adj-pn	-2.6971
v5	adj-t	-0.3590
v5	adv	-1.2620
v5	aux	0.5250
v5	aux-adj	0.3592
v5	aux-adj:い	0.6993
v5	aux-v	0.6003
v5	aux-v:い	0.6881
v5	aux-v:う	0.8475
v5	aux-v:き	-0.0110
v5	aux-v:く	0.1629
v5	aux-v:け	0.2761
v5	aux-v:す	0.4782
v5	aux-v:た	0.7254
v5	aux-v:だ	0.4845
v5	aux-v:て	0.2218
v5	aux-v:で	-0.4646
v5	aux-v:ば	-0.0458
v5	aux-v:ら	0.5141
v5	aux-v:り	0.0998
v5	aux-v:る	0.3816
v5	aux-v:れ	1.5181
v5	aux-v:ろ	0.5227
v5	aux-v:ん	0.9322
v5	aux:い	0.6591
v5	aux:ず	1.4530
v5	aux:だ	-0.8056
v5	aux:ば	0.0481
v5	aux:ら	0.5084
v5	conj	-0.3438
v5	cop	0.8172
v5	cop:だ	1.2781
v5	ctr	-1.0796
v5	exp	0.0782
v5	exp-adj	0.4581
v5	exp-adj:い	0.6454
v5	exp-adj:く	-1.2324
v5	exp-adj:た	0.2578
v5	exp-v	0.5402
v5	exp-v:い	0.7132
v5	exp-v:う	0.0214
v5	exp-v:く	-0.9837
v5	exp-v:し	0.9759
v5	exp-v:す	0.6916
v5	exp-v:た	0.6990
v5	exp-v:て	-0.9741
v5	exp-v:で	-0.8280
v5	exp-v:ば	-0.3790
v5	exp-v:る	0.8249
v5	exp-v:ん	0.2748
v5	int	-0.0579
v5	n	-1.0607
v5	n-pref	-0.7747
v5	n-suf	-0.0568
v5	n-vs	-1.6473
v5	num	-1.2902
v5	pn	-2.3249
v5	pref	-0.6315
v5	prt	0.8782
v5	suf	0.0709
v5	v-other	-0.9130
v5	v1	-1.1677
v5	v1:い	-1.0801
v5	v1:う	-0.7819
v5	v1:す	-0.9953
v5	v1:た	-1.1921
v5	v1:て	-1.1037
v5	v1:る	-0.9817
v5	v5	-1.0735
v5	v5:い	-1.4327
v5	v5:う	-1.7114
v5	v5:き	-0.7984
v5	v5:く	-0.9916
v5	v5:ぐ	-0.3668
v5	v5:し	-0.6009
v5	v5:す	-1.5126
v5	v5:ず	-0.3219
v5	v5:せ	-0.7522
v5	v5:た	-0.8535
v5	v5:だ	-0.2140
v5	v5:つ	-0.4617
v5	v5:て	-1.0080
v5	v5:で	-1.4928
v5	v5:ば	-0.6736
v5	v5:ぶ	-0.3132
v5	v5:み	-0.6417
v5	v5:む	-0.9987
v5	v5:ら	-0.8299
v5	v5:り	-0.1234
v5	v5:る	-1.2556
v5	v5:ん	-0.0981
v5	vs-i	-1.5790
v5	vs-i:た	-0.7400
v5	vs-i:る	-1.3054
v5	w:あった	-1.0482
v5	w:あなた	-2.1133
v5	w:あの	-1.2297
v5	w:あります	-1.8481
v5	w:ある	-2.3422
v5	w:いい	0.5299
v5	w:いう	-1.3667
v5	w:いけない	-1.0459
v5	w:いつ	-1.2312
v5	w:いつも	-1.8238
v5	w:いる	-1.2162
v5	w:お	-1.1643
v5	w:か	1.3329
v5	w:から	0.0544
v5	w:が	-1.2814
v5	w:きた	1.8833
v5	w:ください	1.7931
v5	w:くれた	1.7598
v5	w:くれる	1.6690
v5	w:ここ	-2.0488
v5	w:こと	1.4953
v5	w:この	-2.6503
v5	w:これ	-1.9112
v5	w:ご	-1.0895
v5	w:さ	-0.6113
v5	w:された	-1.5655
v5	w:さん	-1.2591
v5	w:し	-0.6706
v5	w:した	-2.8416
v5	w:したい	-0.8273
v5	w:して	-1.9197
v5	w:していた	-1.0374
v5	w:している	-2.0359
v5	w:しない	-0.6991
v5	w:します	-1.1060
v5	w:しまった	1.9668
v5	w:すぐ	-0.0964
v5	w:すぐに	-0.4087
v5	w:する	-2.2646
v5	w:ずっと	-0.9152
v5	w:そう	0.3297
v5	w:そこ	-0.7577
v5	w:その	-2.3383
v5	w:それ	-1.7330
v5	w:そんな	-1.4929
v5	w:たい	1.6401
v5	w:たくさん	-1.4724
v5	w:たち	-1.6663
v5	w:ため	0.7076
v5	w:ために	1.1849
v5	w:だ	-2.7074
v5	w:だけ	1.0798
v5	w:だった	-2.0633
v5	w:だろう	1.2168
v5	w:つもり	1.4831
v5	w:で	-2.3049
v5	w:であった	-1.1919
v5	w:である	-2.2993
v5	w:できない	-1.3511
v5	w:できる	-1.1635
v5	w:でした	-1.2887
v5	w:でしょう	1.3183
v5	w:です	-2.4985
v5	w:ですか	-1.5675
v5	w:ではない	-1.3821
v5	w:でも	-1.0229
v5	w:と	0.6608
v5	w:という	0.8336
v5	w:とき	1.5875
v5	w:ところ	1.2528
v5	w:として	-0.0162
v5	w:とても	-1.1516
v5	w:とは	1.0258
v5	w:どう	-0.1738
v5	w:どこ	-1.5591
v5	w:どんな	-0.6874
v5	w:な	1.1048
v5	w:ない	-2.3188
v5	w:なかった	-1.2575
v5	w:なさい	1.4943
v5	w:なら	0.5433
v5	w:なんて	1.0632
v5	w:に	-1.5030
v5	w:について	-1.8749
v5	w:になった	-0.8466
v5	w:には	-1.0514
v5	w:にも	-0.8784
v5	w:ね	0.4850
v5	w:の	0.0924
v5	w:のだ	1.4331
v5	w:ので	1.5024
v5	w:のです	1.4221
v5	w:のに	1.5836
v5	w:は	-2.5977
v5	w:へ	-2.6229
v5	w:べき	1.8436
v5	w:ほとんど	-1.1688
v5	w:ほど	1.1643
v5	w:まだ	-1.5527
v5	w:まで	0.3405
v5	w:みんな	-1.1448
v5	w:も	0.5720
v5	w:もう	-1.2964
v5	w:もし	-1.2803
v5	w:もっと	-0.9975
v5	w:もの	1.1502
v5	w:や	-1.0665
v5	w:よ	1.2255
v5	w:よい	0.4396
v5	w:よう	1.1969
v5	w:ような	1.1117
v5	w:ように	1.6782
v5	w:よく	-1.5735
v5	w:より	-0.0499
v5	w:よりも	-0.0621
v5	w:を	-2.3646
v5	w:ん	1.0220
v5	w:んだ	1.4376
v5	w:んです	1.4164
v5:い	BOUNDARY	1.1631
v5:い	adj-i	-0.9276
v5:い	adj-i:い	-0.6294
v5:い	adj-i:く	-0.7084
v5:い	adj-na	-1.8683
v5:い	adj-no	-1.7477
v5:い	adj-pn	-2.1989
v5:い	adv	-1.8732
v5:い	aux-v	-0.8859
v5:い	aux-v:た	-0.1309
v5:い	aux-v:て	-0.5188
v5:い	aux-v:る	-0.4763
v5:い	conj	-0.7313
v5:い	cop	0.8461
v5:い	cop:だ	0.8590
v5:い	ctr	-0.7510
v5:い	exp	0.3825
v5:い	exp-adj	0.7692
v5:い	exp-adj:い	0.9038
v5:い	exp-v	0.2299
v5:い	exp-v:し	1.0378
v5:い	exp-v:た	0.1735
v5:い	exp-v:る	-0.2871
v5:い	n	-1.4333
v5:い	n-suf	-0.4671
v5:い	n-vs	-2.3647
v5:い	pn	-2.3835
v5:い	prt	1.2834
v5:い	suf	0.5832
v5:い	v1	-1.3864
v5:い	v1:た	-1.3378
v5:い	v1:て	-0.3426
v5:い	v1:る	-0.9140
v5:い	v5	-0.8449
v5:い	v5:い	-0.0034
v5:い	v5:う	-0.8532
v5:い	v5:す	-0.6143
v5:い	v5:た	-0.7413
v5:い	v5:て	-0.3564
v5:い	v5:る	-0.5922
v5:い	w:あなた	-0.8511
v5:い	w:ある	-0.7290
v5:い	w:か	-0.2590
v5:い	w:から	-0.1660
v5:い	w:が	-1.0506
v5:い	w:こと	0.4833
v5:い	w:この	-1.0974
v5:い	w:し	0.6421
v5:い	w:した	-1.0502
v5:い	w:して	-0.5573
v5:い	w:する	-1.0718
v5:い	w:その	-1.6496
v5:い	w:たい	2.4421
v5:い	w:だ	-1.2964
v5:い	w:だろう	1.3317
v5:い	w:で	-0.6395
v5:い	w:でしょう	0.7312
v5:い	w:です	-0.7625
v5:い	w:と	0.8248
v5:い	w:とは	0.4789
v5:い	w:なさい	1.1783
v5:い	w:に	0.1687
v5:い	w:には	-0.8133
v5:い	w:ね	0.4041
v5:い	w:の	-0.5609
v5:い	w:ので	0.6932
v5:い	w:のです	1.0587
v5:い	w:は	-2.6104
v5:い	w:ほど	1.3218
v5:い	w:も	-0.0668
v5:い	w:もの	0.4888
v5:い	w:よ	1.7932
v5:い	w:よう	0.5648
v5:い	w:ように	2.0402
v5:い	w:を	-1.3682
v5:い	w:んだ	1.2639
v5:い	w:んです	1.3100
v5:う	BOUNDARY	0.5882
v5:う	adj-i	-1.7128
v5:う	adj-i:い	-1.4086
v5:う	adj-i:く	-0.7653
v5:う	adj-na	-0.5779
v5:う	adj-no	-1.1961
v5:う	adj-pn	-2.2986
v5:う	adv	-1.2264
v5:う	aux	0.4268
v5:う	aux-v	-1.8322
v5:う	aux-v:た	-1.1922
v5:う	aux-v:て	-0.7577
v5:う	aux-v:る	-0.8322
v5:う	conj	-0.2873
v5:う	ctr	-0.4133
v5:う	exp	-0.2361
v5:う	exp-adj	0.1538
v5:う	exp-adj:い	0.2672
v5:う	exp-v	1.8378
v5:う	exp-v:い	1.2563
v5:う	exp-v:す	0.4722
v5:う	exp-v:た	1.9414
v5:う	exp-v:る	1.8694
v5:う	n	-0.9977
v5:う	n-suf	0.7528
v5:う	n-vs	-1.4171
v5:う	pn	-2.1467
v5:う	prt	1.2165
v5:う	suf	0.5801
v5:う	v1	-2.0900
v5:う	v1:た	-1.4196
v5:う	v1:て	-0.8748
v5:う	v1:る	-1.1473
v5:う	v5	-2.4533
v5:う	v5:い	-0.8532
v5:う	v5:う	-0.9173
v5:う	v5:す	-1.0193
v5:う	v5:た	-1.4720
v5:う	v5:て	-1.3104
v5:う	v5:る	-1.5528
v5:う	w:あなた	-0.9151
v5:う	w:ある	-0.7871
v5:う	w:か	0.4874
v5:う	w:から	-0.7413
v5:う	w:が	-1.4700
v5:う	w:こと	2.5608
v5:う	w:この	-1.1715
v5:う	w:した	-1.3112
v5:う	w:して	-0.7982
v5:う	w:する	-0.9627
v5:う	w:その	-1.7388
v5:う	w:ため	0.5119
v5:う	w:ために	1.6322
v5:う	w:だ	-1.0942
v5:う	w:だけ	0.7406
v5:う	w:だろう	0.9226
v5:う	w:つもり	1.6508
v5:う	w:で	-1.5764
v5:う	w:である	-0.3613
v5:う	w:でしょう	1.1074
v5:う	w:です	-0.9909
v5:う	w:と	1.7816
v5:う	w:という	0.7236
v5:う	w:とき	0.7218
v5:う	w:として	0.9452
v5:う	w:とは	1.6200
v5:う	w:な	1.5832
v5:う	w:なら	1.0799
v5:う	w:なんて	1.5887
v5:う	w:に	-2.1050
v5:う	w:には	0.0327
v5:う	w:の	0.4940
v5:う	w:のだ	0.5409
v5:う	w:のです	0.8730
v5:う	w:のに	1.1000
v5:う	w:は	-3.5919
v5:う	w:べき	2.1061
v5:う	w:ほど	0.8732
v5:う	w:も	-1.0103
v5:う	w:もの	0.5107
v5:う	w:よ	1.2638
v5:う	w:よう	0.5510
v5:う	w:ような	0.6032
v5:う	w:ように	1.7830
v5:う	w:を	-2.9978
v5:う	w:んだ	0.5039
v5:え	BOUNDARY	0.5663
v5:え	exp	0.5922
v5:き	BOUNDARY	-0.7625
v5:き	adj-i	0.3591
v5:き	adj-no	-0.7233
v5:き	adj-pn	-0.7124
v5:き	adv	-0.2879
v5:き	aux-v	1.7006
v5:き	aux-v:た	1.9503
v5:き	aux-v:る	0.7212
v5:き	exp	0.5009
v5:き	n	-1.6733
v5:き	n-vs	-0.9043
v5:き	pn	-0.7136
v5:き	prt	1.0770
v5:き	v1	0.0914
v5:き	v5	0.2002
v5:き	v5:た	0.1929
v5:き	w:が	-0.6175
v5:き	w:たい	1.5671
v5:き	w:なさい	2.4337
v5:き	w:に	-0.2479
v5:き	w:の	-0.9265
v5:き	w:は	-1.4698
v5:き	w:を	-0.8494
v5:ぎ	w:だ	0.6593
v5:ぎ	w:なさい	0.7817
v5:く	BOUNDARY	-0.0387
v5:く	adj-i	-0.7785
v5:く	adj-i:い	-0.6634
v5:く	adj-na	-0.2397
v5:く	adj-no	-0.6228
v5:く	adj-pn	-1.5780
v5:く	adv	-0.8037
v5:く	aux	0.7803
v5:く	aux-v	0.3987
v5:く	aux-v:た	0.5542
v5:く	aux-v:て	0.2889
v5:く	aux-v:る	0.6512
v5:く	aux:ず	0.6717
v5:く	conj	0.3261
v5:く	exp	0.0427
v5:く	exp-adj	0.2630
v5:く	exp-adj:い	0.2859
v5:く	exp-v	1.2237
v5:く	exp-v:た	1.0911
v5:く	exp-v:る	1.1264
v5:く	n	-0.7253
v5:く	n-suf	0.4559
v5:く	n-vs	-1.1804
v5:く	pn	-1.4259
v5:く	prt	0.6742
v5:く	suf	0.1903
v5:く	v1	-0.0052
v5:く	v1:た	-0.5299
v5:く	v1:る	0.6367
v5:く	v5	-1.5894
v5:く	v5:た	-1.3884
v5:く	v5:て	-0.7840
v5:く	v5:る	-0.9697
v5:く	w:か	0.3353
v5:く	w:が	-1.4289
v5:く	w:こと	1.8182
v5:く	w:した	-0.7846
v5:く	w:その	-1.1190
v5:く	w:ため	0.7047
v5:く	w:ために	1.2415
v5:く	w:だ	-0.9787
v5:く	w:だろう	1.3381
v5:く	w:つもり	1.1701
v5:く	w:で	-0.9530
v5:く	w:でしょう	1.6671
v5:く	w:と	1.8553
v5:く	w:ところ	0.5518
v5:く	w:な	0.5023
v5:く	w:に	-1.2605
v5:く	w:の	1.0981
v5:く	w:のです	0.4635
v5:く	w:のに	1.9429
v5:く	w:は	-2.2167
v5:く	w:べき	1.1133
v5:く	w:まで	1.1405
v5:く	w:もの	0.8617
v5:く	w:よ	0.3475
v5:く	w:ような	0.6075
v5:く	w:ように	1.1437
v5:く	w:を	-2.2375
v5:ぐ	BOUNDARY	0.2978
v5:ぐ	adj-na	0.4208
v5:ぐ	exp-v	0.8775
v5:ぐ	exp-v:た	0.5980
v5:ぐ	n	-0.9679
v5:ぐ	n-suf	0.5336
v5:ぐ	v5	-0.8368
v5:ぐ	w:こと	0.8132
v5:ぐ	w:には	0.5870
v5:ぐ	w:の	1.3082
v5:ぐ	w:は	-1.1239
v5:ぐ	w:を	-0.7515
v5:け	BOUNDARY	0.1707
v5:け	exp	0.5302
v5:け	w:なさい	0.9405
v5:げ	BOUNDARY	0.5524
v5:し	BOUNDARY	-0.4691
v5:し	adj-na	0.2870
v5:し	adj-no	-0.6674
v5:し	adv	-0.5258
v5:し	aux-v	1.5643
v5:し	aux-v:た	1.7747
v5:し	exp	0.3998
v5:し	n	-1.5962
v5:し	n-suf	0.4341
v5:し	n-vs	-0.8484
v5:し	v1	0.2289
v5:し	v5	0.0923
v5:し	v5:た	0.3248
v5:し	w:が	-0.4118
v5:し	w:たい	1.6101
v5:し	w:なさい	2.2001
v5:し	w:に	0.1730
v5:し	w:の	-0.6874
v5:し	w:は	-1.3969
v5:し	w:を	-0.5012
v5:す	BOUNDARY	1.2344
v5:す	adj-i	-2.0365
v5:す	adj-i:い	-1.7240
v5:す	adj-i:く	-0.8566
v5:す	adj-na	-0.9067
v5:す	adj-no	-1.9311
v5:す	adj-pn	-2.6326
v5:す	adv	-2.3776
v5:す	aux-v	-2.5709
v5:す	aux-v:た	-1.4998
v5:す	aux-v:て	-0.8484
v5:す	aux-v:る	-1.1225
v5:す	conj	-0.0567
v5:す	ctr	-1.1082
v5:す	exp	-0.6901
v5:す	exp-adj	-0.7121
v5:す	exp-adj:い	-0.5171
v5:す	exp-v	0.8134
v5:す	exp-v:い	0.9697
v5:す	exp-v:す	0.3295
v5:す	exp-v:た	0.4696
v5:す	exp-v:る	1.0360
v5:す	n	-1.8066
v5:す	n-suf	-0.2331
v5:す	n-vs	-2.4886
v5:す	pn	-2.4526
v5:す	pref	-0.5680
v5:す	prt	-0.2111
v5:す	suf	-0.5046
v5:す	v1	-2.4210
v5:す	v1:た	-1.5467
v5:す	v1:て	-0.9739
v5:す	v1:る	-1.4532
v5:す	v5	-3.3044
v5:す	v5:い	-0.9508
v5:す	v5:う	-1.0193
v5:す	v5:す	-1.1274
v5:す	v5:た	-2.2047
v5:す	v5:て	-1.4331
v5:す	v5:る	-1.6846
v5:す	w:あなた	-1.0169
v5:す	w:ある	-0.8800
v5:す	w:か	3.0619
v5:す	w:から	0.1372
v5:す	w:が	-1.1380
v5:す	w:こと	1.1315
v5:す	w:この	-1.2878
v5:す	w:した	-1.4339
v5:す	w:して	-0.8920
v5:す	w:している	-0.7019
v5:す	w:する	-1.2600
v5:す	w:その	-1.8763
v5:す	w:それ	-0.7377
v5:す	w:ため	0.4827
v5:す	w:ために	1.0733
v5:す	w:だ	-1.5140
v5:す	w:だけ	0.4442
v5:す	w:だった	-0.7763
v5:す	w:だろう	0.6537
v5:す	w:つもり	1.2954
v5:す	w:で	-1.8967
v5:す	w:である	-0.7837
v5:す	w:でしょう	0.3167
v5:す	w:です	-1.2896
v5:す	w:と	-0.2423
v5:す	w:とき	0.7446
v5:す	w:ところ	0.4470
v5:す	w:とは	0.4199
v5:す	w:な	1.2757
v5:す	w:なんて	0.5919
v5:す	w:に	-2.5105
v5:す	w:には	-0.3882
v5:す	w:ね	0.8008
v5:す	w:の	0.1759
v5:す	w:ので	0.1879
v5:す	w:のに	1.4070
v5:す	w:は	-3.5699
v5:す	w:へ	-0.7015
v5:す	w:べき	1.2960
v5:す	w:も	-1.1180
v5:す	w:もの	0.2111
v5:す	w:よ	1.7839
v5:す	w:ような	0.4781
v5:す	w:ように	0.9382
v5:す	w:を	-3.1547
v5:ず	BOUNDARY	0.0839
v5:ず	adj-na	0.5319
v5:ず	n	-0.4577
v5:ず	v5	0.5431
v5:ず	v5:た	0.3773
v5:ず	v5:て	0.5561
v5:ず	w:に	1.7837
v5:ず	w:は	-1.0701
v5:ず	w:を	-0.7096
v5:せ	BOUNDARY	-0.3044
v5:せ	adj-no	-0.9828
v5:せ	adj-pn	-0.7787
v5:せ	adv	-0.8270
v5:せ	aux-v	-0.7432
v5:せ	exp	0.5066
v5:せ	n	-1.7771
v5:せ	n-vs	-0.9814
v5:せ	pn	-0.7801
v5:せ	v5	-0.6345
v5:せ	w:が	0.5637
v5:せ	w:で	0.5387
v5:せ	w:なさい	0.9531
v5:せ	w:に	0.8826
v5:せ	w:の	-1.0047
v5:せ	w:は	-0.0424
v5:せ	w:を	1.9485
v5:た	BOUNDARY	1.5875
v5:た	adj-f	-0.8537
v5:た	adj-i	-2.4981
v5:た	adj-i:い	-2.1455
v5:た	adj-i:く	-1.8305
v5:た	adj-i:た	-1.0508
v5:た	adj-na	-2.2320
v5:た	adj-no	-1.2007
v5:た	adj-pn	-3.2365
v5:た	adv	-1.3483
v5:た	aux	-0.3051
v5:た	aux-adj	0.0166
v5:た	aux-adj:い	0.2884
v5:た	aux-v	-3.8643
v5:た	aux-v:い	-1.4016
v5:た	aux-v:う	-1.2713
v5:た	aux-v:く	-1.2420
v5:た	aux-v:す	-1.5708
v5:た	aux-v:た	-2.6708
v5:た	aux-v:て	-1.8184
v5:た	aux-v:ば	-0.7763
v5:た	aux-v:る	-2.1981
v5:た	aux-v:ん	-1.2108
v5:た	conj	-1.0516
v5:た	cop	0.5189
v5:た	cop:だ	0.8084
v5:た	ctr	-1.0161
v5:た	exp	-0.7945
v5:た	exp-adj	0.6605
v5:た	exp-adj:い	0.8687
v5:た	exp-adj:た	0.0870
v5:た	exp-v	-0.7008
v5:た	exp-v:い	-0.8799
v5:た	exp-v:す	0.4903
v5:た	exp-v:た	-0.9434
v5:た	exp-v:て	-1.4532
v5:た	exp-v:る	-0.2363
v5:た	exp-v:ん	0.2965
v5:た	int	-0.9737
v5:た	n	-1.1707
v5:た	n-pref	-0.5213
v5:た	n-suf	-0.2547
v5:た	n-vs	-2.5484
v5:た	num	-0.8124
v5:た	pn	-2.9766
v5:た	pref	-0.2850
v5:た	prt	0.3831
v5:た	suf	-0.7919
v5:た	v1	-3.7046
v5:た	v1:い	-1.0530
v5:た	v1:す	-0.9254
v5:た	v1:た	-2.7266
v5:た	v1:て	-1.9974
v5:た	v1:る	-2.6146
v5:た	v5	-4.6285
v5:た	v5:い	-1.9651
v5:た	v5:う	-2.0598
v5:た	v5:く	-1.3884
v5:た	v5:す	-2.2047
v5:た	v5:た	-3.4712
v5:た	v5:だ	-1.4161
v5:た	v5:て	-2.5903
v5:た	v5:で	-1.0584
v5:た	v5:む	-0.9279
v5:た	v5:り	-0.7990
v5:た	v5:る	-2.8884
v5:た	v5:ん	-0.7501
v5:た	vs-i	-0.9092
v5:た	w:あなた	-2.0566
v5:た	w:あの	-0.9185
v5:た	w:あります	-0.9726
v5:た	w:ある	-1.6821
v5:た	w:いい	-1.1603
v5:た	w:いつも	-0.9547
v5:た	w:いる	-0.9402
v5:た	w:お	-1.0508
v5:た	w:か	0.7506
v5:た	w:から	-0.4202
v5:た	w:が	-0.8108
v5:た	w:きた	-0.8655
v5:た	w:ください	-1.3200
v5:た	w:くれた	-0.9130
v5:た	w:ここ	-1.1244
v5:た	w:こと	1.1992
v5:た	w:この	-1.9408
v5:た	w:これ	-1.1593
v5:た	w:された	-0.7720
v5:た	w:し	-0.7834
v5:た	w:した	-2.5912
v5:た	w:して	-1.8817
v5:た	w:していた	-0.8130
v5:た	w:している	-1.5958
v5:た	w:します	-0.7792
v5:た	w:しまった	-0.9230
v5:た	w:すぐに	-0.7763
v5:た	w:する	-2.3757
v5:た	w:そう	-0.4092
v5:た	w:そこ	-0.8185
v5:た	w:その	-2.5197
v5:た	w:それ	-1.6518
v5:た	w:そんな	-0.7232
v5:た	w:たい	-1.1244
v5:た	w:たくさん	-0.8335
v5:た	w:たち	-0.8416
v5:た	w:ために	-0.5793
v5:た	w:だ	-2.9021
v5:た	w:だけ	0.4249
v5:た	w:だった	-1.7110
v5:た	w:だろう	0.0056
v5:た	w:つもり	-0.6125
v5:た	w:で	-3.1306
v5:た	w:である	-1.7222
v5:た	w:でしょう	-0.4298
v5:た	w:です	-2.4130
v5:た	w:ですか	-1.5100
v5:た	w:ではない	-1.0638
v5:た	w:でも	-0.7232
v5:た	w:と	-0.4845
v5:た	w:という	0.0920
v5:た	w:とき	1.7886
v5:た	w:ところ	1.3968
v5:た	w:とても	-1.3365
v5:た	w:とは	0.2348
v5:た	w:どう	-0.7338
v5:た	w:どこ	-0.7677
v5:た	w:な	-0.8199
v5:た	w:ない	-1.3398
v5:た	w:なさい	-1.4735
v5:た	w:なら	-0.1125
v5:た	w:に	-2.8738
v5:た	w:について	-0.9924
v5:た	w:になった	-0.7545
v5:た	w:には	-2.2690
v5:た	w:ね	0.1168
v5:た	w:の	-0.3681
v5:た	w:のだ	1.6382
v5:た	w:ので	2.1303
v5:た	w:のです	1.6430
v5:た	w:のに	0.2466
v5:た	w:は	-5.0864
v5:た	w:へ	-1.5952
v5:た	w:べき	-0.7934
v5:た	w:ほど	-0.2962
v5:た	w:まだ	-0.7633
v5:た	w:まで	-1.3576
v5:た	w:も	-1.6044
v5:た	w:もう	-0.9993
v5:た	w:もっと	-0.7064
v5:た	w:もの	1.1588
v5:た	w:よ	0.7017
v5:た	w:よい	-0.9535
v5:た	w:よう	0.2602
v5:た	w:ような	0.2196
v5:た	w:ように	-0.4652
v5:た	w:よく	-1.1204
v5:た	w:より	-0.0123
v5:た	w:を	-4.4743
v5:た	w:ん	0.7600
v5:た	w:んだ	1.3069
v5:た	w:んです	1.1315
v5:だ	BOUNDARY	1.5624
v5:だ	adj-i	-1.2748
v5:だ	adj-i:い	-1.0232
v5:だ	adj-na	-1.3094
v5:だ	adj-no	-0.5638
v5:だ	adj-pn	-1.7908
v5:だ	adv	-0.8346
v5:だ	aux-v	-1.7356
v5:だ	aux-v:た	-0.8530
v5:だ	exp	0.0136
v5:だ	exp-adj	0.8945
v5:だ	exp-adj:い	1.0154
v5:だ	exp-v	-0.1075
v5:だ	exp-v:る	0.2511
v5:だ	n	-1.0811
v5:だ	n-suf	-0.0802
v5:だ	n-vs	-1.9056
v5:だ	pn	-1.4564
v5:だ	suf	-0.5938
v5:だ	v1	-1.6030
v5:だ	v1:た	-0.8878
v5:だ	v1:る	-0.8187
v5:だ	v5	-2.2289
v5:だ	v5:た	-1.4161
v5:だ	v5:て	-0.8041
v5:だ	v5:る	-0.9927
v5:だ	w:か	-0.5122
v5:だ	w:が	-0.8315
v5:だ	w:こと	0.7868
v5:だ	w:この	-0.7008
v5:だ	w:した	-0.8047
v5:だ	w:その	-1.1439
v5:だ	w:だ	-1.0018
v5:だ	w:で	-1.1604
v5:だ	w:です	-0.7021
v5:だ	w:と	0.2108
v5:だ	w:という	0.8430
v5:だ	w:とき	0.7233
v5:だ	w:に	-1.8029
v5:だ	w:の	-0.3626
v5:だ	w:ので	0.5619
v5:だ	w:のです	0.4559
v5:だ	w:は	-2.8390
v5:だ	w:もの	1.2150
v5:だ	w:を	-2.2703
v5:ち	BOUNDARY	-0.2863
v5:ち	aux-v	1.1576
v5:ち	aux-v:た	0.6217
v5:ち	aux-v:る	0.7453
v5:ち	exp	0.5927
v5:ち	n	-0.7631
v5:ち	w:なさい	1.0113
v5:つ	BOUNDARY	0.4267
v5:つ	adj-na	-0.5409
v5:つ	adj-no	-0.6875
v5:つ	adj-pn	-0.9315
v5:つ	adv	-0.9854
v5:つ	aux-v	-0.8916
v5:つ	conj	0.6653
v5:つ	exp	0.3051
v5:つ	exp-adj	0.5889
v5:つ	exp-v	0.7531
v5:つ	exp-v:た	0.4793
v5:つ	exp-v:る	0.7574
v5:つ	n	-0.1784
v5:つ	n-suf	0.5030
v5:つ	n-vs	-0.4628
v5:つ	pn	-0.9330
v5:つ	suf	0.4012
v5:つ	v1	-0.7985
v5:つ	v5	-1.4172
v5:つ	w:か	0.3484
v5:つ	w:が	-0.5647
v5:つ	w:こと	1.3752
v5:つ	w:ために	0.8095
v5:つ	w:だろう	1.4160
v5:つ	w:と	0.6685
v5:つ	w:に	-1.0765
v5:つ	w:の	0.4672
v5:つ	w:は	-1.7848
v5:つ	w:べき	0.8388
v5:つ	w:ほど	0.9947
v5:つ	w:もの	0.6819
v5:つ	w:ように	1.0334
v5:つ	w:を	-1.3014
v5:て	BOUNDARY	-0.7450
v5:て	adj-f	0.6021
v5:て	adj-i	0.0866
v5:て	adj-i:い	-0.2930
v5:て	adj-i:く	0.2640
v5:て	adj-i:た	0.8348
v5:て	adj-na	-0.6538
v5:て	adj-no	-0.6591
v5:て	adj-pn	-1.0578
v5:て	adv	-0.3554
v5:て	aux-adj	1.2308
v5:て	aux-adj:い	1.3619
v5:て	aux-v	2.3446
v5:て	aux-v:い	2.0743
v5:て	aux-v:う	2.1898
v5:て	aux-v:き	1.0199
v5:て	aux-v:く	1.3993
v5:て	aux-v:す	2.0251
v5:て	aux-v:た	2.1956
v5:て	aux-v:だ	0.7461
v5:て	aux-v:て	1.7439
v5:て	aux-v:ば	0.8996
v5:て	aux-v:ら	1.1074
v5:て	aux-v:り	0.7660
v5:て	aux-v:る	1.8830
v5:て	aux-v:れ	2.3111
v5:て	aux-v:ろ	0.6568
v5:て	aux-v:ん	2.3569
v5:て	conj	-0.7989
v5:て	ctr	-0.3818
v5:て	exp	0.7887
v5:て	exp-adj	-0.3142
v5:て	exp-adj:い	-0.5309
v5:て	exp-adj:た	0.4082
v5:て	exp-v	0.1081
v5:て	exp-v:い	0.4320
v5:て	exp-v:た	0.6783
v5:て	exp-v:て	-0.3614
v5:て	exp-v:る	-0.6449
v5:て	int	1.1845
v5:て	n	-0.7133
v5:て	n-suf	-0.7658
v5:て	n-vs	-0.3998
v5:て	pn	-0.9302
v5:て	pref	-0.4087
v5:て	prt	0.5589
v5:て	suf	-0.6205
v5:て	v1	0.2207
v5:て	v1:た	0.5033
v5:て	v1:て	-0.2289
v5:て	v1:る	0.2082
v5:て	v5	0.3716
v5:て	v5:い	-0.7618
v5:て	v5:う	-0.2808
v5:て	v5:く	-0.1962
v5:て	v5:す	-0.0468
v5:て	v5:た	0.7129
v5:て	v5:だ	1.2240
v5:て	v5:て	0.2300
v5:て	v5:る	-0.2849
v5:て	v5:ん	1.0690
v5:て	w:あなた	-1.3078
v5:て	w:ある	-0.8132
v5:て	w:いい	1.1336
v5:て	w:か	-1.8377
v5:て	w:から	0.9437
v5:て	w:が	-3.1896
v5:て	w:きた	3.0557
v5:て	w:ください	3.1110
v5:て	w:くれた	2.9571
v5:て	w:くれる	2.5813
v5:て	w:こと	-1.7378
v5:て	w:この	-1.1420
v5:て	w:し	-0.7715
v5:て	w:した	-1.7723
v5:て	w:して	-1.1636
v5:て	w:している	-0.9383
v5:て	w:しまった	3.1832
v5:て	w:する	-1.3989
v5:て	w:その	-0.8112
v5:て	w:それ	-0.6449
v5:て	w:だ	-2.0553
v5:て	w:だった	-1.0275
v5:て	w:だろう	-0.9134
v5:て	w:で	-2.2679
v5:て	w:である	-1.0363
v5:て	w:です	-1.6140
v5:て	w:ですか	-0.8735
v5:て	w:と	-2.2204
v5:て	w:とても	0.2829
v5:て	w:ない	-0.7490
v5:て	w:なさい	-0.8463
v5:て	w:に	-3.2512
v5:て	w:には	-1.4884
v5:て	w:ね	0.6172
v5:て	w:の	-2.9308
v5:て	w:ので	-0.6957
v5:て	w:のです	-0.7218
v5:て	w:は	-0.8507
v5:て	w:へ	-0.9379
v5:て	w:まで	-0.7618
v5:て	w:も	2.2256
v5:て	w:もの	-0.8929
v5:て	w:よ	0.0384
v5:て	w:よい	0.8971
v5:て	w:を	-3.5643
v5:で	BOUNDARY	-0.2352
v5:で	adj-i	-0.3501
v5:で	adj-i:い	-0.2598
v5:で	adj-na	-0.7876
v5:で	adj-no	-0.5637
v5:で	adj-pn	-0.6960
v5:で	adv	-0.8678
v5:で	aux-v	1.8132
v5:で	aux-v:い	0.8600
v5:で	aux-v:う	1.1370
v5:で	aux-v:く	0.9600
v5:で	aux-v:す	0.6684
v5:で	aux-v:た	1.0542
v5:で	aux-v:て	1.0097
v5:で	aux-v:ら	0.6357
v5:で	aux-v:る	0.7688
v5:で	aux-v:れ	1.1200
v5:で	aux-v:ん	0.7425
v5:で	exp	0.8888
v5:で	exp-v	-0.0589
v5:で	exp-v:た	0.4053
v5:で	n	-0.6896
v5:で	n-suf	-0.5209
v5:で	n-vs	-0.0511
v5:で	pn	-1.0546
v5:で	suf	0.0378
v5:で	v1	-0.6338
v5:で	v5	0.7319
v5:で	v5:た	0.8875
v5:で	v5:て	0.5421
v5:で	v5:る	0.6812
v5:で	w:あなた	0.4437
v5:で	w:いい	0.6642
v5:で	w:から	0.8749
v5:で	w:が	-1.5156
v5:で	w:きた	1.3553
v5:で	w:ください	2.2263
v5:で	w:くれた	1.3954
v5:で	w:しまった	1.4810
v5:で	w:その	-0.4920
v5:で	w:だ	-0.7125
v5:で	w:で	-0.8421
v5:で	w:と	-0.6299
v5:で	w:に	-1.5659
v5:で	w:の	-1.6906
v5:で	w:は	-0.6845
v5:で	w:も	1.4949
v5:で	w:よ	0.3955
v5:で	w:を	-1.8303
v5:に	n-suf	0.6578
v5:に	w:そう	0.6914
v5:ぬ	BOUNDARY	-0.2552
v5:ぬ	adv	0.2759
v5:ぬ	exp	0.3757
v5:ぬ	n	-0.2156
v5:ぬ	suf	1.8098
v5:ぬ	w:は	-0.9280
v5:ぬ	w:まで	0.7614
v5:ば	BOUNDARY	1.0735
v5:ば	adj-i	0.3202
v5:ば	adj-na	0.2663
v5:ば	adj-no	-0.7755
v5:ば	adj-pn	-0.5548
v5:ば	adv	0.0858
v5:ば	aux-v	-0.3825
v5:ば	exp	-0.2873
v5:ば	n	-0.1206
v5:ば	n-vs	-0.5227
v5:ば	pn	-0.1043
v5:ば	prt	0.4953
v5:ば	v1	-0.4256
v5:ば	v5	0.3560
v5:ば	v5:つ	0.8481
v5:ば	w:いい	1.6615
v5:ば	w:が	-0.9920
v5:ば	w:に	-1.0328
v5:ば	w:の	-1.1354
v5:ば	w:は	-1.7292
v5:ば	w:よい	0.8305
v5:ば	w:を	-1.2529
v5:び	BOUNDARY	-0.8197
v5:び	aux-v	0.5140
v5:び	w:たい	0.6844
v5:び	w:なさい	1.5546
v5:ぶ	BOUNDARY	0.1843
v5:ぶ	adj-no	-0.2888
v5:ぶ	adv	-0.7320
v5:ぶ	exp-v	0.9758
v5:ぶ	exp-v:る	0.8237
v5:ぶ	n	-0.5348
v5:ぶ	n-suf	0.5070
v5:ぶ	n-vs	-0.6930
v5:ぶ	v5	-1.1017
v5:ぶ	w:が	-0.5907
v5:ぶ	w:こと	1.0701
v5:ぶ	w:ために	0.6502
v5:ぶ	w:でしょう	0.7540
v5:ぶ	w:と	0.6851
v5:ぶ	w:とき	0.7564
v5:ぶ	w:に	-0.4716
v5:ぶ	w:の	1.1311
v5:ぶ	w:のに	0.8402
v5:ぶ	w:は	-1.4321
v5:ぶ	w:べき	0.6694
v5:ぶ	w:を	-1.0003
v5:み	BOUNDARY	-0.9272
v5:み	adj-i	0.3710
v5:み	adj-i:い	0.3870
v5:み	adj-no	-0.8854
v5:み	adj-pn	-0.6951
v5:み	adv	-0.4034
v5:み	aux-v	1.6404
v5:み	aux-v:た	1.5850
v5:み	aux-v:ら	0.7689
v5:み	aux-v:る	0.8802
v5:み	n	-1.3091
v5:み	n-suf	0.4153
v5:み	n-vs	-0.8841
v5:み	pn	-0.6963
v5:み	prt	1.3839
v5:み	v1	1.0622
v5:み	v1:て	0.5725
v5:み	v1:る	0.6485
v5:み	v5	0.2746
v5:み	w:が	-0.4447
v5:み	w:たい	1.8759
v5:み	w:なさい	1.9360
v5:み	w:に	-0.1233
v5:み	w:の	-0.9060
v5:み	w:は	-1.4436
v5:み	w:を	-1.0099
v5:む	BOUNDARY	0.2931
v5:む	adj-i	-0.8168
v5:む	adj-na	-0.4010
v5:む	adj-no	-1.0277
v5:む	adj-pn	-1.2376
v5:む	adv	-0.3449
v5:む	aux-v	-1.1907
v5:む	exp	0.0246
v5:む	exp-v	1.2146
v5:む	exp-v:た	0.7770
v5:む	exp-v:る	1.0359
v5:む	n	-0.2411
v5:む	n-suf	0.3554
v5:む	n-vs	-1.1595
v5:む	pn	-1.0570
v5:む	suf	0.4687
v5:む	v1	-1.0799
v5:む	v5	-1.7871
v5:む	v5:た	-0.9279
v5:む	w:か	0.5259
v5:む	w:が	-0.8875
v5:む	w:こと	1.5702
v5:む	w:その	-0.7169
v5:む	w:ために	0.5901
v5:む	w:だけ	0.8233
v5:む	w:つもり	0.8977
v5:む	w:で	-0.7293
v5:む	w:と	0.9843
v5:む	w:とき	0.6157
v5:む	w:ところ	0.6188
v5:む	w:な	0.9281
v5:む	w:に	-1.2231
v5:む	w:の	1.0402
v5:む	w:のに	1.3499
v5:む	w:は	-2.1847
v5:む	w:べき	1.5517
v5:む	w:もの	0.9986
v5:む	w:ような	0.6487
v5:む	w:ように	0.5913
v5:む	w:を	-1.6591
v5:ら	BOUNDARY	0.7837
v5:ら	adj-i	0.3579
v5:ら	adj-no	-0.1764
v5:ら	adj-pn	-0.5023
v5:ら	adv	-0.7071
v5:ら	aux-v	-0.4650
v5:ら	exp	0.0783
v5:ら	exp-v	0.4402
v5:ら	n	-0.0433
v5:ら	n-vs	-0.0950
v5:ら	pn	-0.1470
v5:ら	prt	0.5110
v5:ら	v1	0.1608
v5:ら	v5	-0.2702
v5:ら	w:いい	1.1071
v5:ら	w:が	-0.9358
v5:ら	w:すぐ	0.6747
v5:ら	w:すぐに	0.9251
v5:ら	w:どう	1.2528
v5:ら	w:に	-0.5052
v5:ら	w:の	-1.0747
v5:ら	w:は	-1.6552
v5:ら	w:よい	1.3452
v5:ら	w:を	-1.1889
v5:り	BOUNDARY	-0.1739
v5:り	adj-i	0.0901
v5:り	adj-na	-0.3846
v5:り	adj-no	-1.3289
v5:り	adj-pn	-1.0844
v5:り	adv	-1.1432
v5:り	aux-v	1.1340
v5:り	aux-v:た	1.2248
v5:り	aux-v:る	0.6822
v5:り	exp	0.7536
v5:り	exp-v	-0.2255
v5:り	n	-1.1162
v5:り	n-vs	-0.6341
v5:り	pn	-1.0861
v5:り	prt	0.9024
v5:り	suf	0.3173
v5:り	v1	0.4969
v5:り	v1:る	0.3851
v5:り	v5	0.6357
v5:り	v5:た	0.2996
v5:り	v5:り	1.2881
v5:り	v5:る	0.5883
v5:り	w:が	-0.6089
v5:り	w:ください	0.8533
v5:り	w:しない	0.6573
v5:り	w:する	0.7054
v5:り	w:そう	1.1812
v5:り	w:たい	1.9757
v5:り	w:なさい	2.2368
v5:り	w:に	0.0932
v5:り	w:の	-0.8846
v5:り	w:は	-1.6528
v5:り	w:を	-1.0124
v5:る	BOUNDARY	1.1263
v5:る	adj-i	-1.9205
v5:る	adj-i:い	-1.5806
v5:る	adj-i:く	-1.3480
v5:る	adj-i:た	-0.6992
v5:る	adj-na	-0.9538
v5:る	adj-no	-1.0375
v5:る	adj-pn	-3.0010
v5:る	adv	-1.3426
v5:る	aux	1.0921
v5:る	aux-v	-3.0909
v5:る	aux-v:い	-0.9806
v5:る	aux-v:う	-0.8738
v5:る	aux-v:く	-0.8502
v5:る	aux-v:す	-1.1229
v5:る	aux-v:た	-2.1187
v5:る	aux-v:て	-1.1551
v5:る	aux-v:る	-1.6786
v5:る	aux-v:ん	-0.8252
v5:る	aux:ず	1.5333
v5:る	conj	0.5399
v5:る	cop	1.2059
v5:る	cop:だ	1.4016
v5:る	ctr	-0.7058
v5:る	exp	0.1028
v5:る	exp-adj	0.0976
v5:る	exp-adj:い	0.2246
v5:る	exp-v	0.5232
v5:る	exp-v:い	0.1235
v5:る	exp-v:す	0.6815
v5:る	exp-v:た	0.5244
v5:る	exp-v:て	-0.8413
v5:る	exp-v:る	0.8856
v5:る	n	-0.9353
v5:る	n-suf	-0.1146
v5:る	n-vs	-2.0257
v5:る	pn	-2.3844
v5:る	pref	-0.3337
v5:る	prt	0.6472
v5:る	suf	0.4461
v5:る	v1	-2.9343
v5:る	v1:い	-0.7009
v5:る	v1:た	-2.1715
v5:る	v1:て	-1.4966
v5:る	v1:る	-2.0656
v5:る	v5	-3.5582
v5:る	v5:い	-1.1312
v5:る	v5:う	-1.5528
v5:る	v5:く	-0.9697
v5:る	v5:す	-1.6846
v5:る	v5:た	-2.8884
v5:る	v5:だ	-0.9927
v5:る	v5:て	-2.0428
v5:る	v5:で	-0.7051
v5:る	v5:る	-2.1432
v5:る	w:あなた	-1.5499
v5:る	w:あの	-0.1504
v5:る	w:ある	-1.3780
v5:る	w:いい	-0.7849
v5:る	w:お	-0.5169
v5:る	w:か	0.6852
v5:る	w:から	0.0484
v5:る	w:が	-1.4690
v5:る	w:ください	-0.9134
v5:る	w:ここ	-0.7566
v5:る	w:こと	1.7207
v5:る	w:この	-1.8748
v5:る	w:これ	-0.7842
v5:る	w:し	-0.3677
v5:る	w:した	-2.0437
v5:る	w:して	-1.3933
v5:る	w:している	-0.9619
v5:る	w:する	-1.8423
v5:る	w:その	-2.3535
v5:る	w:それ	-1.1923
v5:る	w:たい	-0.7566
v5:る	w:ため	0.6291
v5:る	w:ために	1.1837
v5:る	w:だ	-2.3386
v5:る	w:だけ	1.2562
v5:る	w:だった	-1.2435
v5:る	w:だろう	1.7741
v5:る	w:つもり	1.3173
v5:る	w:で	-2.5581
v5:る	w:である	-1.2533
v5:る	w:でしょう	1.7600
v5:る	w:です	-1.8769
v5:る	w:ですか	-1.0713
v5:る	w:ではない	-0.7093
v5:る	w:と	1.1798
v5:る	w:という	1.1497
v5:る	w:とき	1.4158
v5:る	w:ところ	1.3831
v5:る	w:とても	-0.9270
v5:る	w:とは	0.8791
v5:る	w:な	1.3699
v5:る	w:ない	-0.9297
v5:る	w:なさい	-1.0406
v5:る	w:なら	0.5160
v5:る	w:なんて	0.7223
v5:る	w:に	-2.6039
v5:る	w:には	-0.5199
v5:る	w:ね	0.1244
v5:る	w:の	0.8455
v5:る	w:のだ	0.9390
v5:る	w:ので	1.1333
v5:る	w:のです	1.6194
v5:る	w:のに	1.5753
v5:る	w:は	-4.4831
v5:る	w:へ	-1.1437
v5:る	w:べき	1.6910
v5:る	w:ほど	1.0395
v5:る	w:まで	1.2075
v5:る	w:も	-1.2032
v5:る	w:もの	1.3578
v5:る	w:よ	1.1166
v5:る	w:よう	1.2883
v5:る	w:ような	1.2403
v5:る	w:ように	1.8838
v5:る	w:よく	-0.7535
v5:る	w:より	0.0575
v5:る	w:を	-3.8754
v5:る	w:ん	1.2567
v5:る	w:んだ	1.3755
v5:る	w:んです	1.2957
v5:れ	BOUNDARY	0.8240
v5:れ	adj-i	0.5946
v5:れ	adj-i:い	0.6505
v5:れ	aux-v	0.4607
v5:れ	exp	0.4107
v5:れ	n	-0.8211
v5:れ	w:なさい	0.8479
v5:れ	w:は	-0.6662
v5:ん	BOUNDARY	1.5114
v5:ん	adj-na	-0.8035
v5:ん	adj-no	-1.2630
v5:ん	adj-pn	-1.0253
v5:ん	adv	-1.0823
v5:ん	aux-v	-0.9831
v5:ん	exp	-0.8787
v5:ん	n	-2.1344
v5:ん	n-vs	-1.2614
v5:ん	pn	-1.0269
v5:ん	v1	-0.8840
v5:ん	v5	-1.5332
v5:ん	v5:た	-0.7501
v5:ん	w:か	2.3690
v5:ん	w:が	-0.6642
v5:ん	w:に	-1.1782
v5:ん	w:の	-1.2881
v5:ん	w:は	-1.9115
v5:ん	w:よ	0.9115
v5:ん	w:を	-1.4130
vs-i	BOUNDARY	1.2117
vs-i	adj-i	-0.2117
vs-i	adj-na	-0.4994
vs-i	adj-no	-0.3105
vs-i	adj-pn	-0.7456
vs-i	adv	-0.6901
vs-i	aux-v	-0.2937
vs-i	exp	-0.0981
vs-i	exp-v	0.1591
vs-i	exp-v:た	0.3800
vs-i	n	-0.3861
vs-i	n-suf	0.2285
vs-i	n-vs	-0.4423
vs-i	pn	-1.0350
vs-i	v1	-1.0594
vs-i	v5	-1.5790
vs-i	v5:た	-0.7269
vs-i	w:が	-0.7467
vs-i	w:こと	0.5089
vs-i	w:その	-0.5188
vs-i	w:で	-0.7133
vs-i	w:と	0.1889
vs-i	w:に	-1.1998
vs-i	w:には	0.3479
vs-i	w:の	-0.2196
vs-i	w:のです	0.6687
vs-i	w:は	-1.3687
vs-i	w:もの	0.7156
vs-i	w:を	-1.6340
vs-i:い	BOUNDARY	0.8498
vs-i:す	BOUNDARY	1.0345
vs-i:た	BOUNDARY	1.3944
vs-i:た	n	-0.3026
vs-i:た	v5	-0.7400
vs-i:た	w:のです	0.6646
vs-i:た	w:は	-1.0075
vs-i:て	aux-v	0.6614
vs-i:て	w:は	0.4053
vs-i:る	BOUNDARY	1.0748
vs-i:る	adj-no	-0.1013
vs-i:る	adj-pn	-0.3731
vs-i:る	adv	-0.4238
vs-i:る	aux-v	-0.8056
vs-i:る	exp	0.0745
vs-i:る	exp-v	0.3571
vs-i:る	exp-v:た	0.5065
vs-i:る	n	-0.1164
vs-i:る	n-suf	0.3207
vs-i:る	n-vs	-0.3623
vs-i:る	pn	-0.6622
vs-i:る	v1	-0.7186
vs-i:る	v5	-1.3054
vs-i:る	w:が	-0.3526
vs-i:る	w:こと	0.6823
vs-i:る	w:と	0.2545
vs-i:る	w:に	-0.7976
vs-i:る	w:の	-0.1242
vs-i:る	w:は	-1.6613
vs-i:る	w:もの	0.6961
vs-i:る	w:を	-1.1942
w:あった	BOUNDARY	1.4337
w:あった	adj-na	-0.7012
w:あった	adj-no	-0.5403
w:あった	adj-pn	-0.9056
w:あった	adv	-0.4886
w:あった	aux-v	-0.8664
w:あった	exp	0.2595
w:あった	n	-1.4958
w:あった	n-vs	-1.1266
w:あった	pn	-0.9070
w:あった	v1	-0.7750
w:あった	v5	-1.3847
w:あった	w:が	-0.1317
w:あった	w:こと	0.3933
w:あった	w:に	-0.7118
w:あった	w:の	-0.0532
w:あった	w:ので	0.6208
w:あった	w:は	-1.7490
w:あった	w:を	-1.2702
w:あった	w:んだ	0.6655
w:あなた	BOUNDARY	-3.6178
w:あなた	adj-i	-1.8920
w:あなた	adj-i:い	-1.5880
w:あなた	adj-i:く	-0.7634
w:あなた	adj-na	-1.8068
w:あなた	adj-no	-2.8021
w:あなた	adj-pn	-2.4776
w:あなた	adv	-2.3757
w:あなた	aux-v	-2.0802
w:あなた	aux-v:た	-1.3718
w:あなた	aux-v:て	-0.4192
w:あなた	aux-v:る	-1.0122
w:あなた	conj	-0.6417
w:あなた	ctr	-0.9987
w:あなた	exp	-1.1624
w:あなた	exp-adj	-0.7603
w:あなた	exp-adj:い	-0.7605
w:あなた	exp-v	-1.8872
w:あなた	exp-v:た	-0.9902
w:あなた	exp-v:る	-0.9378
w:あなた	n	-3.6567
w:あなた	n-suf	-0.8224
w:あなた	n-vs	-2.8000
w:あなた	pn	-2.4799
w:あなた	prt	-0.1029
w:あなた	suf	-0.7781
w:あなた	v1	-2.2690
w:あなた	v1:た	-1.4168
w:あなた	v1:て	-0.8727
w:あなた	v1:る	-1.3270
w:あなた	v5	-2.9606
w:あなた	v5:い	-0.8511
w:あなた	v5:う	-0.9151
w:あなた	v5:す	-1.0169
w:あなた	v5:た	-2.0566
w:あなた	v5:て	-1.1254
w:あなた	v5:る	-1.5499
w:あなた	w:あなた	-0.9129
w:あなた	w:ある	-0.7851
w:あなた	w:か	-0.7784
w:あなた	w:から	0.1082
w:あなた	w:が	1.3059
w:あなた	w:こと	-1.2782
w:あなた	w:この	-1.1690
w:あなた	w:した	-1.3085
w:あなた	w:して	-0.7962
w:あなた	w:する	-1.1425
w:あなた	w:その	-1.7358
w:あなた	w:たち	0.7759
w:あなた	w:だ	-1.2248
w:あなた	w:で	-1.7557
w:あなた	w:である	-0.6959
w:あなた	w:です	-1.1707
w:あなた	w:と	0.9413
w:あなた	w:に	1.1983
w:あなた	w:には	0.5852
w:あなた	w:の	2.0450
w:あなた	w:のです	0.3278
w:あなた	w:は	1.4196
w:あなた	w:も	0.0906
w:あなた	w:よ	-0.8136
w:あなた	w:より	0.5702
w:あなた	w:を	0.0967
w:あの	BOUNDARY	-1.7937
w:あの	adj-i	0.9685
w:あの	adj-i:い	1.1824
w:あの	adj-na	-0.8314
w:あの	adj-no	0.2312
w:あの	adj-pn	-0.6493
w:あの	adv	-0.6297
w:あの	aux-v	-1.3873
w:あの	exp	0.7672
w:あの	exp-v	-0.9739
w:あの	n	1.5534
w:あの	n-pref	0.9261
w:あの	n-suf	1.9024
w:あの	n-vs	-0.3779
w:あの	pn	0.2467
w:あの	pref	1.2363
w:あの	suf	1.3148
w:あの	v1	-1.0850
w:あの	v5	-1.6817
w:あの	v5:た	-0.9185
w:あの	v5:る	-0.5558
w:あの	w:が	-1.5660
w:あの	w:その	-0.8651
w:あの	w:だ	-0.7457
w:あの	w:で	-0.8792
w:あの	w:と	-0.8484
w:あの	w:とき	0.5927
w:あの	w:に	-1.6171
w:あの	w:の	-1.7433
w:あの	w:は	-2.4293
w:あの	w:を	-1.8845
w:あります	BOUNDARY	1.1258
w:あります	adj-i	-0.8580
w:あります	adj-na	-1.0351
w:あります	adj-no	-1.5546
w:あります	adj-pn	-1.2898
w:あります	adv	-1.3539
w:あります	aux-v	-1.2419
w:あります	exp	-0.9402
w:あります	exp-v	-0.8548
w:あります	n	-2.4824
w:あります	n-suf	-0.7821
w:あります	n-vs	-1.5529
w:あります	pn	-1.2916
w:あります	v1	-1.1285
w:あります	v5	-1.8481
w:あります	v5:た	-0.9726
w:あります	w:か	3.3868
w:あります	w:が	-1.0756
w:あります	w:その	-0.7548
w:あります	w:で	-0.7677
w:あります	w:と	-0.7395
w:あります	w:に	-1.4609
w:あります	w:の	-1.5822
w:あります	w:は	-2.2496
w:あります	w:よ	0.9591
w:あります	w:を	-1.7184
w:ある	BOUNDARY	1.3577
w:ある	adj-i	-0.6758
w:ある	adj-i:い	-0.4587
w:ある	adj-na	-1.4785
w:ある	adj-no	-1.2585
w:ある	adj-pn	-1.4862
w:ある	adv	-1.1298
w:ある	aux	0.7316
w:ある	aux-v	-2.0328
w:ある	aux-v:た	-1.2097
w:ある	aux-v:る	-0.8757
w:ある	aux:い	0.7701
w:ある	conj	0.2541
w:ある	cop	0.7908
w:ある	cop:だ	0.8693
w:ある	ctr	-0.0749
w:ある	exp	0.3348
w:ある	exp-adj	-0.4756
w:ある	exp-v	-0.7452
w:ある	exp-v:た	-0.6732
w:ある	exp-v:る	-0.0193
w:ある	n	-0.4680
w:ある	n-suf	-0.1606
w:ある	n-vs	-1.2564
w:ある	pn	-1.9405
w:ある	prt	0.2538
w:ある	suf	0.7759
w:ある	v1	-1.6009
w:ある	v1:た	-0.7821
w:ある	v1:て	-0.7486
w:ある	v1:る	-1.1676
w:ある	v5	-2.7477
w:ある	v5:い	-0.7290
w:ある	v5:う	-0.7871
w:ある	v5:す	-0.8800
w:ある	v5:た	-1.6821
w:ある	v5:て	-1.1496
w:ある	v5:る	-1.3780
w:ある	w:あなた	-0.6028
w:ある	w:か	-0.0413
w:ある	w:から	0.9300
w:ある	w:が	-0.5994
w:ある	w:こと	0.5267
w:ある	w:この	-1.0203
w:ある	w:し	0.2783
w:ある	w:した	-1.1503
w:ある	w:する	-0.9958
w:ある	w:その	-1.3730
w:ある	w:だ	-1.3888
w:ある	w:で	-1.5744
w:ある	w:でしょう	0.4239
w:ある	w:です	-1.0218
w:ある	w:と	0.7701
w:ある	w:とき	0.6231
w:ある	w:に	-1.6071
w:ある	w:には	-0.9228
w:ある	w:の	0.0415
w:ある	w:のだ	0.8324
w:ある	w:ので	1.0187
w:ある	w:のです	1.2649
w:ある	w:のに	0.4177
w:ある	w:は	-3.3716
w:ある	w:も	-0.8718
w:ある	w:もの	1.4527
w:ある	w:よ	0.3343
w:ある	w:を	-2.7831
w:ある	w:んだ	0.7220
w:ある	w:んです	0.9867
w:いい	BOUNDARY	-0.4479
w:いい	adj-i	-1.0331
w:いい	adj-i:い	-0.8114
w:いい	adj-na	-1.0468
w:いい	adj-no	-1.1995
w:いい	adj-pn	-1.5054
w:いい	adv	-0.8810
w:いい	aux-v	-1.2716
w:いい	exp	0.1105
w:いい	exp-v	0.1338
w:いい	exp-v:る	0.6935
w:いい	n	0.0245
w:いい	n-suf	0.3332
w:いい	n-vs	-0.3038
w:いい	pn	-0.4087
w:いい	prt	1.3304
w:いい	suf	0.6037
w:いい	v1	-1.3312
w:いい	v1:た	-0.6950
w:いい	v5	-1.9124
w:いい	v5:た	-0.9780
w:いい	v5:る	-0.7849
w:いい	w:か	1.4423
w:いい	w:から	0.6335
w:いい	w:が	-0.7606
w:いい	w:こと	0.7808
w:いい	w:その	-0.9169
w:いい	w:だ	-0.7928
w:いい	w:だろう	0.5533
w:いい	w:で	-0.9314
w:いい	w:です	1.9457
w:いい	w:ですか	3.0054
w:いい	w:と	0.5820
w:いい	w:に	-1.6880
w:いい	w:の	0.0400
w:いい	w:のだ	0.6418
w:いい	w:のです	1.7148
w:いい	w:のに	1.5665
w:いい	w:は	-2.5097
w:いい	w:もの	0.6474
w:いい	w:よ	1.7651
w:いい	w:を	-1.9594
w:いい	w:ん	0.9764
w:いい	w:んだ	0.8109
w:いう	BOUNDARY	-0.9919
w:いう	adj-no	-0.7755
w:いう	adj-pn	-0.5548
w:いう	adv	-0.9439
w:いう	aux-v	-0.8525
w:いう	ctr	1.0772
w:いう	exp	0.6290
w:いう	exp-v	0.1403
w:いう	n	-0.6642
w:いう	n-suf	0.9354
w:いう	n-vs	-0.2350
w:いう	pn	-0.4228
w:いう	v1	-0.7621
w:いう	v5	-1.0302
w:いう	w:が	-0.6555
w:いう	w:こと	3.0805
w:いう	w:だけ	0.7574
w:いう	w:に	-1.0328
w:いう	w:の	0.5132
w:いう	w:は	-1.7292
w:いう	w:を	-1.2529
w:いけない	BOUNDARY	1.4799
w:いけない	adj-no	-0.9881
w:いけない	adj-pn	-0.7833
w:いけない	adv	-0.8318
w:いけない	aux-v	-0.7476
w:いけない	n	-1.6018
w:いけない	n-vs	-0.9867
w:いけない	pn	-0.6023
w:いけない	v5	-1.2282
w:いけない	w:から	1.0712
w:いけない	w:が	-0.8763
w:いけない	w:と	0.6278
w:いけない	w:に	-0.9142
w:いけない	w:の	-0.4223
w:いけない	w:ので	1.2762
w:いけない	w:は	-1.5751
w:いけない	w:よ	1.2581
w:いけない	w:を	-1.1205
w:いつ	BOUNDARY	-0.4586
w:いつ	adj-no	-0.5207
w:いつ	adj-pn	-0.1978
w:いつ	adv	-0.2463
w:いつ	aux-v	1.2243
w:いつ	aux-v:て	0.9132
w:いつ	aux-v:る	1.1597
w:いつ	exp-v	0.4777
w:いつ	exp-v:る	0.5361
w:いつ	n	0.3166
w:いつ	n-vs	0.8352
w:いつ	pn	-0.4504
w:いつ	v1	0.8591
w:いつ	v1:た	0.5815
w:いつ	v5	0.8483
w:いつ	v5:す	0.7790
w:いつ	v5:た	0.3982
w:いつ	v5:る	0.7579
w:いつ	w:が	-0.2909
w:いつ	w:ここ	0.7399
w:いつ	w:その	0.5426
w:いつ	w:ですか	0.6121
w:いつ	w:に	-0.9167
w:いつ	w:の	-0.6762
w:いつ	w:は	-1.5785
w:いつ	w:を	-1.1234
w:いつも	BOUNDARY	-0.4603
w:いつも	adj-i	1.0456
w:いつも	adj-i:い	0.9202
w:いつも	adj-i:く	0.7918
w:いつも	adj-na	1.2860
w:いつも	adj-no	0.7905
w:いつも	adj-pn	0.0120
w:いつも	adv	0.4919
w:いつも	aux-v	-0.6337
w:いつも	exp	0.3320
w:いつも	exp-v	0.9196
w:いつも	exp-v:る	1.0244
w:いつも	n	0.6795
w:いつも	n-suf	0.1090
w:いつも	n-vs	0.3867
w:いつも	pn	0.6163
w:いつも	suf	0.2084
w:いつも	v1	-0.2336
w:いつも	v1:る	0.1930
w:いつも	v5	0.1221
w:いつも	v5:た	-0.7724
w:いつも	v5:て	0.2985
w:いつも	v5:る	0.0674
w:いつも	w:が	-1.3903
w:いつも	w:その	-0.4031
w:いつも	w:で	-0.7523
w:いつも	w:と	-0.1367
w:いつも	w:に	-1.4388
w:いつも	w:の	-0.0777
w:いつも	w:は	-1.6360
w:いつも	w:を	-1.6948
w:いる	BOUNDARY	1.1790
w:いる	adj-i	-0.4916
w:いる	adj-na	-0.8192
w:いる	adj-no	-0.4838
w:いる	adj-pn	-1.2519
w:いる	adv	-0.8452
w:いる	aux	0.5984
w:いる	aux-v	-1.2048
w:いる	conj	0.4665
w:いる	exp	0.3943
w:いる	exp-adj	0.4821
w:いる	exp-adj:い	0.5568
w:いる	exp-v	-0.2371
w:いる	n	-1.0480
w:いる	n-suf	-0.2839
w:いる	n-vs	-1.5117
w:いる	pn	-0.9172
w:いる	v1	-1.0932
w:いる	v5	-1.8040
w:いる	v5:た	-0.9402
w:いる	w:か	0.5178
w:いる	w:が	-0.4971
w:いる	w:こと	0.8155
w:いる	w:その	-0.7273
w:いる	w:で	-0.7398
w:いる	w:と	0.9740
w:いる	w:とき	0.7965
w:いる	w:ところ	0.6174
w:いる	w:に	-1.0843
w:いる	w:の	0.5388
w:いる	w:のです	0.5675
w:いる	w:は	-2.2027
w:いる	w:よ	0.4405
w:いる	w:を	-1.6755
w:お	BOUNDARY	-0.7262
w:お	adj-i	-0.2376
w:お	adj-i:い	-0.0306
w:お	adj-na	0.4099
w:お	adj-no	0.3752
w:お	adj-pn	-1.3804
w:お	adv	-0.6582
w:お	aux-v	-0.6378
w:お	ctr	1.5622
w:お	exp	-0.3316
w:お	exp-v	1.5576
w:お	exp-v:い	0.7076
w:お	exp-v:う	0.9068
w:お	exp-v:た	0.6502
w:お	exp-v:て	0.8510
w:お	exp-v:ば	0.6741
w:お	exp-v:る	0.6762
w:お	n	1.1372
w:お	n-suf	1.2534
w:お	n-vs	0.8666
w:お	pn	-1.3823
w:お	suf	0.9597
w:お	v1	-0.3379
w:お	v5	0.6719
w:お	v5:い	1.1697
w:お	v5:き	1.1858
w:お	v5:し	0.6586
w:お	v5:た	-0.8685
w:お	v5:り	1.4982
w:お	v5:る	-0.6992
w:お	w:が	-1.5065
w:お	w:その	-0.8219
w:お	w:だ	-0.7065
w:お	w:で	-0.8355
w:お	w:と	-0.6234
w:お	w:に	-1.5567
w:お	w:の	-1.6811
w:お	w:は	-2.3603
w:お	w:を	-1.8205
w:か	BOUNDARY	1.5904
w:か	adj-i	-2.3049
w:か	adj-i:い	-2.1545
w:か	adj-i:く	-0.9941
w:か	adj-na	-1.2300
w:か	adj-no	-0.9757
w:か	adj-pn	-2.3191
w:か	adv	-1.5426
w:か	aux-v	-1.6088
w:か	aux-v:い	-0.1446
w:か	aux-v:う	-0.7413
w:か	aux-v:く	-0.7201
w:か	aux-v:す	-0.7854
w:か	aux-v:た	-1.5746
w:か	aux-v:て	-0.5787
w:か	aux-v:る	-1.1519
w:か	aux-v:ん	-0.6977
w:か	conj	-0.6583
w:か	ctr	-1.2896
w:か	exp	-1.0888
w:か	exp-adj	-0.7099
w:か	exp-adj:い	-1.1727
w:か	exp-v	-0.3538
w:か	exp-v:た	0.1872
w:か	exp-v:て	-0.0884
w:か	exp-v:る	-0.4416
w:か	n	-1.9201
w:か	n-suf	-1.4079
w:か	n-vs	-1.3134
w:か	pn	-1.8290
w:か	pref	-0.7108
w:か	prt	-0.4915
w:か	suf	-1.8416
w:か	v1	0.0555
w:か	v1:た	-0.6814
w:か	v1:て	1.2336
w:か	v1:る	-0.6967
w:か	v5	0.2283
w:か	v5:い	1.4714
w:か	v5:う	-1.1866
w:か	v5:く	-0.4914
w:か	v5:す	0.8478
w:か	v5:た	0.0442
w:か	v5:だ	-0.8487
w:か	v5:て	-0.3117
w:か	v5:り	0.2718
w:か	v5:る	-0.0840
w:か	v5:ん	1.0441
w:か	w:あなた	-0.7784
w:か	w:ある	-1.2045
w:か	w:か	-1.9048
w:か	w:から	-1.3767
w:か	w:が	-2.1671
w:か	w:ください	-0.7770
w:か	w:こと	-1.8035
w:か	w:この	-1.4936
w:か	w:し	-0.2272
w:か	w:した	-1.8386
w:か	w:して	-0.7488
w:か	w:している	-0.9873
w:か	w:する	-1.6447
w:か	w:その	-2.1352
w:か	w:それ	-1.0317
w:か	w:だ	-1.2493
w:か	w:だった	-0.8968
w:か	w:だろう	-0.9616
w:か	w:で	-1.7515
w:か	w:である	-0.2997
w:か	w:です	-1.4956
w:か	w:ですか	-0.9204
w:か	w:と	0.9275
w:か	w:という	0.3769
w:か	w:とても	-0.6069
w:か	w:どう	0.6486
w:か	w:ない	-0.6093
w:か	w:なさい	-0.8923
w:か	w:なんて	0.3860
w:か	w:に	-2.6343
w:か	w:について	0.7886
w:か	w:には	-1.5503
w:か	w:ね	0.9064
w:か	w:の	-1.2583
w:か	w:ので	-0.7362
w:か	w:のです	-0.7633
w:か	w:は	-1.6365
w:か	w:へ	-0.9868
w:か	w:まで	-0.8048
w:か	w:も	-1.3009
w:か	w:もの	-0.9404
w:か	w:よ	-1.2411
w:か	w:を	-1.1237
w:から	BOUNDARY	0.0347
w:から	adj-i	-0.0794
w:から	adj-i:い	0.0872
w:から	adj-i:く	-0.3009
w:から	adj-na	-0.3639
w:から	adj-no	0.0296
w:から	adj-pn	-0.5446
w:から	adv	0.1890
w:から	aux-v	0.7485
w:から	aux-v:う	0.5791
w:から	aux-v:た	0.9001
w:から	aux-v:て	0.2664
w:から	aux-v:ば	0.8672
w:から	aux-v:る	1.1535
w:から	conj	-0.6505
w:から	ctr	0.2161
w:から	exp	-0.3866
w:から	exp-adj	-0.0758
w:から	exp-adj:い	-0.5857
w:から	exp-adj:く	0.5957
w:から	exp-v	0.6346
w:から	exp-v:い	0.4209
w:から	exp-v:た	0.7237
w:から	exp-v:て	0.4091
w:から	exp-v:る	0.1522
w:から	n	0.3784
w:から	n-suf	0.1845
w:から	n-vs	0.6772
w:から	num	0.6349
w:から	pn	-1.0112
w:から	pref	0.2835
w:から	prt	-0.9872
w:から	suf	-0.0958
w:から	v1	1.2680
w:から	v1:い	0.5290
w:から	v1:う	0.5616
w:から	v1:す	0.5844
w:から	v1:た	1.2671
w:から	v1:て	1.1206
w:から	v1:る	0.9034
w:から	v5	0.9867
w:から	v5:い	-0.3891
w:から	v5:う	-0.0481
w:から	v5:く	0.4442
w:から	v5:す	0.8910
w:から	v5:た	1.1500
w:から	v5:て	0.7861
w:から	v5:る	1.2363
w:から	vs-i	0.4088
w:から	w:あなた	-0.3336
w:から	w:ある	-0.7928
w:から	w:か	-1.0402
w:から	w:から	-0.9299
w:から	w:が	-2.3064
w:から	w:ここ	0.4093
w:から	w:こと	-1.2883
w:から	w:この	-0.4855
w:から	w:した	-1.1365
w:から	w:して	-0.6217
w:から	w:する	-1.1521
w:から	w:ずっと	1.6006
w:から	w:その	0.0771
w:から	w:だ	0.3146
w:から	w:だった	-0.0030
w:から	w:で	-1.4309
w:から	w:である	0.5208
w:から	w:です	0.4683
w:から	w:ですか	0.1152
w:から	w:と	-0.9350
w:から	w:な	0.2989
w:から	w:に	-2.1148
w:から	w:には	-1.0727
w:から	w:ね	0.9109
w:から	w:の	-0.1008
w:から	w:は	-1.8103
w:から	w:も	0.4646
w:から	w:よ	-0.4850
w:から	w:を	-3.0077
w:が	BOUNDARY	-0.3211
w:が	adj-f	0.0695
w:が	adj-i	1.4170
w:が	adj-i:い	1.4466
w:が	adj-i:く	1.0908
w:が	adj-i:た	1.5381
w:が	adj-i:て	1.1912
w:が	adj-na	1.5788
w:が	adj-no	0.1831
w:が	adj-pn	-0.6396
w:が	adj-t	0.3290
w:が	adv	0.5030
w:が	aux	0.9275
w:が	aux-adj	2.2766
w:が	aux-adj:い	2.0880
w:が	aux-adj:く	0.4902
w:が	aux-adj:た	1.3702
w:が	aux-adj:て	1.2396
w:が	aux-adj:ら	1.9934
w:が	aux-v	0.5868
w:が	aux-v:い	0.7109
w:が	aux-v:う	-0.3300
w:が	aux-v:き	0.2631
w:が	aux-v:く	-0.3962
w:が	aux-v:す	0.6694
w:が	aux-v:た	0.4406
w:が	aux-v:て	0.3470
w:が	aux-v:ば	1.2118
w:が	aux-v:ら	1.3324
w:が	aux-v:り	0.0022
w:が	aux-v:る	0.7982
w:が	aux-v:れ	-0.3964
w:が	aux-v:ん	0.8063
w:が	aux:ば	1.6842
w:が	conj	-0.1045
w:が	cop	-1.0757
w:が	ctr	-0.6081
w:が	exp	-0.2351
w:が	exp-adj	-0.1740
w:が	exp-adj:い	-0.2077
w:が	exp-adj:く	0.0660
w:が	exp-adj:た	-0.3572
w:が	exp-v	0.5834
w:が	exp-v:い	0.1369
w:が	exp-v:う	0.5788
w:が	exp-v:く	0.5448
w:が	exp-v:す	0.3570
w:が	exp-v:た	0.5263
w:が	exp-v:て	-0.1157
w:が	exp-v:で	0.3169
w:が	exp-v:ば	0.4813
w:が	exp-v:る	0.9042
w:が	int	-0.8257
w:が	n	-0.2060
w:が	n-pref	-0.5593
w:が	n-suf	-0.5931
w:が	n-vs	0.3064
w:が	num	0.4780
w:が	pn	-0.5363
w:が	pref	-0.6880
w:が	prt	-0.4678
w:が	suf	-0.6781
w:が	v-other	0.9449
w:が	v-other:り	1.0741
w:が	v1	1.1424
w:が	v1:い	1.0086
w:が	v1:う	0.2431
w:が	v1:く	0.8422
w:が	v1:す	1.5470
w:が	v1:た	1.0489
w:が	v1:て	0.7067
w:が	v1:ば	0.5395
w:が	v1:べ	0.4214
w:が	v1:ら	1.2402
w:が	v1:る	1.2693
w:が	v1:ん	0.7187
w:が	v5	1.0354
w:が	v5:い	0.8690
w:が	v5:う	0.3217
w:が	v5:き	0.2987
w:が	v5:く	0.9690
w:が	v5:ぐ	0.2232
w:が	v5:し	-0.2783
w:が	v5:す	0.4942
w:が	v5:せ	-0.8714
w:が	v5:た	1.1854
w:が	v5:だ	0.9263
w:が	v5:つ	0.9668
w:が	v5:て	0.4892
w:が	v5:で	0.8823
w:が	v5:ぬ	0.2487
w:が	v5:ば	1.0875
w:が	v5:ぶ	0.5079
w:が	v5:み	0.4426
w:が	v5:む	0.2520
w:が	v5:ら	1.5152
w:が	v5:り	0.8574
w:が	v5:る	1.4330
w:が	v5:ん	0.9452
w:が	vs-i	-0.1713
w:が	vs-i:る	0.0892
w:が	w:あった	2.5539
w:が	w:あなた	0.0234
w:が	w:あの	-0.1310
w:が	w:あります	2.5916
w:が	w:ある	2.8397
w:が	w:いい	1.0029
w:が	w:いう	-0.8096
w:が	w:いけない	-0.8763
w:が	w:いつ	1.3185
w:が	w:いつも	-0.0040
w:が	w:いる	1.8138
w:が	w:お	-0.1202
w:が	w:か	-3.2658
w:が	w:から	-2.6429
w:が	w:が	-4.7190
w:が	w:きた	-0.2507
w:が	w:ください	-1.8210
w:が	w:くれた	-0.8691
w:が	w:くれる	-0.8615
w:が	w:ここ	0.6678
w:が	w:こと	-2.9682
w:が	w:この	-0.1237
w:が	w:これ	-1.0472
w:が	w:ご	0.0431
w:が	w:さ	-1.0200
w:が	w:された	-0.9800
w:が	w:さん	-1.0554
w:が	w:し	-1.5428
w:が	w:した	-1.3035
w:が	w:したい	0.2062
w:が	w:して	-1.4871
w:が	w:していた	-1.0320
w:が	w:している	-1.9485
w:が	w:しない	-0.8312
w:が	w:します	-0.4783
w:が	w:しまった	-1.3514
w:が	w:すぐ	0.1807
w:が	w:すぐに	0.4417
w:が	w:する	-1.3569
w:が	w:ずっと	0.4906
w:が	w:そう	0.4809
w:が	w:そこ	1.0194
w:が	w:その	0.1985
w:が	w:それ	0.1683
w:が	w:そんな	0.9286
w:が	w:たい	-1.2575
w:が	w:たくさん	1.9125
w:が	w:たち	-1.2504
w:が	w:ため	-0.9963
w:が	w:ために	-1.6441
w:が	w:だ	-3.5111
w:が	w:だけ	-1.1190
w:が	w:だった	-2.2575
w:が	w:だろう	-2.0945
w:が	w:つもり	-1.1913
w:が	w:で	-3.7450
w:が	w:であった	-0.8464
w:が	w:である	-2.2697
w:が	w:できない	0.4563
w:が	w:できる	1.3081
w:が	w:でした	-0.9265
w:が	w:でしょう	-1.4665
w:が	w:です	-3.0053
w:が	w:ですか	-2.0355
w:が	w:ではない	-1.5220
w:が	w:でも	-1.0995
w:が	w:と	-3.3567
w:が	w:という	-1.1769
w:が	w:とき	-1.4106
w:が	w:ところ	-1.3785
w:が	w:として	-0.8860
w:が	w:とても	1.0280
w:が	w:とは	-1.1913
w:が	w:どう	0.4963
w:が	w:どこ	1.0840
w:が	w:どんな	0.4055
w:が	w:な	-1.6315
w:が	w:ない	2.2995
w:が	w:なかった	2.0750
w:が	w:なさい	-1.9947
w:が	w:なら	-1.0697
w:が	w:なんて	-0.9496
w:が	w:に	-4.7826
w:が	w:について	-1.4362
w:が	w:になった	-1.1399
w:が	w:には	-2.8544
w:が	w:にも	-0.9765
w:が	w:ね	-1.5214
w:が	w:の	-4.9366
w:が	w:のだ	-0.8812
w:が	w:ので	-1.7570
w:が	w:のです	-1.7998
w:が	w:のに	-1.4867
w:が	w:は	-5.3823
w:が	w:へ	-2.1302
w:が	w:べき	-1.1895
w:が	w:ほとんど	0.4075
w:が	w:ほど	-1.1549
w:が	w:まだ	0.4175
w:が	w:まで	-1.8639
w:が	w:みんな	0.0710
w:が	w:も	-2.7735
w:が	w:もう	-0.7514
w:が	w:もし	-0.2263
w:が	w:もっと	0.4039
w:が	w:もの	-2.0644
w:が	w:や	-0.8933
w:が	w:よ	-2.4714
w:が	w:よい	1.2784
w:が	w:よう	-0.8388
w:が	w:ような	-1.0114
w:が	w:ように	-1.6338
w:が	w:よく	0.8087
w:が	w:より	-0.8185
w:が	w:よりも	-0.8738
w:が	w:を	-5.1042
w:が	w:ん	-0.7206
w:が	w:んだ	-1.0263
w:が	w:んです	-0.8234
w:きた	BOUNDARY	1.5599
w:きた	adj-i	-0.7593
w:きた	adj-na	-0.9239
w:きた	adj-no	-0.5414
w:きた	adj-pn	-1.1639
w:きた	adv	-1.0426
w:きた	aux-v	-1.1185
w:きた	exp	-0.5359
w:きた	exp-v	-0.7563
w:きた	n	-1.6272
w:きた	n-vs	-1.0787
w:きた	pn	-1.1656
w:きた	prt	0.4995
w:きた	v1	-1.0115
w:きた	v5	-1.7002
w:きた	v5:た	-0.8655
w:きた	w:が	-0.8103
w:きた	w:こと	0.6091
w:きた	w:とき	0.9597
w:きた	w:ところ	0.6260
w:きた	w:に	-1.1447
w:きた	w:の	-0.4137
w:きた	w:ので	0.9923
w:きた	w:は	-2.0918
w:きた	w:を	-1.5747
w:ください	BOUNDARY	1.8398
w:ください	adj-i	-1.1836
w:ください	adj-i:い	-0.9425
w:ください	adj-na	-1.3933
w:ください	adj-no	-1.9778
w:ください	adj-pn	-1.6845
w:ください	adv	-1.7564
w:ください	aux-v	-1.6306
w:ください	aux-v:た	-0.7810
w:ください	exp	-1.4944
w:ください	exp-v	-1.1796
w:ください	n	-2.9599
w:ください	n-suf	-1.0913
w:ください	n-vs	-1.9759
w:ください	pn	-1.6866
w:ください	suf	-0.8542
w:ください	v1	-1.5014
w:ください	v1:た	-0.8139
w:ください	v1:る	-0.7487
w:ください	v5	-2.2945
w:ください	v5:た	-1.3200
w:ください	v5:て	-0.7349
w:ください	v5:る	-0.9134
w:ください	w:か	-0.7770
w:ください	w:が	-1.8210
w:ください	w:こと	-0.7139
w:ください	w:した	-0.7355
w:ください	w:その	-1.0578
w:ください	w:だ	-0.9221
w:ください	w:で	-1.0736
w:ください	w:と	-0.8566
w:ください	w:に	-1.8750
w:ください	w:ね	0.9084
w:ください	w:の	-2.0079
w:ください	w:は	-2.7180
w:ください	w:を	-2.1555
w:くれた	BOUNDARY	1.6739
w:くれた	adj-i	-0.8030
w:くれた	adj-na	-0.9733
w:くれた	adj-no	-1.1420
w:くれた	adj-pn	-1.2200
w:くれた	adv	-1.1002
w:くれた	aux-v	-1.1735
w:くれた	exp	-0.2693
w:くれた	exp-v	-0.7998
w:くれた	n	-1.2302
w:くれた	n-suf	-0.5480
w:くれた	n-vs	-1.1403
w:くれた	pn	-1.2218
w:くれた	v1	-1.0636
w:くれた	v5	-1.7665
w:くれた	v5:た	-0.9130
w:くれた	w:が	-0.4637
w:くれた	w:こと	0.2442
w:くれた	w:その	-0.7043
w:くれた	w:で	-0.7165
w:くれた	w:に	-1.3868
w:くれた	w:の	-0.6300
w:くれた	w:ので	0.7607
w:くれた	w:は	-2.1627
w:くれた	w:もの	0.5324
w:くれた	w:を	-1.6391
w:くれる	BOUNDARY	0.4682
w:くれる	adj-no	-0.9721
w:くれる	adj-pn	-0.7695
w:くれる	adv	-0.8174
w:くれる	aux-v	-0.7343
w:くれる	exp	0.6326
w:くれる	n	-0.8074
w:くれる	n-vs	-0.7884
w:くれる	pn	-0.7708
w:くれる	suf	0.7249
w:くれる	v5	-1.2102
w:くれる	w:が	-0.8615
w:くれる	w:こと	0.7126
w:くれる	w:だろう	1.1398
w:くれる	w:でしょう	0.7483
w:くれる	w:と	1.0882
w:くれる	w:なら	0.6699
w:くれる	w:に	-0.8990
w:くれる	w:の	0.2870
w:くれる	w:は	-1.5549
w:くれる	w:もの	1.0819
w:くれる	w:よう	0.7724
w:くれる	w:ように	1.8068
w:くれる	w:を	-1.1034
w:ここ	BOUNDARY	-2.0213
w:ここ	adj-i	-0.9995
w:ここ	adj-i:い	-0.7825
w:ここ	adj-na	-1.1922
w:ここ	adj-no	-1.7436
w:ここ	adj-pn	-1.4647
w:ここ	adv	-1.3503
w:ここ	aux-v	-1.4138
w:ここ	exp	-1.1039
w:ここ	exp-v	-0.9959
w:ここ	n	-1.4751
w:ここ	n-suf	-0.9158
w:ここ	n-vs	-1.7418
w:ここ	pn	-1.4666
w:ここ	suf	-0.7043
w:ここ	v1	-1.2927
w:ここ	v5	-2.0488
w:ここ	v5:た	-1.1244
w:ここ	v5:る	-0.7566
w:ここ	w:から	2.2455
w:ここ	w:が	0.2306
w:ここ	w:その	-0.8856
w:ここ	w:だ	-0.7643
w:ここ	w:で	2.4252
w:ここ	w:と	-0.8687
w:ここ	w:に	2.3583
w:ここ	w:には	1.0699
w:ここ	w:の	-0.2038
w:ここ	w:は	-0.4073
w:ここ	w:へ	2.1469
w:ここ	w:まで	0.6994
w:ここ	w:を	-0.5281
w:こと	BOUNDARY	-2.5103
w:こと	adj-i	-2.3777
w:こと	adj-i:い	-2.0492
w:こと	adj-i:く	-1.0950
w:こと	adj-na	-2.3076
w:こと	adj-no	-2.8578
w:こと	adj-pn	-2.9931
w:こと	adv	-3.0764
w:こと	aux	0.2266
w:こと	aux-v	-2.4599
w:こと	aux-v:い	-0.7714
w:こと	aux-v:す	-0.8950
w:こと	aux-v:た	-1.8098
w:こと	aux-v:て	-1.0854
w:こと	aux-v:る	-1.3967
w:こと	conj	-0.6631
w:こと	ctr	-1.3807
w:こと	exp	-0.6635
w:こと	exp-adj	-0.2842
w:こと	exp-adj:い	-0.6214
w:こと	exp-v	-1.5841
w:こと	exp-v:た	-1.1882
w:こと	exp-v:て	-0.8085
w:こと	exp-v:る	-0.8381
w:こと	n	-4.1994
w:こと	n-suf	-1.7853
w:こと	n-vs	-3.1434
w:こと	pn	-2.9955
w:こと	pref	-0.9710
w:こと	prt	1.1611
w:こと	suf	-1.7383
w:こと	v1	-2.4395
w:こと	v1:た	-1.8601
w:こと	v1:て	-1.2294
w:こと	v1:る	-1.5771
w:こと	v5	-1.7022
w:こと	v5:い	-1.0208
w:こと	v5:う	-0.8108
w:こと	v5:く	-0.5797
w:こと	v5:す	-0.1784
w:こと	v5:た	-1.9648
w:こと	v5:だ	-0.7818
w:こと	v5:て	-1.2678
w:こと	v5:る	-1.3142
w:こと	w:あなた	-1.2782
w:こと	w:ある	-0.9396
w:こと	w:か	-0.5797
w:こと	w:から	-0.1897
w:こと	w:が	1.3426
w:こと	w:ください	-0.7139
w:こと	w:こと	-1.7043
w:こと	w:この	-1.5795
w:こと	w:し	-0.7498
w:こと	w:した	-1.4021
w:こと	w:して	-0.7993
w:こと	w:している	-0.9137
w:こと	w:する	-1.5490
w:こと	w:その	-2.2099
w:こと	w:それ	-0.9561
w:こと	w:だ	1.5802
w:こと	w:だけ	0.8161
w:こと	w:だった	0.9154
w:こと	w:だろう	0.3346
w:こと	w:で	0.9875
w:こと	w:である	1.6709
w:こと	w:でした	0.9560
w:こと	w:でしょう	0.8729
w:こと	w:です	1.4341
w:こと	w:ですか	-0.5134
w:こと	w:ではない	1.1059
w:こと	w:でも	0.6169
w:こと	w:と	-0.1826
w:こと	w:とても	-0.7254
w:こと	w:とは	0.3140
w:こと	w:ない	-0.5454
w:こと	w:なさい	-0.8232
w:こと	w:なら	0.8373
w:こと	w:に	0.7080
w:こと	w:について	1.9003
w:こと	w:には	0.8254
w:こと	w:の	-1.2819
w:こと	w:のです	-0.7010
w:こと	w:は	1.0657
w:こと	w:へ	-0.9132
w:こと	w:ほど	0.3303
w:こと	w:まで	-0.5579
w:こと	w:も	1.0243
w:こと	w:もの	-0.8690
w:こと	w:よ	-1.1572
w:こと	w:を	1.9073
w:この	BOUNDARY	-2.2952
w:この	adj-i	0.2126
w:この	adj-i:い	0.5179
w:この	adj-i:く	-0.9947
w:この	adj-na	-1.2202
w:この	adj-no	0.2155
w:この	adj-pn	-2.1536
w:この	adv	-0.1950
w:この	aux-v	-2.6017
w:この	aux-v:す	-0.8064
w:この	aux-v:た	-1.6820
w:この	aux-v:て	-0.9856
w:この	aux-v:る	-1.2825
w:この	conj	-1.2437
w:この	ctr	1.1124
w:この	exp	-0.2624
w:この	exp-adj	-1.0208
w:この	exp-adj:い	-0.8090
w:この	exp-v	-0.8470
w:この	exp-v:た	-0.9209
w:この	exp-v:て	0.0628
w:この	exp-v:る	-0.7276
w:この	int	0.3592
w:この	n	1.7346
w:この	n-pref	0.7846
w:この	n-suf	1.4984
w:この	n-vs	0.7067
w:この	num	0.8398
w:この	pn	-1.8936
w:この	pref	2.9156
w:この	prt	-0.9075
w:この	suf	1.5422
w:この	v1	-2.2951
w:この	v1:た	-1.7310
w:この	v1:て	-1.1225
w:この	v1:る	-1.6331
w:この	v5	-2.8326
w:この	v5:い	-1.0974
w:この	v5:う	-1.1715
w:この	v5:す	-1.2878
w:この	v5:た	-2.0743
w:この	v5:だ	-0.7008
w:この	v5:て	-1.6120
w:この	v5:る	-1.8748
w:この	w:あなた	-1.1690
w:この	w:ある	-1.0203
w:この	w:か	-1.6760
w:この	w:から	-1.1787
w:この	w:が	-3.0029
w:この	w:こと	0.4746
w:この	w:この	-1.4586
w:この	w:した	-1.6128
w:この	w:して	-1.0333
w:この	w:している	-0.8239
w:この	w:する	-1.4292
w:この	w:その	-2.0734
w:この	w:それ	-0.8637
w:この	w:だ	-1.8871
w:この	w:だった	-0.9064
w:この	w:だろう	-0.8009
w:この	w:で	-2.0945
w:この	w:である	-0.9146
w:この	w:です	-1.4605
w:この	w:ですか	-0.7643
w:この	w:と	-2.0480
w:この	w:なさい	-0.7394
w:この	w:に	-3.0639
w:この	w:には	-1.3405
w:この	w:の	-3.2124
w:この	w:は	-3.9763
w:この	w:へ	-0.8235
w:この	w:も	-1.2777
w:この	w:もの	-0.7821
w:この	w:よ	-1.0537
w:この	w:を	-3.3748
w:これ	BOUNDARY	-2.4067
w:これ	adj-i	-1.0321
w:これ	adj-i:い	-0.8106
w:これ	adj-na	-1.0458
w:これ	adj-no	-1.6037
w:これ	adj-pn	-1.5043
w:これ	adv	-1.3907
w:これ	aux-v	-1.4528
w:これ	conj	2.3075
w:これ	exp	-0.9871
w:これ	exp-v	-0.8462
w:これ	n	-2.7467
w:これ	n-suf	-0.6104
w:これ	n-vs	-1.6019
w:これ	pn	-1.3239
w:これ	prt	0.7968
w:これ	suf	-0.7306
w:これ	v1	-1.3301
w:これ	v1:た	-0.6943
w:これ	v5	-1.9112
w:これ	v5:た	-1.1593
w:これ	v5:る	-0.6018
w:これ	w:が	1.4651
w:これ	w:その	-0.9160
w:これ	w:だ	-0.6097
w:これ	w:で	0.9257
w:これ	w:と	0.2644
w:これ	w:に	-0.8984
w:これ	w:の	-1.6328
w:これ	w:は	1.7543
w:これ	w:より	0.7670
w:これ	w:を	0.7364
w:ご	BOUNDARY	-1.1278
w:ご	adj-na	1.2603
w:ご	adj-no	0.1363
w:ご	adj-pn	-0.8169
w:ご	adv	0.6593
w:ご	aux-v	-0.7803
w:ご	exp-adj	0.9964
w:ご	exp-adj:い	1.0392
w:ご	exp-v	0.1933
w:ご	n	0.6158
w:ご	n-vs	2.1358
w:ご	pn	-0.6360
w:ご	v1	-0.6951
w:ご	v5	-1.2718
w:ご	w:が	-0.9124
w:ご	w:に	-0.9513
w:ご	w:の	-1.0493
w:ご	w:は	-1.6239
w:ご	w:を	-1.1621
w:さ	BOUNDARY	-0.0100
w:さ	adj-na	-0.7114
w:さ	adj-no	-0.9594
w:さ	adj-pn	-0.9176
w:さ	adv	-0.7887
w:さ	aux-v	-0.8781
w:さ	exp	-0.1932
w:さ	n	-1.9831
w:さ	n-vs	-1.1403
w:さ	pn	-0.9191
w:さ	v1	-0.7859
w:さ	v5	-1.3998
w:さ	w:が	1.0082
w:さ	w:そう	0.6603
w:さ	w:だ	1.1916
w:さ	w:で	1.4676
w:さ	w:である	0.6587
w:さ	w:です	0.7624
w:さ	w:と	0.2074
w:さ	w:に	0.9127
w:さ	w:には	0.6434
w:さ	w:の	-0.0024
w:さ	w:は	0.4750
w:さ	w:を	0.5716
w:された	BOUNDARY	1.6290
w:された	adj-na	-0.6440
w:された	adj-no	-0.5995
w:された	adj-pn	-0.8695
w:された	adv	-0.9273
w:された	aux-v	-1.0089
w:された	exp	-0.4329
w:された	n	-0.7844
w:された	n-vs	-0.9546
w:された	pn	-1.0534
w:された	v1	-0.9083
w:された	v5	-1.5655
w:された	v5:た	-0.7720
w:された	w:が	-0.8258
w:された	w:に	-1.2068
w:された	w:の	-0.6249
w:された	w:は	-1.9466
w:された	w:を	-1.4443
w:さん	BOUNDARY	-0.7936
w:さん	adj-na	-0.7398
w:さん	adj-no	-1.1795
w:さん	adj-pn	-0.9509
w:さん	adv	-1.0056
w:さん	aux-v	-0.9106
w:さん	exp	-0.2234
w:さん	n	-1.2422
w:さん	n-vs	-1.1780
w:さん	pn	-0.9525
w:さん	prt	0.4767
w:さん	v1	-0.8162
w:さん	v5	-1.4415
w:さん	w:から	0.4942
w:さん	w:が	0.5932
w:さん	w:です	0.7492
w:さん	w:ですか	0.5867
w:さん	w:と	1.2155
w:さん	w:という	1.1260
w:さん	w:に	0.7586
w:さん	w:の	0.7132
w:さん	w:は	1.3498
w:さん	w:を	0.2847
w:し	BOUNDARY	0.0041
w:し	adj-i	-0.5389
w:し	adj-i:い	-0.2922
w:し	adj-na	-0.2826
w:し	adj-no	-1.7013
w:し	adj-pn	-1.7413
w:し	adv	-1.8140
w:し	aux	1.5863
w:し	aux-v	0.6742
w:し	aux-v:う	0.5718
w:し	aux-v:た	0.2795
w:し	aux-v:る	1.0861
w:し	aux:ば	1.6286
w:し	exp	2.7281
w:し	exp-adj	1.5881
w:し	exp-adj:い	1.6286
w:し	exp-v	-1.2280
w:し	n	-2.5557
w:し	n-suf	-0.4447
w:し	n-vs	-1.4480
w:し	pn	-1.5610
w:し	prt	1.0696
w:し	suf	-0.3068
w:し	v1	0.3903
w:し	v1:い	0.5310
w:し	v1:た	-0.6707
w:し	v1:て	0.2227
w:し	v1:る	0.6959
w:し	v5	-0.2528
w:し	v5:た	-0.3415
w:し	v5:て	-0.7715
w:し	v5:る	0.6132
w:し	w:か	-0.6326
w:し	w:が	-1.8793
w:し	w:こと	-0.7498
w:し	w:した	-0.7721
w:し	w:そう	0.9992
w:し	w:その	-0.9212
w:し	w:だ	-0.9644
w:し	w:で	-1.1197
w:し	w:と	-1.0842
w:し	w:なさい	3.3620
w:し	w:に	-0.7101
w:し	w:の	-2.0681
w:し	w:は	-2.6005
w:し	w:を	-2.2169
w:した	BOUNDARY	1.6252
w:した	adj-i	-1.7226
w:した	adj-i:い	-1.3925
w:した	adj-i:く	-1.1230
w:した	adj-na	-2.5006
w:した	adj-no	-1.3667
w:した	adj-pn	-2.8506
w:した	adv	-1.8926
w:した	aux-adj	0.3480
w:した	aux-adj:い	0.5143
w:した	aux-v	-2.9695
w:した	aux-v:い	-0.7941
w:した	aux-v:う	-0.7011
w:した	aux-v:す	-0.9199
w:した	aux-v:た	-1.8448
w:した	aux-v:て	-1.1133
w:した	aux-v:る	-1.4283
w:した	conj	-0.3578
w:した	cop	0.3528
w:した	cop:だ	0.5076
w:した	ctr	-0.9421
w:した	exp	-0.7027
w:した	exp-adj	0.1815
w:した	exp-adj:い	0.3157
w:した	exp-v	-1.0242
w:した	exp-v:す	0.5161
w:した	exp-v:た	-1.0654
w:した	exp-v:て	-0.8319
w:した	exp-v:る	-0.8688
w:した	n	-1.1125
w:した	n-suf	-0.6442
w:した	n-vs	-2.2029
w:した	pn	-2.0056
w:した	pref	-0.5272
w:した	prt	0.0938
w:した	suf	-0.1001
w:した	v1	-2.8152
w:した	v1:た	-1.8955
w:した	v1:て	-1.2592
w:した	v1:る	-1.7942
w:した	v5	-3.7171
w:した	v5:い	-1.2325
w:した	v5:う	-1.3112
w:した	v5:く	-0.7846
w:した	v5:す	-1.4339
w:した	v5:た	-2.5912
w:した	v5:だ	-0.8047
w:した	v5:て	-1.7723
w:した	v5:る	-2.0437
w:した	w:あなた	-1.3085
w:した	w:ある	-1.1503
w:した	w:か	-0.5036
w:した	w:から	-0.2892
w:した	w:が	-0.9499
w:した	w:ください	-0.7355
w:した	w:こと	0.9958
w:した	w:この	-1.6128
w:した	w:し	-0.5898
w:した	w:した	-1.7732
w:した	w:して	-1.1643
w:した	w:している	-0.9390
w:した	w:する	-1.5820
w:した	w:その	-2.2472
w:した	w:それ	-0.9820
w:した	w:ため	0.3868
w:した	w:だ	-2.0562
w:した	w:だった	-1.0281
w:した	w:だろう	0.1846
w:した	w:で	-2.0865
w:した	w:である	-1.0369
w:した	w:です	-1.6148
w:した	w:ですか	-0.8741
w:した	w:と	-0.3044
w:した	w:という	0.4896
w:した	w:とき	1.8410
w:した	w:ところ	0.6144
w:した	w:とても	-0.7472
w:した	w:ない	-0.7496
w:した	w:なさい	-0.8469
w:した	w:に	-2.3767
w:した	w:には	-1.4892
w:した	w:の	-0.2838
w:した	w:のだ	0.9034
w:した	w:ので	1.4320
w:した	w:のです	1.1946
w:した	w:は	-3.9872
w:した	w:へ	-0.9385
w:した	w:まで	-0.5800
w:した	w:も	-1.2409
w:した	w:もの	1.3257
w:した	w:よ	-0.2306
w:した	w:を	-3.5653
w:した	w:んだ	0.3742
w:した	w:んです	0.4555
w:したい	BOUNDARY	0.3566
w:したい	adj-no	-0.9311
w:したい	adj-pn	-0.7342
w:したい	adv	-0.5983
w:したい	aux-v	-0.7000
w:したい	exp-v	0.3462
w:したい	exp-v:る	0.5496
w:したい	n	-0.7523
w:したい	n-vs	-0.9297
w:したい	pn	-0.7355
w:したい	v5	-1.1638
w:したい	w:が	-0.6411
w:したい	w:こと	0.7266
w:したい	w:と	1.9502
w:したい	w:なら	0.9337
w:したい	w:に	-0.8599
w:したい	w:の	-0.6158
w:したい	w:のです	2.4284
w:したい	w:は	-1.5026
w:したい	w:を	-1.0592
w:して	BOUNDARY	-0.8029
w:して	adj-i	0.1024
w:して	adj-i:い	-0.0434
w:して	adj-i:く	0.0332
w:して	adj-i:た	0.4065
w:して	adj-na	-0.7422
w:して	adj-no	-0.6664
w:して	adj-pn	-0.6444
w:して	adv	-0.6142
w:して	aux-adj	1.0626
w:して	aux-adj:い	1.0447
w:して	aux-v	2.2576
w:して	aux-v:い	1.8666
w:して	aux-v:う	2.1879
w:して	aux-v:き	1.1264
w:して	aux-v:く	1.8104
w:して	aux-v:す	1.9988
w:して	aux-v:た	1.6663
w:して	aux-v:て	1.3484
w:して	aux-v:ば	0.5030
w:して	aux-v:ら	0.7943
w:して	aux-v:り	0.8655
w:して	aux-v:る	1.1918
w:して	aux-v:れ	1.1584
w:して	aux-v:ん	1.7284
w:して	conj	-0.6739
w:して	ctr	-0.6929
w:して	exp	0.8740
w:して	exp-adj	-0.4870
w:して	exp-v	0.1995
w:して	exp-v:た	0.7013
w:して	exp-v:る	-0.3491
w:して	n	-0.4625
w:して	n-suf	-0.5133
w:して	n-vs	-0.1089
w:して	pn	-0.9090
w:して	prt	-0.0680
w:して	suf	-0.9819
w:して	v1	-0.2017
w:して	v1:た	0.1196
w:して	v1:て	-0.1716
w:して	v1:る	-0.4886
w:して	v5	0.0564
w:して	v5:い	-0.4032
w:して	v5:う	-0.3282
w:して	v5:す	-0.1989
w:して	v5:た	0.4601
w:して	v5:だ	0.4327
w:して	v5:て	-0.0650
w:して	v5:る	-0.4378
w:して	v5:ん	0.6066
w:して	w:あなた	-0.7962
w:して	w:いい	0.8937
w:して	w:か	-1.2188
w:して	w:から	0.6311
w:して	w:が	-2.4426
w:して	w:きた	1.9551
w:して	w:ください	2.4807
w:して	w:くれた	2.8640
w:して	w:くれる	2.1608
w:して	w:こと	-1.1357
w:して	w:この	-0.2449
w:して	w:した	-1.1643
w:して	w:しまった	1.9352
w:して	w:する	-1.0087
w:して	w:その	0.0772
w:して	w:それ	0.3144
w:して	w:だ	-1.4042
w:して	w:で	-1.5906
w:して	w:です	-1.0349
w:して	w:と	-1.5485
w:して	w:に	-2.5013
w:して	w:には	-0.9351
w:して	w:ね	0.5213
w:して	w:の	-2.6446
w:して	w:は	-0.7102
w:して	w:も	2.5372
w:して	w:よ	0.1699
w:して	w:よい	1.0845
w:して	w:を	-2.8022
w:していた	BOUNDARY	1.5210
w:していた	adj-i	-0.7111
w:していた	adj-na	-0.8691
w:していた	adj-no	-0.7597
w:していた	adj-pn	-1.1012
w:していた	adv	-1.1604
w:していた	aux-v	-1.0572
w:していた	exp	0.1505
w:していた	exp-v	-0.5259
w:していた	n	-1.1387
w:していた	n-vs	-1.3459
w:していた	pn	-1.1028
w:していた	v1	-0.9536
w:していた	v5	-1.6252
w:していた	v5:た	-0.8130
w:していた	w:が	-0.6265
w:していた	w:だろう	0.9572
w:していた	w:に	-0.9233
w:していた	w:の	-0.2102
w:していた	w:ので	1.1836
w:していた	w:のです	0.6862
w:していた	w:は	-2.0111
w:していた	w:を	-1.5020
w:している	BOUNDARY	1.5726
w:している	adj-i	-1.4465
w:している	adj-i:い	-1.1773
w:している	adj-na	-1.4930
w:している	adj-no	-1.4197
w:している	adj-pn	-1.8046
w:している	adv	-1.3697
w:している	aux-v	-1.9296
w:している	aux-v:た	-0.9920
w:している	aux-v:る	-0.6982
w:している	conj	0.5524
w:している	cop	0.9772
w:している	cop:だ	1.0357
w:している	exp	-0.3979
w:している	exp-v	-0.8543
w:している	n	-1.6178
w:している	n-suf	-0.7565
w:している	n-vs	-1.8232
w:している	pn	-1.8067
w:している	suf	0.3098
w:している	v1	-1.7917
w:している	v1:た	-1.0301
w:している	v1:る	-0.9544
w:している	v5	-2.6236
w:している	v5:す	-0.7019
w:している	v5:た	-1.5958
w:している	v5:て	-0.9383
w:している	v5:る	-1.1442
w:している	w:か	0.0423
w:している	w:が	-1.7944
w:している	w:こと	0.3672
w:している	w:この	-0.8239
w:している	w:した	-0.9390
w:している	w:する	-0.8024
w:している	w:その	-1.3070
w:している	w:だ	-1.1541
w:している	w:だろう	0.3039
w:している	w:で	-1.3246
w:している	w:です	-0.8253
w:している	w:と	0.3236
w:している	w:とき	0.9750
w:している	w:ところ	1.3006
w:している	w:に	-1.5998
w:している	w:には	-0.7389
w:している	w:の	0.1749
w:している	w:ので	0.6775
w:している	w:のです	1.0956
w:している	w:のに	0.6695
w:している	w:は	-3.0580
w:している	w:も	-0.6949
w:している	w:よ	0.5538
w:している	w:よう	0.8714
w:している	w:を	-2.4799
w:している	w:んだ	0.5801
w:しない	BOUNDARY	0.7875
w:しない	adj-na	-0.7063
w:しない	adj-no	-0.9526
w:しない	adj-pn	-0.9116
w:しない	adv	-0.6284
w:しない	aux-v	-0.8722
w:しない	exp	-0.1878
w:しない	exp-adj	0.8360
w:しない	exp-adj:い	0.8852
w:しない	exp-v	0.1257
w:しない	n	-1.6380
w:しない	n-vs	-1.1335
w:しない	pn	-0.7308
w:しない	prt	0.7514
w:しない	suf	0.4987
w:しない	v1	-0.7804
w:しない	v5	-1.3923
w:しない	w:か	0.4532
w:しない	w:が	-0.5436
w:しない	w:こと	0.7271
w:しない	w:だろう	1.7804
w:しない	w:つもり	0.6576
w:しない	w:でしょう	0.9783
w:しない	w:と	1.2045
w:しない	w:に	-1.0549
w:しない	w:の	-0.4656
w:しない	w:は	-1.7574
w:しない	w:よ	0.5350
w:しない	w:ように	1.9650
w:しない	w:を	-1.2774
w:します	BOUNDARY	1.6072
w:します	adj-na	-0.8338
w:します	adj-no	-1.3023
w:します	adj-pn	-1.0605
w:します	adv	-1.1186
w:します	aux-v	-1.0174
w:します	exp	-0.9109
w:します	n	-2.1825
w:します	n-vs	-1.3007
w:します	pn	-1.0621
w:します	v1	-0.9162
w:します	v5	-1.5760
w:します	v5:た	-0.7792
w:します	w:か	1.9329
w:します	w:が	-0.5837
w:します	w:に	-1.2161
w:します	w:の	-1.3278
w:します	w:は	-1.9580
w:します	w:よ	1.2384
w:します	w:を	-1.4544
w:しまった	BOUNDARY	1.6263
w:しまった	adj-i	-0.8122
w:しまった	adj-na	-0.9837
w:しまった	adj-no	-1.0213
w:しまった	adj-pn	-1.2317
w:しまった	adv	-1.2945
w:しまった	aux-v	-1.0027
w:しまった	exp	-0.7321
w:しまった	exp-v	-0.8090
w:しまった	n	-2.4084
w:しまった	n-suf	-0.5566
w:しまった	n-vs	-1.4896
w:しまった	pn	-1.2335
w:しまった	v1	-1.0745
w:しまった	v5	-1.7803
w:しまった	v5:た	-0.9230
w:しまった	w:が	-1.3514
w:しまった	w:こと	0.7688
w:しまった	w:その	-0.7127
w:しまった	w:で	-0.7251
w:しまった	w:と	-0.2280
w:しまった	w:に	-0.8115
w:しまった	w:の	0.1680
w:しまった	w:ので	1.0466
w:しまった	w:は	-2.1775
w:しまった	w:を	-1.6525
w:しまった	w:んです	0.6607
w:すぐ	BOUNDARY	-0.2059
w:すぐ	adj-no	0.8331
w:すぐ	adj-pn	-0.1701
w:すぐ	adv	-0.4688
w:すぐ	aux-v	1.1939
w:すぐ	aux-v:て	0.5822
w:すぐ	aux-v:る	1.1137
w:すぐ	exp-v	0.9765
w:すぐ	exp-v:る	0.6388
w:すぐ	n	-0.2188
w:すぐ	n-suf	0.2805
w:すぐ	n-vs	0.7291
w:すぐ	pn	-0.2892
w:すぐ	v1	0.7441
w:すぐ	v1:る	0.6226
w:すぐ	v5	0.8065
w:すぐ	v5:す	0.6201
w:すぐ	v5:て	0.6284
w:すぐ	v5:る	0.5494
w:すぐ	w:が	-0.8489
w:すぐ	w:に	-0.7038
w:すぐ	w:の	-0.9802
w:すぐ	w:は	-1.5378
w:すぐ	w:を	-1.0889
w:すぐに	BOUNDARY	-0.1172
w:すぐに	adj-i	0.2778
w:すぐに	adj-i:い	0.2756
w:すぐに	adj-na	-0.2431
w:すぐに	adj-no	-0.0175
w:すぐに	adj-pn	-0.0274
w:すぐに	adv	-0.2395
w:すぐに	aux-v	0.3723
w:すぐに	exp	-0.5712
w:すぐに	exp-v	1.1497
w:すぐに	exp-v:た	0.4377
w:すぐに	exp-v:る	1.0439
w:すぐに	n	0.2903
w:すぐに	n-vs	0.9855
w:すぐに	pn	0.4674
w:すぐに	v1	1.0039
w:すぐに	v1:た	0.5994
w:すぐに	v1:て	0.5735
w:すぐに	v1:る	0.6399
w:すぐに	v5	0.8261
w:すぐに	v5:た	0.5046
w:すぐに	v5:て	0.4071
w:すぐに	v5:る	0.8412
w:すぐに	w:あなた	0.4647
w:すぐに	w:が	-1.1678
w:すぐに	w:その	0.3654
w:すぐに	w:に	-1.2124
w:すぐに	w:の	-1.3239
w:すぐに	w:は	-1.4834
w:すぐに	w:を	-1.4504
w:する	BOUNDARY	0.2329
w:する	adj-i	-1.7340
w:する	adj-i:い	-1.4129
w:する	adj-i:く	-0.9705
w:する	adj-na	0.1145
w:する	adj-no	-0.4748
w:する	adj-pn	-2.4739
w:する	adv	-1.7297
w:する	aux	0.6799
w:する	aux-v	-2.7479
w:する	aux-v:す	-0.7852
w:する	aux-v:た	-1.6507
w:する	aux-v:て	-0.9616
w:する	aux-v:る	-1.2547
w:する	aux:ら	0.9362
w:する	conj	-0.1868
w:する	ctr	-0.9031
w:する	exp	0.2689
w:する	exp-adj	0.2101
w:する	exp-adj:い	0.2566
w:する	exp-v	1.3846
w:する	exp-v:い	1.2029
w:する	exp-v:し	0.5982
w:する	exp-v:す	1.1005
w:する	exp-v:た	1.1860
w:する	exp-v:て	-0.2360
w:する	exp-v:る	1.5373
w:する	n	-0.5223
w:する	n-suf	0.7373
w:する	n-vs	-0.7421
w:する	pn	-2.8128
w:する	pref	-0.6730
w:する	prt	0.5061
w:する	suf	0.2701
w:する	v1	-2.5958
w:する	v1:た	-1.6994
w:する	v1:て	-1.0966
w:する	v1:る	-1.6021
w:する	v5	-3.4883
w:する	v5:い	-1.0718
w:する	v5:う	-1.1450
w:する	v5:す	-1.2600
w:する	v5:た	-2.3757
w:する	v5:て	-1.5812
w:する	v5:る	-1.8423
w:する	w:あなた	-1.1425
w:する	w:ある	-0.9958
w:する	w:か	-0.0353
w:する	w:から	-0.8157
w:する	w:が	-1.8677
w:する	w:こと	2.4437
w:する	w:この	-1.4292
w:する	w:した	-1.5820
w:する	w:して	-1.0087
w:する	w:している	-0.8024
w:する	w:する	-1.3999
w:する	w:その	-2.0397
w:する	w:それ	-0.8415
w:する	w:ため	1.3992
w:する	w:ために	2.3751
w:する	w:だ	-1.8544
w:する	w:だけ	1.0922
w:する	w:だった	-0.8836
w:する	w:だろう	2.4065
w:する	w:つもり	2.7319
w:する	w:で	-2.0607
w:する	w:である	-0.8916
w:する	w:でしょう	1.5339
w:する	w:です	-1.4310
w:する	w:ですか	-0.7438
w:する	w:と	1.3597
w:する	w:という	0.8467
w:する	w:とき	1.2717
w:する	w:ところ	0.9346
w:する	w:とは	1.0642
w:する	w:な	2.3924
w:する	w:なさい	-0.7194
w:する	w:なんて	1.5245
w:する	w:に	-2.3340
w:する	w:には	0.8396
w:する	w:にも	0.5459
w:する	w:の	1.0323
w:する	w:のです	0.7267
w:する	w:のに	2.2717
w:する	w:は	-3.9385
w:する	w:へ	-0.8020
w:する	w:ほど	0.8553
w:する	w:まで	0.6912
w:する	w:も	-1.2500
w:する	w:もの	1.0632
w:する	w:よ	0.7958
w:する	w:よう	1.5947
w:する	w:ような	1.3547
w:する	w:ように	2.3003
w:する	w:より	1.2737
w:する	w:を	-3.3376
w:する	w:ん	0.7378
w:ずっと	BOUNDARY	-0.6976
w:ずっと	adj-i	1.6371
w:ずっと	adj-i:い	1.4928
w:ずっと	adj-i:た	0.6484
w:ずっと	adj-na	0.7212
w:ずっと	adj-no	0.9080
w:ずっと	adj-pn	-0.0129
w:ずっと	adv	0.0249
w:ずっと	aux-v	-0.1774
w:ずっと	exp-adj	0.5307
w:ずっと	n	0.5107
w:ずっと	n-vs	-0.4197
w:ずっと	pn	-0.3327
w:ずっと	v1	0.0120
w:ずっと	v5	0.7764
w:ずっと	v5:た	0.8654
w:ずっと	v5:て	0.6102
w:ずっと	v5:る	0.4394
w:ずっと	w:が	-0.8957
w:ずっと	w:に	-0.9341
w:ずっと	w:の	-1.0312
w:ずっと	w:は	-1.6014
w:ずっと	w:よい	0.6546
w:ずっと	w:を	-1.1429
w:そう	BOUNDARY	-1.4328
w:そう	adj-i	0.1387
w:そう	adj-na	-0.6165
w:そう	adj-no	-1.0747
w:そう	adj-pn	-1.0199
w:そう	adv	-0.8944
w:そう	aux-v	-0.0223
w:そう	aux-v:た	0.3024
w:そう	exp	-0.0854
w:そう	n	-1.6570
w:そう	n-vs	-1.0731
w:そう	pn	-1.0215
w:そう	v1	0.2841
w:そう	v1:る	0.4169
w:そう	v5	0.9583
w:そう	v5:う	1.2639
w:そう	v5:た	0.8637
w:そう	v5:て	0.7351
w:そう	w:が	-1.1285
w:そう	w:する	0.9260
w:そう	w:だ	2.7173
w:そう	w:だった	1.2369
w:そう	w:である	0.6371
w:そう	w:です	1.2601
w:そう	w:ではない	0.9644
w:そう	w:に	0.8017
w:そう	w:の	-1.2820
w:そう	w:は	-1.0289
w:そう	w:を	-1.4067
w:そこ	BOUNDARY	-2.5859
w:そこ	adj-i	-0.7162
w:そこ	adj-na	-0.6926
w:そこ	adj-no	-1.3548
w:そこ	adj-pn	-1.1078
w:そこ	adv	-1.1672
w:そこ	aux-v	-1.0636
w:そこ	exp	-0.7719
w:そこ	exp-v	-0.7133
w:そこ	n	-2.2461
w:そこ	n-vs	-1.3532
w:そこ	pn	-1.1095
w:そこ	v1	-0.7774
w:そこ	v5	-1.6331
w:そこ	v5:た	-0.8185
w:そこ	w:が	-0.7513
w:そこ	w:で	2.1362
w:そこ	w:に	2.2653
w:そこ	w:には	0.9219
w:そこ	w:の	-0.2822
w:そこ	w:は	-0.7959
w:そこ	w:へ	2.9519
w:そこ	w:まで	1.0522
w:そこ	w:を	-0.7212
w:その	BOUNDARY	-2.2464
w:その	adj-f	0.2211
w:その	adj-i	0.2770
w:その	adj-i:い	0.6143
w:その	adj-i:く	-1.5237
w:その	adj-i:た	-0.8219
w:その	adj-na	-0.7511
w:その	adj-no	0.2877
w:その	adj-pn	-1.7690
w:その	adv	-0.2925
w:その	aux	-0.8588
w:その	aux-adj	-0.7894
w:その	aux-v	-3.1596
w:その	aux-v:い	-1.1308
w:その	aux-v:う	-1.0146
w:その	aux-v:く	-0.9886
w:その	aux-v:す	-1.2842
w:その	aux-v:た	-1.9877
w:その	aux-v:て	-1.5124
w:その	aux-v:る	-1.8700
w:その	aux-v:ん	-0.9612
w:その	conj	-1.8245
w:その	ctr	1.2659
w:その	exp	0.1174
w:その	exp-adj	-1.4400
w:その	exp-adj:い	-1.1830
w:その	exp-v	-0.7011
w:その	exp-v:す	-0.5884
w:その	exp-v:た	-0.6774
w:その	exp-v:て	-0.3019
w:その	exp-v:る	-0.4890
w:その	int	-0.7558
w:その	n	1.6193
w:その	n-pref	1.9373
w:その	n-suf	1.7541
w:その	n-vs	1.1437
w:その	num	0.6614
w:その	pn	-0.5979
w:その	pref	2.1080
w:その	prt	-1.0364
w:その	suf	1.4362
w:その	v1	-2.2394
w:その	v1:い	-0.8238
w:その	v1:す	-0.7148
w:その	v1:た	-1.4229
w:その	v1:て	-1.6800
w:その	v1:る	-2.0875
w:その	v5	-0.9894
w:その	v5:い	-1.1796
w:その	v5:う	-1.7388
w:その	v5:く	-1.1190
w:その	v5:す	-1.8763
w:その	v5:せ	2.7004
w:その	v5:た	-2.2321
w:その	v5:だ	-1.1439
w:その	v5:て	-2.2463
w:その	v5:で	-0.8284
w:その	v5:む	-0.7169
w:その	v5:る	-2.0658
w:その	vs-i	-0.7011
w:その	w:あなた	-1.7358
w:その	w:あの	-0.8651
w:その	w:あります	-0.7548
w:その	w:ある	-1.5553
w:その	w:いい	-0.9169
w:その	w:いつも	-0.7396
w:その	w:いる	-0.7273
w:その	w:お	-0.1287
w:その	w:か	-2.3175
w:その	w:から	-1.7474
w:その	w:が	-3.7215
w:その	w:ください	-1.0578
w:その	w:くれた	-0.7043
w:その	w:ここ	-0.8856
w:その	w:こと	1.1642
w:その	w:この	-2.0734
w:その	w:これ	-0.9160
w:その	w:し	-1.1036
w:その	w:した	-2.2472
w:その	w:して	-1.5715
w:その	w:している	-1.3070
w:その	w:しまった	-0.7127
w:その	w:する	-2.0397
w:その	w:その	-2.7500
w:その	w:それ	-1.3583
w:その	w:たい	-0.8856
w:その	w:ため	0.3929
w:その	w:ために	-0.1344
w:その	w:だ	-2.5491
w:その	w:だった	-1.4129
w:その	w:だろう	-1.2770
w:その	w:で	-2.7726
w:その	w:である	-1.4233
w:その	w:でしょう	-0.7933
w:その	w:です	-2.0755
w:その	w:ですか	-1.2288
w:その	w:ではない	-0.8331
w:その	w:と	-2.7229
w:その	w:とき	1.3003
w:その	w:ところ	-0.7314
w:その	w:とても	-1.0726
w:その	w:な	-0.9135
w:その	w:ない	-1.0755
w:その	w:なさい	-1.1957
w:その	w:に	-3.7841
w:その	w:について	-0.7718
w:その	w:には	-1.9376
w:その	w:ね	-0.9677
w:その	w:の	-3.9360
w:その	w:ので	-1.0083
w:その	w:のです	-1.0414
w:その	w:のに	-0.8077
w:その	w:は	-4.7114
w:その	w:へ	-1.3064
w:その	w:まで	-1.0914
w:その	w:も	-1.8644
w:その	w:もう	-0.7777
w:その	w:もの	-1.2523
w:その	w:よ	-1.5965
w:その	w:よい	-0.4021
w:その	w:ように	-0.7329
w:その	w:よく	-0.8821
w:その	w:より	-0.7508
w:その	w:を	-4.1017
w:それ	BOUNDARY	-2.8585
w:それ	adj-i	-1.5002
w:それ	adj-i:い	-1.2260
w:それ	adj-na	-1.5500
w:それ	adj-no	-2.3581
w:それ	adj-pn	-2.0473
w:それ	adv	-1.5362
w:それ	aux-v	-1.9895
w:それ	aux-v:た	-1.0365
w:それ	aux-v:る	-0.7339
w:それ	conj	0.8625
w:それ	ctr	-0.7229
w:それ	exp	-1.0541
w:それ	exp-v	-1.1593
w:それ	exp-v:た	-0.7159
w:それ	n	-3.3715
w:それ	n-suf	-1.0599
w:それ	n-vs	-2.3561
w:それ	pn	-2.0495
w:それ	prt	0.3923
w:それ	suf	-1.1230
w:それ	v1	-1.8501
w:それ	v1:た	-1.0755
w:それ	v1:る	-0.9978
w:それ	v5	-2.6885
w:それ	v5:す	-0.7377
w:それ	v5:た	-1.6518
w:それ	v5:て	-0.9814
w:それ	v5:る	-1.1923
w:それ	w:か	-1.0317
w:それ	w:が	0.9855
w:それ	w:こと	-0.9561
w:それ	w:この	-0.8637
w:それ	w:した	-0.9820
w:それ	w:する	-0.8415
w:それ	w:その	-1.3583
w:それ	w:だ	-0.7323
w:それ	w:だけ	0.6507
w:それ	w:で	0.1053
w:それ	w:です	-0.8651
w:それ	w:でも	0.7414
w:それ	w:と	-0.3813
w:それ	w:に	0.2680
w:それ	w:について	1.8214
w:それ	w:には	0.5050
w:それ	w:の	-1.2910
w:それ	w:は	1.5502
w:それ	w:まで	0.8335
w:それ	w:も	-0.2604
w:それ	w:を	2.0162
w:そんな	BOUNDARY	-0.3689
w:そんな	adj-i	1.1285
w:そんな	adj-i:い	1.2491
w:そんな	adj-na	0.1002
w:そんな	adj-no	-0.1277
w:そんな	adj-pn	-0.6561
w:そんな	adv	-0.7120
w:そんな	aux-v	-0.9511
w:そんな	exp	-0.3789
w:そんな	exp-v	0.0664
w:そんな	n	0.1933
w:そんな	n-suf	1.5600
w:そんな	n-vs	-0.0616
w:そんな	pn	-0.5241
w:そんな	suf	0.2731
w:そんな	v1	-0.6717
w:そんな	v5	-1.4929
w:そんな	v5:た	-0.7232
w:そんな	w:が	-1.0995
w:そんな	w:こと	2.9646
w:そんな	w:に	-0.6727
w:そんな	w:の	-0.6632
w:そんな	w:は	-1.8677
w:そんな	w:もの	0.6715
w:そんな	w:を	-1.3743
w:たい	BOUNDARY	0.6626
w:たい	adj-i	-0.9995
w:たい	adj-i:い	-0.7825
w:たい	adj-na	-1.1922
w:たい	adj-no	-1.2736
w:たい	adj-pn	-1.4647
w:たい	adv	-1.3503
w:たい	aux-v	-1.4138
w:たい	exp	-0.6984
w:たい	exp-v	0.7269
w:たい	exp-v:た	0.5397
w:たい	exp-v:る	0.8359
w:たい	n	-1.4751
w:たい	n-suf	-0.2227
w:たい	n-vs	-1.4053
w:たい	pn	-1.4666
w:たい	prt	0.6201
w:たい	suf	0.2512
w:たい	v1	-1.1104
w:たい	v5	-2.0488
w:たい	v5:た	-1.1244
w:たい	v5:る	-0.7566
w:たい	w:から	0.4093
w:たい	w:が	-1.2575
w:たい	w:こと	1.0275
w:たい	w:その	-0.8856
w:たい	w:だ	-0.7643
w:たい	w:で	-0.8999
w:たい	w:です	0.8174
w:たい	w:ですか	1.1751
w:たい	w:と	2.3094
w:たい	w:という	0.8792
w:たい	w:な	1.3904
w:たい	w:なら	0.6277
w:たい	w:に	-1.6453
w:たい	w:の	0.0193
w:たい	w:のだ	0.7397
w:たい	w:のです	2.6808
w:たい	w:は	-2.4614
w:たい	w:もの	1.3919
w:たい	w:を	-1.9144
w:たい	w:ん	0.6426
w:たい	w:んだ	1.1018
w:たい	w:んです	1.3421
w:たくさん	BOUNDARY	-2.4283
w:たくさん	adj-i	-0.7299
w:たくさん	adj-na	-0.8906
w:たくさん	adj-no	-1.1924
w:たくさん	adj-pn	-1.1258
w:たくさん	adv	-1.1857
w:たくさん	aux-v	0.4448
w:たくさん	aux-v:た	0.3428
w:たくさん	aux-v:て	0.5933
w:たくさん	exp	-0.9707
w:たくさん	exp-v	-0.1392
w:たくさん	n	-0.4455
w:たくさん	n-vs	-0.5846
w:たくさん	pn	-1.1275
w:たくさん	pref	0.8638
w:たくさん	v1	0.5923
w:たくさん	v1:た	0.3208
w:たくさん	v5	0.7248
w:たくさん	v5:す	0.8083
w:たくさん	v5:た	0.5015
w:たくさん	v5:る	0.8996
w:たくさん	w:あった	0.7507
w:たくさん	w:あります	0.9632
w:たくさん	w:ある	2.3126
w:たくさん	w:いる	1.3720
w:たくさん	w:が	-1.2402
w:たくさん	w:に	-1.2862
w:たくさん	w:の	2.2261
w:たくさん	w:は	-2.0429
w:たくさん	w:を	-1.5306
w:たち	BOUNDARY	-2.6239
w:たち	adj-i	-0.5551
w:たち	adj-na	-0.8990
w:たち	adj-no	-1.3854
w:たち	adj-pn	-1.1354
w:たち	adv	-0.6079
w:たち	aux-v	-0.9084
w:たち	exp	-0.9796
w:たち	exp-v	-0.3979
w:たち	n	-2.2829
w:たち	n-vs	-1.3838
w:たち	pn	-1.1371
w:たち	v1	-0.9852
w:たち	v5	-1.6663
w:たち	v5:た	-0.8416
w:たち	w:から	0.4363
w:たち	w:が	0.8037
w:たち	w:と	0.5325
w:たち	w:に	0.7829
w:たち	w:の	0.9863
w:たち	w:は	1.8200
w:たち	w:も	0.4981
w:たち	w:を	0.0677
w:ため	BOUNDARY	0.3011
w:ため	adj-no	0.1072
w:ため	adj-pn	0.3855
w:ため	adv	-0.1596
w:ため	aux-v	-0.3865
w:ため	exp	-0.1732
w:ため	n	0.2007
w:ため	n-vs	0.6428
w:ため	pn	0.3269
w:ため	v1	-0.4293
w:ため	v5	-0.9019
w:ため	w:が	-0.9963
w:ため	w:だ	0.5503
w:ため	w:である	0.5679
w:ため	w:です	0.4345
w:ため	w:なら	0.7594
w:ため	w:に	-1.0372
w:ため	w:の	1.4248
w:ため	w:は	-1.5526
w:ため	w:を	-0.9214
w:ために	BOUNDARY	0.0757
w:ために	adj-i	0.2415
w:ために	adj-i:い	-0.0285
w:ために	adj-i:く	0.5594
w:ために	adj-na	0.6201
w:ために	adj-no	0.2326
w:ために	adj-pn	0.0129
w:ために	adv	0.3051
w:ために	aux-v	-0.3629
w:ために	aux-v:た	0.1182
w:ために	exp	-0.0510
w:ために	exp-v	0.6129
w:ために	exp-v:た	0.7862
w:ために	n	0.7865
w:ために	n-suf	-0.3660
w:ために	n-vs	1.0512
w:ために	pn	0.2077
w:ために	suf	-0.1487
w:ために	v1	-0.1753
w:ために	v1:た	-0.0068
w:ために	v1:る	0.1473
w:ために	v5	0.4302
w:ために	v5:た	0.4815
w:ために	v5:だ	0.6754
w:ために	v5:て	0.2466
w:ために	v5:る	0.1652
w:ために	w:が	-1.6441
w:ために	w:この	0.1509
w:ために	w:その	0.1068
w:ために	w:だ	-0.7983
w:ために	w:で	-0.9375
w:ために	w:と	-0.9055
w:ために	w:に	-1.6961
w:ために	w:の	-1.8246
w:ために	w:は	-0.5173
w:ために	w:を	-1.9680
w:だ	BOUNDARY	1.6103
w:だ	adj-i	-2.7224
w:だ	adj-i:い	-2.3822
w:だ	adj-i:く	-1.3587
w:だ	adj-i:た	-0.7065
w:だ	adj-na	-2.9957
w:だ	adj-no	-3.6906
w:だ	adj-pn	-3.3514
w:だ	adv	-3.4360
w:だ	aux	-0.7400
w:だ	aux-v	-3.2872
w:だ	aux-v:い	-0.9897
w:だ	aux-v:う	-0.8823
w:だ	aux-v:く	-0.8584
w:だ	aux-v:す	-1.1326
w:だ	aux-v:た	-2.1314
w:だ	aux-v:て	-1.3481
w:だ	aux-v:る	-1.6903
w:だ	aux-v:ん	-0.8333
w:だ	conj	-1.1765
w:だ	ctr	-1.6730
w:だ	exp	-1.2049
w:だ	exp-adj	-1.4180
w:だ	exp-adj:い	-1.1724
w:だ	exp-v	-1.4361
w:だ	exp-v:た	-1.6620
w:だ	exp-v:て	-1.0329
w:だ	exp-v:る	-0.3131
w:だ	n	-4.5695
w:だ	n-suf	-2.5961
w:だ	n-vs	-3.6884
w:だ	pn	-3.3538
w:だ	pref	-1.2193
w:だ	prt	1.4973
w:だ	suf	-2.2478
w:だ	v1	-3.1304
w:だ	v1:い	-0.7082
w:だ	v1:た	-2.1843
w:だ	v1:て	-1.5078
w:だ	v1:る	-2.0782
w:だ	v5	-3.7059
w:だ	v5:い	-1.4788
w:だ	v5:う	-1.3818
w:だ	v5:く	-0.9787
w:だ	v5:す	-1.6964
w:だ	v5:た	-2.9021
w:だ	v5:だ	-1.0018
w:だ	v5:て	-1.8730
w:だ	v5:で	-0.7125
w:だ	v5:る	-2.3386
w:だ	w:あなた	-1.5613
w:だ	w:あの	-0.7457
w:だ	w:ある	-1.3888
w:だ	w:いい	-0.7928
w:だ	w:お	-0.7065
w:だ	w:か	-0.7385
w:だ	w:から	-1.1024
w:だ	w:が	-0.1302
w:だ	w:ください	-0.9221
w:だ	w:ここ	-0.7643
w:だ	w:こと	-2.0199
w:だ	w:この	-1.8871
w:だ	w:これ	-0.7920
w:だ	w:し	0.3706
w:だ	w:した	-2.0562
w:だ	w:して	-1.4042
w:だ	w:している	-1.1541
w:だ	w:する	-1.8544
w:だ	w:その	-2.5491
w:だ	w:それ	-1.2023
w:だ	w:たい	-0.7643
w:だ	w:ために	-0.7983
w:だ	w:だ	-2.3516
w:だ	w:だった	-1.2538
w:だ	w:だろう	-1.1260
w:だ	w:で	-2.5714
w:だ	w:である	-1.2636
w:だ	w:です	-1.8891
w:だ	w:ですか	-1.0808
w:だ	w:ではない	-0.7167
w:だ	w:と	2.3091
w:だ	w:という	1.3199
w:だ	w:とても	-0.9357
w:だ	w:な	0.9682
w:だ	w:ない	-0.9384
w:だ	w:なさい	-1.0499
w:だ	w:なんて	0.6488
w:だ	w:に	-3.5734
w:だ	w:には	-1.7556
w:だ	w:ね	1.9580
w:だ	w:の	-3.3881
w:だ	w:ので	-0.8765
w:だ	w:のです	-0.9069
w:だ	w:のに	-0.6937
w:だ	w:は	-4.4974
w:だ	w:へ	-1.1535
w:だ	w:まで	-0.9531
w:だ	w:も	-1.6849
w:だ	w:もの	-1.1028
w:だ	w:よ	2.4006
w:だ	w:ように	-0.7912
w:だ	w:よく	-0.7611
w:だ	w:を	-3.8895
w:だけ	BOUNDARY	-1.5740
w:だけ	adj-na	-0.7910
w:だけ	adj-no	-1.0645
w:だけ	adj-pn	-1.0109
w:だけ	adv	-0.8851
w:だけ	aux	0.6259
w:だけ	aux-v	-0.6325
w:だけ	aux:だ	0.6799
w:だけ	exp	-0.6833
w:だけ	exp-adj	0.8057
w:だけ	exp-adj:く	0.7554
w:だけ	n	-1.5267
w:だけ	n-vs	-0.5521
w:だけ	pn	-1.0125
w:だけ	v1	-0.4008
w:だけ	v5	-0.4169
w:だけ	v5:た	-0.5559
w:だけ	v5:て	0.3340
w:だけ	w:が	0.6038
w:だけ	w:だ	1.8105
w:だけ	w:だった	1.3786
w:だけ	w:で	2.1118
w:だけ	w:です	1.3047
w:だけ	w:に	-0.2871
w:だけ	w:の	1.3815
w:だけ	w:は	-0.3237
w:だけ	w:を	-0.4405
w:だった	BOUNDARY	1.6689
w:だった	adj-i	-1.5572
w:だった	adj-i:い	-1.2780
w:だった	adj-na	-1.7927
w:だった	adj-no	-2.4242
w:だった	adj-pn	-2.1110
w:だった	adv	-1.7183
w:だった	aux-v	-2.0527
w:だった	aux-v:た	-1.0840
w:だった	aux-v:る	-0.7724
w:だった	conj	-0.5613
w:だった	cop	0.5543
w:だった	cop:だ	0.6209
w:だった	ctr	-0.7610
w:だった	exp	-0.6233
w:だった	exp-adj	-0.3774
w:だった	exp-v	-0.7643
w:だった	exp-v:た	-0.7537
w:だった	exp-v:る	0.0786
w:だった	n	-2.8541
w:だった	n-suf	-1.2693
w:だった	n-vs	-2.4222
w:だった	pn	-1.9309
w:だった	prt	-0.1561
w:だった	suf	-1.1727
w:だった	v1	-1.9118
w:だった	v1:た	-1.1241
w:だった	v1:る	-1.0444
w:だった	v5	-2.7565
w:だった	v5:す	-0.7763
w:だった	v5:た	-1.7110
w:だった	v5:て	-1.0275
w:だった	v5:る	-1.2435
w:だった	w:か	0.0195
w:だった	w:から	0.5848
w:だった	w:が	-0.3116
w:だった	w:こと	-0.3083
w:だった	w:この	-0.9064
w:だった	w:した	-1.0281
w:だった	w:する	-0.8836
w:だった	w:その	-1.4129
w:だった	w:だ	-1.2538
w:だった	w:で	-1.4312
w:だった	w:です	-0.9079
w:だった	w:と	-0.5155
w:だった	w:に	-1.7273
w:だった	w:には	-0.8159
w:だった	w:ね	0.4910
w:だった	w:の	-0.9744
w:だった	w:のだ	0.8521
w:だった	w:ので	2.2658
w:だった	w:のです	0.6269
w:だった	w:のに	1.6828
w:だった	w:は	-3.1942
w:だった	w:も	-0.7688
w:だった	w:よ	0.6166
w:だった	w:を	-2.6113
w:だろう	BOUNDARY	1.7769
w:だろう	adj-i	-1.4150
w:だろう	adj-i:い	-1.1489
w:だろう	adj-na	-1.6419
w:だろう	adj-no	-2.2581
w:だろう	adj-pn	-1.9513
w:だろう	adv	-2.0269
w:だろう	aux-v	-1.8944
w:だろう	aux-v:た	-0.9662
w:だろう	exp	-1.5677
w:だろう	exp-v	-1.2284
w:だろう	n	-3.2645
w:だろう	n-suf	-1.1316
w:だろう	n-vs	-2.2561
w:だろう	pn	-1.9535
w:だろう	prt	0.0415
w:だろう	suf	-1.0495
w:だろう	v1	-1.5750
w:だろう	v1:た	-0.8214
w:だろう	v1:る	-0.9292
w:だろう	v5	-2.5854
w:だろう	v5:た	-1.5630
w:だろう	v5:て	-0.9134
w:だろう	v5:る	-1.1162
w:だろう	w:か	-0.1732
w:だろう	w:が	-0.9314
w:だろう	w:こと	-0.8892
w:だろう	w:この	-0.8009
w:だろう	w:した	-0.9140
w:だろう	w:する	-0.7799
w:だろう	w:その	-1.2770
w:だろう	w:だ	-1.1260
w:だろう	w:で	-1.2945
w:だろう	w:です	-0.8023
w:だろう	w:と	1.2287
w:だろう	w:な	0.6415
w:だろう	w:に	-1.9686
w:だろう	w:には	-0.7175
w:だろう	w:ね	0.5352
w:だろう	w:の	-2.2893
w:だろう	w:は	-3.0186
w:だろう	w:を	-2.4421
w:つもり	BOUNDARY	-1.8532
w:つもり	adj-i	-0.6945
w:つもり	adj-na	-0.8502
w:つもり	adj-no	-1.3233
w:つもり	adj-pn	-1.0793
w:つもり	adv	-1.1380
w:つもり	aux-v	-1.0358
w:つもり	exp	-0.9281
w:つもり	exp-adj	0.4471
w:つもり	n	-2.2080
w:つもり	n-vs	-1.3217
w:つもり	pn	-1.0810
w:つもり	prt	0.4342
w:つもり	v1	-0.9335
w:つもり	v5	-1.5989
w:つもり	v5:た	-0.7948
w:つもり	w:が	-0.8549
w:つもり	w:だ	2.6898
w:つもり	w:だった	1.7244
w:つもり	w:で	0.9096
w:つもり	w:です	2.8361
w:つもり	w:ですか	1.9754
w:つもり	w:な	1.1995
w:つもり	w:なら	0.8367
w:つもり	w:に	-1.2364
w:つもり	w:の	-1.0125
w:つもり	w:は	-0.3340
w:つもり	w:を	-1.4765
w:で	BOUNDARY	-0.4817
w:で	adj-i	0.1605
w:で	adj-i:い	0.1055
w:で	adj-i:く	0.4315
w:で	adj-i:た	-0.0470
w:で	adj-na	0.4981
w:で	adj-no	0.2144
w:で	adj-pn	-0.0877
w:で	adv	0.1328
w:で	aux	-0.8728
w:で	aux-adj	-0.6203
w:で	aux-v	0.5236
w:で	aux-v:い	-0.5594
w:で	aux-v:う	0.3050
w:で	aux-v:き	0.1879
w:で	aux-v:く	0.7189
w:で	aux-v:す	0.8501
w:で	aux-v:た	0.4390
w:で	aux-v:て	-0.0962
w:で	aux-v:ば	1.0477
w:で	aux-v:ぶ	1.2755
w:で	aux-v:ら	0.8627
w:で	aux-v:る	0.2843
w:で	aux-v:ん	-0.9762
w:で	conj	0.0722
w:で	ctr	-0.1497
w:で	exp	-0.3771
w:で	exp-adj	-1.0080
w:で	exp-adj:い	-0.8452
w:で	exp-v	0.7255
w:で	exp-v:い	0.1001
w:で	exp-v:う	0.2312
w:で	exp-v:す	0.0047
w:で	exp-v:た	1.1931
w:で	exp-v:て	0.4153
w:で	exp-v:る	0.4508
w:で	int	-0.2987
w:で	n	0.2365
w:で	n-pref	0.0917
w:で	n-suf	-0.2251
w:で	n-vs	0.8823
w:で	num	0.4941
w:で	pn	0.0243
w:で	pref	0.2151
w:で	prt	-0.7465
w:で	suf	-0.0317
w:で	v1	0.8611
w:で	v1:い	-0.1442
w:で	v1:す	1.0307
w:で	v1:た	0.9390
w:で	v1:て	0.5411
w:で	v1:る	0.8353
w:で	v5	1.2296
w:で	v5:い	-0.2829
w:で	v5:う	0.8513
w:で	v5:き	0.3176
w:で	v5:く	0.9441
w:で	v5:ぐ	1.2327
w:で	v5:し	0.5290
w:で	v5:す	1.2813
w:で	v5:た	1.4042
w:で	v5:だ	1.4643
w:で	v5:つ	0.7652
w:で	v5:て	0.8589
w:で	v5:で	0.8066
w:で	v5:ば	0.2039
w:で	v5:ぶ	0.5151
w:で	v5:み	0.3282
w:で	v5:む	0.3693
w:で	v5:り	0.3355
w:で	v5:る	1.3816
w:で	vs-i	-0.0202
w:で	w:あなた	0.1612
w:で	w:あの	-0.2914
w:で	w:あります	-0.7677
w:で	w:ある	-0.9866
w:で	w:いい	0.8603
w:で	w:いつも	0.1232
w:で	w:いる	0.5952
w:で	w:お	0.1200
w:で	w:か	-2.3393
w:で	w:から	-1.7674
w:で	w:が	-3.7450
w:で	w:ください	-0.8913
w:で	w:くれた	-0.5342
w:で	w:ここ	-0.4299
w:で	w:こと	-2.2314
w:で	w:この	-0.9313
w:で	w:これ	-0.4606
w:で	w:し	-0.7832
w:で	w:した	-2.2688
w:で	w:して	-1.5906
w:で	w:している	-1.3246
w:で	w:しまった	-0.7251
w:で	w:すぐ	0.2894
w:で	w:する	-1.5907
w:で	w:そう	0.1178
w:で	w:そこ	0.6446
w:で	w:その	0.0606
w:で	w:それ	0.3101
w:で	w:そんな	0.1364
w:で	w:たい	-0.7175
w:で	w:たくさん	0.4496
w:で	w:ために	-0.9375
w:で	w:だ	-2.5714
w:で	w:だった	-1.2489
w:で	w:だろう	-1.2945
w:で	w:で	-2.7952
w:で	w:である	-1.4416
w:で	w:でしょう	-0.8065
w:で	w:です	-1.9143
w:で	w:ですか	-1.2459
w:で	w:ではない	-0.8468
w:で	w:と	-2.7454
w:で	w:とき	-0.7666
w:で	w:ところ	-0.7440
w:で	w:とても	-0.3000
w:で	w:な	-0.9280
w:で	w:ない	-1.0914
w:で	w:なさい	-1.2125
w:で	w:に	-3.8077
w:で	w:について	-0.7848
w:で	w:には	-1.9582
w:で	w:ね	-0.2896
w:で	w:の	-1.1265
w:で	w:ので	-1.0237
w:で	w:のです	-1.0570
w:で	w:のに	-0.8211
w:で	w:は	0.4238
w:で	w:へ	-1.3240
w:で	w:まで	-1.1075
w:で	w:も	-0.7862
w:で	w:もう	-0.2030
w:で	w:もの	-1.0872
w:で	w:よ	-1.6157
w:で	w:よい	-0.1635
w:で	w:ように	-0.9297
w:で	w:よく	0.6723
w:で	w:より	-0.7636
w:で	w:を	-4.1254
w:であった	BOUNDARY	1.5526
w:であった	adj-no	-0.9559
w:であった	adj-pn	-0.7555
w:であった	adv	-0.8029
w:であった	aux-v	-0.7207
w:であった	n	-1.5589
w:であった	n-vs	-0.9545
w:であった	pn	-0.5745
w:であった	v5	-1.1919
w:であった	w:か	0.6916
w:であった	w:が	-0.2586
w:であった	w:に	-0.8835
w:であった	w:の	-0.7951
w:であった	w:は	-1.5343
w:であった	w:を	-1.0860
w:である	BOUNDARY	1.6428
w:である	adj-i	-1.5680
w:である	adj-i:い	-1.2879
w:である	adj-na	-1.6217
w:である	adj-no	-2.2543
w:である	adj-pn	-2.1230
w:である	adv	-2.2005
w:である	aux-v	-2.0646
w:である	aux-v:た	-1.0931
w:である	aux-v:る	-0.7797
w:である	conj	0.5842
w:である	ctr	-0.5860
w:である	exp	-0.2294
w:である	exp-adj	0.2347
w:である	exp-adj:い	0.3856
w:である	exp-v	-1.2270
w:である	exp-v:た	-0.7610
w:である	exp-v:る	-0.3803
w:である	n	-2.3565
w:である	n-suf	-0.4325
w:である	n-vs	-2.4347
w:である	pn	-2.1252
w:である	prt	-0.2811
w:である	suf	-0.9999
w:である	v1	-1.9235
w:である	v1:た	-1.1333
w:である	v1:る	-1.0533
w:である	v5	-2.7693
w:である	v5:う	-0.6978
w:である	v5:す	-0.7837
w:である	v5:た	-1.7222
w:である	v5:て	-1.0363
w:である	v5:る	-1.2533
w:である	w:あなた	-0.6959
w:である	w:か	0.0750
w:である	w:から	-0.2330
w:である	w:が	-1.0460
w:である	w:こと	1.9022
w:である	w:この	-0.7322
w:である	w:した	-1.0369
w:である	w:する	-0.8916
w:である	w:その	-1.2409
w:である	w:だ	-1.2636
w:である	w:で	-1.4416
w:である	w:です	-0.9160
w:である	w:と	1.3068
w:である	w:という	0.9371
w:である	w:に	-1.8574
w:である	w:には	-0.6412
w:である	w:の	-1.7753
w:である	w:は	-3.2073
w:である	w:べき	0.6242
w:である	w:も	-0.7761
w:である	w:を	-2.6239
w:できない	BOUNDARY	1.4399
w:できない	adj-no	-0.9155
w:できない	adj-pn	-0.6966
w:できない	adv	-0.5946
w:できない	aux-v	-0.8405
w:できない	exp	-0.5639
w:できない	n	-1.9272
w:できない	n-vs	-1.0964
w:できない	pn	-0.8804
w:できない	v1	-0.7509
w:できない	v5	-1.3511
w:できない	w:が	-0.9788
w:できない	w:だろう	1.1797
w:できない	w:と	0.4143
w:できない	w:に	-1.0192
w:できない	w:の	-0.0916
w:できない	w:は	-1.7119
w:できない	w:ほど	0.9235
w:できない	w:よ	0.8794
w:できない	w:を	-1.2380
w:できる	BOUNDARY	0.8343
w:できる	adj-no	-0.6231
w:できる	adj-pn	-0.8748
w:できる	adv	-0.9267
w:できる	aux-v	-0.8365
w:できる	exp	0.7391
w:できる	exp-v	0.1522
w:できる	n	-0.5861
w:できる	n-suf	0.2998
w:できる	n-vs	-1.0916
w:できる	pn	-0.8763
w:できる	suf	0.5979
w:できる	v1	-0.7472
w:できる	v5	-1.1635
w:できる	w:か	0.4706
w:できる	w:が	-0.6378
w:できる	w:こと	1.2394
w:できる	w:だろう	0.9291
w:できる	w:と	0.5711
w:できる	w:に	-1.0147
w:できる	w:の	0.4097
w:できる	w:は	-1.7061
w:できる	w:もの	0.5959
w:できる	w:ように	1.0392
w:できる	w:を	-1.2329
w:でした	BOUNDARY	1.5689
w:でした	adj-no	-1.0420
w:でした	adj-pn	-0.8301
w:でした	adv	-0.8804
w:でした	aux-v	-0.7930
w:でした	exp	-0.7024
w:でした	n	-1.8549
w:でした	n-vs	-1.0405
w:でした	pn	-0.8315
w:でした	v1	-0.7069
w:でした	v5	-1.2887
w:でした	w:か	1.9000
w:でした	w:が	-0.3387
w:でした	w:に	-0.9657
w:でした	w:の	-1.0646
w:でした	w:は	-1.6428
w:でした	w:を	-1.1783
w:でしょう	BOUNDARY	1.7984
w:でしょう	adj-i	-0.8998
w:でしょう	adj-i:い	-0.6975
w:でしょう	adj-na	-1.0817
w:でしょう	adj-no	-1.6114
w:でしょう	adj-pn	-1.3420
w:でしょう	adv	-1.4074
w:でしょう	aux-v	-1.2932
w:でしょう	exp	-1.1712
w:でしょう	exp-v	-0.8964
w:でしょう	n	-2.5480
w:でしょう	n-suf	-0.8214
w:でしょう	n-vs	-1.6096
w:でしょう	pn	-1.3439
w:でしょう	v1	-1.1774
w:でしょう	v5	-1.9086
w:でしょう	v5:た	-1.0176
w:でしょう	w:が	-1.2842
w:でしょう	w:その	-0.7933
w:でしょう	w:で	-0.8065
w:でしょう	w:と	-0.5951
w:でしょう	w:に	-1.5162
w:でしょう	w:ね	1.4829
w:でしょう	w:の	-1.6393
w:でしょう	w:は	-2.3137
w:でしょう	w:を	-1.7774
w:です	BOUNDARY	1.7552
w:です	adj-i	-2.2406
w:です	adj-i:い	-1.9178
w:です	adj-i:く	-0.9962
w:です	adj-na	-2.5034
w:です	adj-no	-3.1814
w:です	adj-pn	-2.8490
w:です	adv	-2.9317
w:です	aux-v	-2.7864
w:です	aux-v:す	-0.8078
w:です	aux-v:た	-1.6840
w:です	aux-v:て	-0.9872
w:です	aux-v:る	-1.2842
w:です	conj	-1.2455
w:です	ctr	-1.2689
w:です	exp	-2.6256
w:です	exp-adj	-1.2048
w:です	exp-adj:い	-0.9928
w:です	exp-v	-2.2355
w:です	exp-v:た	-1.2591
w:です	exp-v:て	-0.7270
w:です	exp-v:る	-1.1993
w:です	n	-4.2314
w:です	n-suf	-2.1201
w:です	n-vs	-3.1793
w:です	pn	-2.8514
w:です	pref	-0.8791
w:です	prt	-0.2161
w:です	suf	-1.7921
w:です	v1	-2.6339
w:です	v1:た	-1.7331
w:です	v1:て	-1.1241
w:です	v1:る	-1.6350
w:です	v5	-3.5281
w:です	v5:い	-1.0990
w:です	v5:う	-1.1732
w:です	v5:す	-1.2896
w:です	v5:た	-2.4130
w:です	v5:だ	-0.7021
w:です	v5:て	-1.6140
w:です	v5:る	-1.8769
w:です	w:あなた	-1.1707
w:です	w:ある	-1.0218
w:です	w:か	-1.0902
w:です	w:から	-1.1804
w:です	w:が	-0.2327
w:です	w:こと	-1.5814
w:です	w:この	-1.4605
w:です	w:した	-1.6148
w:です	w:して	-1.0349
w:です	w:している	-0.8253
w:です	w:する	-1.4310
w:です	w:その	-2.0755
w:です	w:それ	-0.8651
w:です	w:だ	-1.8891
w:です	w:だった	-0.9079
w:です	w:だろう	-0.8023
w:です	w:で	-2.0966
w:です	w:である	-0.9160
w:です	w:です	-1.4624
w:です	w:ですか	-0.7656
w:です	w:と	-1.8678
w:です	w:なさい	-0.7407
w:です	w:に	-3.0663
w:です	w:には	-1.3423
w:です	w:ね	2.7358
w:です	w:の	-3.2148
w:です	w:は	-3.9787
w:です	w:へ	-0.8249
w:です	w:も	-1.2794
w:です	w:もの	-0.7834
w:です	w:よ	2.4472
w:です	w:を	-3.3772
w:ですか	BOUNDARY	1.8534
w:ですか	adj-i	-1.3643
w:ですか	adj-i:い	-1.1032
w:ですか	adj-na	-1.4054
w:ですか	adj-no	-2.1978
w:ですか	adj-pn	-1.8936
w:ですか	adv	-1.9685
w:ですか	aux-v	-1.8373
w:ですか	aux-v:た	-0.9249
w:ですか	exp	-1.5122
w:ですか	exp-v	-1.3601
w:ですか	n	-2.8631
w:ですか	n-suf	-1.0827
w:ですか	n-vs	-2.1958
w:ですか	pn	-1.8958
w:ですか	suf	-1.0061
w:ですか	v1	-1.7018
w:ですか	v1:た	-0.9615
w:ですか	v1:る	-0.8888
w:ですか	v5	-2.5231
w:ですか	v5:た	-1.5100
w:ですか	v5:て	-0.8735
w:ですか	v5:る	-1.0713
w:ですか	w:か	-0.9204
w:ですか	w:が	-2.0355
w:ですか	w:こと	-0.8499
w:ですか	w:この	-0.7643
w:ですか	w:した	-0.8741
w:ですか	w:する	-0.7438
w:ですか	w:その	-1.2288
w:ですか	w:だ	-1.0808
w:ですか	w:で	-1.2459
w:ですか	w:です	-0.7656
w:ですか	w:と	-0.4198
w:ですか	w:に	-2.0915
w:ですか	w:の	-2.2288
w:ですか	w:は	-2.9544
w:ですか	w:を	-2.3806
w:ではない	BOUNDARY	1.6124
w:ではない	adj-i	-0.9429
w:ではない	adj-i:い	-0.7341
w:ではない	adj-na	-1.1296
w:ではない	adj-no	-1.6690
w:ではない	adj-pn	-1.3954
w:ではない	adv	-1.4619
w:ではない	aux-v	-1.3456
w:ではない	exp	-0.0580
w:ではない	exp-v	-0.7571
w:ではない	n	-2.4318
w:ではない	n-suf	-0.6798
w:ではない	n-vs	-1.6673
w:ではない	pn	-1.3973
w:ではない	v1	-1.2274
w:ではない	v5	-1.9699
w:ではない	v5:た	-1.0638
w:ではない	v5:る	-0.7093
w:ではない	w:か	1.6876
w:ではない	w:が	-0.8289
w:ではない	w:その	-0.8331
w:ではない	w:だ	-0.7167
w:ではない	w:で	-0.8468
w:ではない	w:でしょう	0.5910
w:ではない	w:ですか	0.4987
w:ではない	w:と	-0.0283
w:ではない	w:に	-1.5725
w:ではない	w:の	-0.6678
w:ではない	w:のです	0.8047
w:ではない	w:は	-2.3784
w:ではない	w:を	-1.8372
w:でも	BOUNDARY	0.0619
w:でも	adj-i	0.0638
w:でも	adj-na	0.9475
w:でも	adj-no	-0.1277
w:でも	adj-pn	-0.5225
w:でも	adv	0.5201
w:でも	aux-v	0.9052
w:でも	aux-v:う	0.8718
w:でも	aux-v:た	0.4985
w:でも	exp	0.2497
w:でも	exp-v	0.5364
w:でも	n	0.0857
w:でも	n-vs	0.5670
w:でも	pn	-0.1186
w:でも	v1	0.6720
w:でも	v1:る	0.8048
w:でも	v5	0.6112
w:でも	v5:す	0.5458
w:でも	v5:た	-0.1355
w:でも	v5:て	0.4379
w:でも	v5:る	0.3326
w:でも	w:いい	0.6212
w:でも	w:が	-1.0995
w:でも	w:その	0.1466
w:でも	w:それ	0.6544
w:でも	w:に	-1.1427
w:でも	w:の	-1.2510
w:でも	w:は	-1.8677
w:でも	w:を	-1.3743
w:と	BOUNDARY	-0.3499
w:と	adj-f	0.0526
w:と	adj-i	-0.0889
w:と	adj-i:い	-0.2508
w:と	adj-i:く	0.4159
w:と	adj-i:た	-0.3357
w:と	adj-na	0.5295
w:と	adj-no	0.2007
w:と	adj-pn	-0.3137
w:と	adv	0.3298
w:と	aux	-0.1490
w:と	aux-adj	-0.7736
w:と	aux-v	0.0466
w:と	aux-v:い	-0.4181
w:と	aux-v:う	-0.5261
w:と	aux-v:く	-0.5005
w:と	aux-v:す	-0.6754
w:と	aux-v:た	0.5114
w:と	aux-v:て	0.3664
w:と	aux-v:ば	0.5213
w:と	aux-v:る	-0.1591
w:と	aux-v:ん	-0.9434
w:と	aux:れ	0.5501
w:と	conj	-0.5764
w:と	ctr	0.0287
w:と	exp	-0.1747
w:と	exp-adj	-0.4174
w:と	exp-adj:い	-0.2731
w:と	exp-v	0.2852
w:と	exp-v:う	1.0834
w:と	exp-v:く	0.6607
w:と	exp-v:す	0.4079
w:と	exp-v:た	-0.0583
w:と	exp-v:て	0.1236
w:と	exp-v:り	0.5147
w:と	exp-v:る	0.1412
w:と	int	-0.4040
w:と	n	-0.0132
w:と	n-pref	0.1202
w:と	n-suf	-0.4096
w:と	n-vs	0.8436
w:と	num	-0.0650
w:と	pn	-0.3995
w:と	pref	-0.5662
w:と	prt	-0.4142
w:と	suf	-0.6940
w:と	v1	1.1920
w:と	v1:い	0.1479
w:と	v1:す	0.6349
w:と	v1:た	1.2642
w:と	v1:て	0.6260
w:と	v1:る	1.4146
w:と	v5	1.7345
w:と	v5:い	0.7533
w:と	v5:う	2.7714
w:と	v5:く	-0.3111
w:と	v5:し	0.3619
w:と	v5:す	2.3257
w:と	v5:た	1.7356
w:と	v5:だ	1.0276
w:と	v5:て	0.8241
w:と	v5:で	0.0633
w:と	v5:ば	0.7548
w:と	v5:ぶ	1.1815
w:と	v5:む	-0.7021
w:と	v5:ら	0.6627
w:と	v5:る	1.5985
w:と	v5:ん	0.1371
w:と	vs-i	0.2689
w:と	w:あなた	-0.6133
w:と	w:あの	-0.5119
w:と	w:あります	-0.5572
w:と	w:ある	-1.3502
w:と	w:いい	-0.5631
w:と	w:いう	3.4064
w:と	w:いけない	1.4545
w:と	w:いつも	0.8849
w:と	w:いる	-0.2424
w:と	w:お	0.3574
w:と	w:か	-2.2913
w:と	w:から	-1.7235
w:と	w:が	-3.1054
w:と	w:ください	-1.0390
w:と	w:ここ	-0.5322
w:と	w:こと	-2.1841
w:と	w:この	-1.8657
w:と	w:これ	-0.7164
w:と	w:し	-1.0842
w:と	w:した	-2.0390
w:と	w:して	-1.2120
w:と	w:している	-1.2859
w:と	w:しまった	-0.6980
w:と	w:すぐ	1.5007
w:と	w:すぐに	1.7451
w:と	w:する	-2.0145
w:と	w:その	-0.5711
w:と	w:それ	-1.0004
w:と	w:たい	-0.8687
w:と	w:ために	-0.9055
w:と	w:だ	-2.5224
w:と	w:だった	-1.3910
w:と	w:だろう	-1.2562
w:と	w:で	-1.8699
w:と	w:である	-1.4013
w:と	w:でしょう	-0.7775
w:と	w:です	-2.0501
w:と	w:ですか	-1.2083
w:と	w:ではない	-0.8168
w:と	w:と	-2.3593
w:と	w:とき	-0.7385
w:と	w:ところ	-0.7164
w:と	w:とても	-0.4658
w:と	w:な	-0.8962
w:と	w:ない	-1.0564
w:と	w:なさい	-1.1755
w:と	w:に	-3.2857
w:と	w:について	-0.7562
w:と	w:には	-1.9128
w:と	w:ね	-0.1614
w:と	w:の	-1.1863
w:と	w:ので	-0.9900
w:と	w:のです	-1.0227
w:と	w:のに	-0.7917
w:と	w:は	-1.7923
w:と	w:へ	-1.2853
w:と	w:ほとんど	0.4143
w:と	w:まで	-0.3791
w:と	w:も	0.1060
w:と	w:もう	-0.4256
w:と	w:もの	-1.2316
w:と	w:よ	-1.5734
w:と	w:よい	-0.1357
w:と	w:ように	-0.8979
w:と	w:よく	0.6609
w:と	w:より	-0.5532
w:と	w:を	-3.1176
w:という	BOUNDARY	-1.3641
w:という	adj-na	-0.0499
w:という	adj-no	0.5165
w:という	adj-pn	-0.4779
w:という	adv	0.8220
w:という	aux-v	-1.0225
w:という	ctr	0.9015
w:という	exp	0.1140
w:という	exp-v	0.4172
w:という	exp-v:る	0.6356
w:という	n	0.9196
w:という	n-suf	1.1036
w:という	n-vs	0.8683
w:という	pn	-1.0673
w:という	suf	1.2973
w:という	v1	-0.7387
w:という	v5	-0.2473
w:という	v5:せ	1.2532
w:という	v5:た	-0.7835
w:という	w:が	-1.1769
w:という	w:こと	1.8680
w:という	w:に	-1.2217
w:という	w:の	-0.7458
w:という	w:は	-1.9648
w:という	w:を	-1.4605
w:とき	BOUNDARY	0.6751
w:とき	adj-i	-0.5205
w:とき	adj-na	-0.5639
w:とき	adj-no	-0.4545
w:とき	adj-pn	0.1467
w:とき	adv	-0.1894
w:とき	aux-v	-1.0582
w:とき	exp	-0.5334
w:とき	exp-v	-0.0652
w:とき	n	-0.7228
w:とき	n-suf	-0.4446
w:とき	n-vs	-1.2149
w:とき	pn	-0.1916
w:とき	v1	-0.9449
w:とき	v5	-1.2587
w:とき	v5:た	-0.5014
w:とき	w:から	0.3826
w:とき	w:が	-0.2475
w:とき	w:その	-0.7538
w:とき	w:で	-0.7666
w:とき	w:と	-0.5562
w:とき	w:に	1.2749
w:とき	w:には	1.9463
w:とき	w:の	-0.3569
w:とき	w:は	0.6425
w:とき	w:も	0.3433
w:とき	w:を	-1.3804
w:ところ	BOUNDARY	-1.5064
w:ところ	adj-i	-0.8326
w:ところ	adj-na	-0.6701
w:ところ	adj-no	-1.1831
w:ところ	adj-pn	-0.9212
w:ところ	adv	-0.9846
w:ところ	aux-v	-1.2104
w:ところ	exp	-0.9103
w:ところ	exp-v	-0.6470
w:ところ	n	-1.9716
w:ところ	n-suf	-0.7581
w:ところ	n-vs	-1.3355
w:ところ	pn	-1.0771
w:ところ	v1	-1.0985
w:ところ	v5	-1.6283
w:ところ	v5:た	-0.9450
w:ところ	w:が	0.5956
w:ところ	w:その	-0.7314
w:ところ	w:だ	1.7908
w:ところ	w:だった	2.2621
w:ところ	w:で	1.4967
w:ところ	w:でした	0.9155
w:ところ	w:です	2.3072
w:ところ	w:と	-0.7164
w:ところ	w:に	1.4297
w:ところ	w:の	-0.8537
w:ところ	w:は	-0.4870
w:ところ	w:へ	1.6754
w:ところ	w:まで	0.8936
w:ところ	w:を	0.6206
w:として	BOUNDARY	-0.2620
w:として	adj-i	0.3037
w:として	adj-na	0.6175
w:として	adj-no	0.1001
w:として	adj-pn	0.0831
w:として	adv	0.0343
w:として	aux-v	-0.1686
w:として	exp-v	0.5470
w:として	exp-v:た	0.5214
w:として	n	-0.0062
w:として	n-vs	1.0570
w:として	pn	-0.1006
w:として	v1	0.8085
w:として	v1:た	0.5783
w:として	v1:る	0.7621
w:として	v5	1.0007
w:として	v5:た	0.9634
w:として	v5:る	1.0420
w:として	w:が	-0.8860
w:として	w:に	-0.9242
w:として	w:の	0.3656
w:として	w:は	-1.5884
w:として	w:を	-1.1318
w:とても	BOUNDARY	-0.6714
w:とても	adj-i	3.0407
w:とても	adj-i:い	2.7621
w:とても	adj-i:く	1.9747
w:とても	adj-i:た	2.5925
w:とても	adj-i:て	1.3855
w:とても	adj-na	2.1733
w:とても	adj-no	-0.9676
w:とても	adj-pn	-0.6043
w:とても	adv	-0.1656
w:とても	aux-v	-0.9556
w:とても	aux-v:た	-0.6109
w:とても	exp	-0.8188
w:とても	exp-adj	1.0286
w:とても	exp-adj:い	0.8965
w:とても	exp-v	1.0020
w:とても	exp-v:た	0.8067
w:とても	exp-v:る	1.0742
w:とても	n	-0.8295
w:とても	n-suf	-0.7698
w:とても	n-vs	-0.1082
w:とても	pn	-1.5226
w:とても	suf	-0.2794
w:とても	v1	0.4826
w:とても	v1:た	0.5085
w:とても	v1:る	0.4026
w:とても	v5	0.2347
w:とても	v5:た	0.1451
w:とても	v5:だ	0.4456
w:とても	v5:て	-0.4102
w:とても	v5:る	0.5991
w:とても	w:か	-0.7892
w:とても	w:が	-1.8399
w:とても	w:こと	-0.7254
w:とても	w:した	-0.7472
w:とても	w:その	-0.8902
w:とても	w:だ	-0.9357
w:とても	w:で	-1.0885
w:とても	w:と	-1.0536
w:とても	w:に	-1.8940
w:とても	w:の	-2.0274
w:とても	w:は	-2.7391
w:とても	w:よい	0.5590
w:とても	w:よく	1.3111
w:とても	w:を	-2.1754
w:とは	BOUNDARY	-0.1305
w:とは	adj-i	0.1809
w:とは	adj-i:い	0.1665
w:とは	adj-na	0.9744
w:とは	adj-no	0.6508
w:とは	adj-pn	0.0838
w:とは	adv	1.0368
w:とは	aux-v	-0.0062
w:とは	aux-v:た	0.4542
w:とは	exp	0.2350
w:とは	exp-adj	0.7095
w:とは	exp-adj:た	0.7565
w:とは	exp-v	1.1329
w:とは	exp-v:い	0.6397
w:とは	exp-v:う	1.3029
w:とは	n	-0.1538
w:とは	n-suf	0.0643
w:とは	n-vs	-0.1585
w:とは	pn	-0.0514
w:とは	v1	-0.2404
w:とは	v5	1.3135
w:とは	v5:い	2.1836
w:とは	v5:た	0.9280
w:とは	v5:ん	0.6506
w:とは	w:が	-1.1913
w:とは	w:に	-1.2364
w:とは	w:の	-1.3489
w:とは	w:は	-1.9827
w:とは	w:を	-1.4765
w:どう	BOUNDARY	-0.9600
w:どう	adj-na	-0.6040
w:どう	adj-no	-0.9043
w:どう	adj-pn	-0.8231
w:どう	adv	-0.8795
w:どう	aux-v	1.8813
w:どう	aux-v:す	0.7512
w:どう	aux-v:た	1.5625
w:どう	aux-v:ば	1.0587
w:どう	aux-v:る	1.7005
w:どう	exp	0.4744
w:どう	n	-2.1069
w:どう	n-vs	0.4472
w:どう	pn	-1.0070
w:どう	prt	0.5544
w:どう	v1	-0.5293
w:どう	v5	0.6885
w:どう	v5:う	0.7422
w:どう	v5:す	1.1392
w:どう	v5:た	-0.2638
w:どう	v5:る	0.3251
w:どう	w:か	1.6204
w:どう	w:が	-1.1132
w:どう	w:する	1.1897
w:どう	w:だった	0.7292
w:どう	w:でした	1.2532
w:どう	w:ですか	2.4339
w:どう	w:な	0.7155
w:どう	w:に	-1.1567
w:どう	w:の	-1.2656
w:どう	w:は	-1.8850
w:どう	w:を	-1.3895
w:どこ	BOUNDARY	-1.5448
w:どこ	adj-na	-0.8218
w:どこ	adj-no	-1.2868
w:どこ	adj-pn	-1.0466
w:どこ	adv	-1.1042
w:どこ	aux-v	-0.6673
w:どこ	exp	-0.5617
w:どこ	n	-2.1635
w:どこ	n-vs	-1.2852
w:どこ	pn	-1.0482
w:どこ	v1	-0.9035
w:どこ	v5	-1.5591
w:どこ	v5:た	-0.7677
w:どこ	w:から	0.8705
w:どこ	w:が	-0.0581
w:どこ	w:で	2.3401
w:どこ	w:ですか	2.3621
w:どこ	w:に	1.9168
w:どこ	w:の	0.0229
w:どこ	w:は	-1.9397
w:どこ	w:へ	2.4443
w:どこ	w:を	-0.7449
w:どんな	BOUNDARY	-0.9853
w:どんな	adj-na	0.6089
w:どんな	adj-no	-0.4555
w:どんな	adj-pn	-0.2594
w:どんな	adv	0.0998
w:どんな	aux-v	-0.6954
w:どんな	ctr	0.9427
w:どんな	n	1.0723
w:どんな	n-suf	0.8291
w:どんな	n-vs	0.7245
w:どんな	pn	-0.5483
w:どんな	pref	0.9407
w:どんな	suf	1.0498
w:どんな	v5	-1.1574
w:どんな	w:が	-0.8182
w:どんな	w:こと	1.3824
w:どんな	w:に	-0.6722
w:どんな	w:の	-0.9466
w:どんな	w:は	-1.4954
w:どんな	w:もの	0.7999
w:どんな	w:を	-1.0532
w:な	BOUNDARY	1.3540
w:な	adj-i	-0.8471
w:な	adj-i:い	-0.8082
w:な	adj-na	-1.2251
w:な	adj-no	-1.4460
w:な	adj-pn	-1.5010
w:な	adv	-1.5696
w:な	aux-v	-1.4495
w:な	exp	-1.1381
w:な	exp-v	-1.0257
w:な	n	-1.9543
w:な	n-suf	-0.9442
w:な	n-vs	-1.3107
w:な	pn	-1.3206
w:な	suf	-0.3919
w:な	v1	-1.3270
w:な	v5	-1.9074
w:な	v5:た	-1.1564
w:な	v5:る	-0.7818
w:な	w:が	-1.6315
w:な	w:その	-0.9135
w:な	w:だ	-0.7897
w:な	w:で	-0.9280
w:な	w:と	1.0207
w:な	w:に	-1.6834
w:な	w:の	1.6029
w:な	w:のに	0.7562
w:な	w:は	-2.5044
w:な	w:よ	1.6367
w:な	w:を	-1.9545
w:な	w:ん	1.9486
w:ない	BOUNDARY	1.4725
w:ない	adj-i	-0.8658
w:ない	adj-i:い	-0.6226
w:ない	adj-na	-1.4136
w:ない	adj-no	-1.4133
w:ない	adj-pn	-1.5242
w:ない	adv	-1.5964
w:ない	aux-v	-1.6523
w:ない	aux-v:た	-0.7957
w:ない	exp	-0.7269
w:ない	exp-v	-1.1983
w:ない	n	-1.1937
w:ない	n-suf	-0.4161
w:ない	n-vs	-1.3060
w:ない	pn	-1.5262
w:ない	prt	1.0462
w:ない	suf	-0.0813
w:ない	v1	-1.5224
w:ない	v1:た	-0.8290
w:ない	v1:る	-0.7629
w:ない	v5	-2.3188
w:ない	v5:た	-1.3398
w:ない	v5:て	-0.7490
w:ない	v5:る	-0.9297
w:ない	w:か	-0.0985
w:ない	w:から	0.4699
w:ない	w:が	-1.5071
w:ない	w:こと	0.4960
w:ない	w:した	-0.7496
w:ない	w:その	-0.8932
w:ない	w:だ	-0.9384
w:ない	w:だろう	0.5820
w:ない	w:で	-0.9091
w:ない	w:でしょう	0.5450
w:ない	w:です	0.1366
w:ない	w:と	0.9450
w:ない	w:という	0.5911
w:ない	w:に	-1.8978
w:ない	w:ね	0.4982
w:ない	w:の	-0.2734
w:ない	w:ので	0.8229
w:ない	w:のです	0.6589
w:ない	w:は	-2.7432
w:ない	w:もの	0.7448
w:ない	w:よ	1.3397
w:ない	w:ように	0.5129
w:ない	w:を	-2.1793
w:なかった	BOUNDARY	1.4547
w:なかった	adj-no	-0.8318
w:なかった	adj-pn	-0.8058
w:なかった	adv	-0.8552
w:なかった	aux-v	-0.7695
w:なかった	n	-1.6361
w:なかった	n-vs	-1.0127
w:なかった	pn	-0.8072
w:なかった	v5	-1.2575
w:なかった	w:が	-0.4305
w:なかった	w:に	-0.9391
w:なかった	w:の	-1.0364
w:なかった	w:ので	1.3251
w:なかった	w:のに	1.3911
w:なかった	w:は	-1.6079
w:なかった	w:を	-1.1485
w:なかった	w:んだ	0.6699
w:なさい	BOUNDARY	1.8385
w:なさい	adj-i	-1.3294
w:なさい	adj-i:い	-1.0720
w:なさい	adj-na	-1.5504
w:なさい	adj-no	-2.1560
w:なさい	adj-pn	-1.8538
w:なさい	adv	-1.9281
w:なさい	aux-v	-1.7978
w:なさい	aux-v:た	-0.8967
w:なさい	exp	-1.4739
w:なさい	exp-v	-1.3252
w:なさい	n	-2.9721
w:なさい	n-suf	-1.2314
w:なさい	n-vs	-2.1541
w:なさい	pn	-1.8559
w:なさい	suf	-0.9765
w:なさい	v1	-1.6634
w:なさい	v1:た	-0.9326
w:なさい	v1:る	-0.8614
w:なさい	v5	-2.4798
w:なさい	v5:た	-1.4735
w:なさい	v5:て	-0.8463
w:なさい	v5:る	-1.0406
w:なさい	w:か	-0.8923
w:なさい	w:が	-1.9947
w:なさい	w:こと	-0.8232
w:なさい	w:この	-0.7394
w:なさい	w:した	-0.8469
w:なさい	w:する	-0.7194
w:なさい	w:その	-1.1957
w:なさい	w:だ	-1.0499
w:なさい	w:で	-1.2125
w:なさい	w:です	-0.7407
w:なさい	w:と	-0.0123
w:なさい	w:に	-2.0503
w:なさい	w:の	-2.1868
w:なさい	w:は	-2.9098
w:なさい	w:よ	0.6809
w:なさい	w:を	-2.3380
w:なら	BOUNDARY	0.9990
w:なら	adj-i	0.0846
w:なら	adj-i:い	0.2362
w:なら	adj-na	0.0372
w:なら	adj-no	0.0291
w:なら	adj-pn	-0.6279
w:なら	adv	0.5492
w:なら	aux-v	-0.3359
w:なら	exp	1.3049
w:なら	exp-v	0.0872
w:なら	n	-0.4402
w:なら	n-vs	0.0878
w:なら	pn	0.3150
w:なら	v1	-0.0399
w:なら	v5	-0.3595
w:なら	v5:た	-0.7003
w:なら	w:が	-1.0697
w:なら	w:に	-1.1122
w:なら	w:の	-1.2190
w:なら	w:は	-1.8297
w:なら	w:を	-1.3407
w:なんて	BOUNDARY	0.3376
w:なんて	adj-i	1.8711
w:なんて	adj-i:い	1.9502
w:なんて	adj-na	1.2901
w:なんて	adj-no	-0.1912
w:なんて	adj-pn	0.4293
w:なんて	adv	0.0528
w:なんて	aux-v	-0.4775
w:なんて	exp	-0.0285
w:なんて	exp-adj	0.6121
w:なんて	exp-adj:い	0.5619
w:なんて	n	-0.9315
w:なんて	n-vs	-0.1897
w:なんて	pn	0.7956
w:なんて	v1	0.6087
w:なんて	v1:い	0.7394
w:なんて	v5	0.1653
w:なんて	v5:い	0.6355
w:なんて	v5:た	0.0836
w:なんて	w:が	-0.9496
w:なんて	w:に	-0.9893
w:なんて	w:の	-1.0896
w:なんて	w:は	-1.6734
w:なんて	w:を	-1.2047
w:に	BOUNDARY	-0.9998
w:に	adj-f	1.0105
w:に	adj-i	0.2044
w:に	adj-i:い	0.3019
w:に	adj-i:く	0.1037
w:に	adj-i:た	-0.2758
w:に	adj-i:て	-0.2893
w:に	adj-na	0.4076
w:に	adj-no	-0.2835
w:に	adj-pn	-1.1722
w:に	adv	0.0983
w:に	aux	-1.1383
w:に	aux-adj	-1.3283
w:に	aux-adj:い	-0.9842
w:に	aux-v	1.4070
w:に	aux-v:い	0.8762
w:に	aux-v:う	1.1047
w:に	aux-v:き	1.6354
w:に	aux-v:く	2.2121
w:に	aux-v:け	0.4153
w:に	aux-v:す	1.4070
w:に	aux-v:た	1.4377
w:に	aux-v:だ	0.7568
w:に	aux-v:て	1.6651
w:に	aux-v:で	0.6585
w:に	aux-v:ば	0.3562
w:に	aux-v:ら	0.7670
w:に	aux-v:り	0.5004
w:に	aux-v:る	1.0477
w:に	aux-v:れ	-0.4341
w:に	aux-v:ろ	0.7028
w:に	aux-v:ん	0.1085
w:に	aux:ば	-0.6369
w:に	conj	-0.3733
w:に	cop	-0.6484
w:に	cop:だ	-0.7111
w:に	ctr	-0.0987
w:に	exp	-0.5115
w:に	exp-adj	0.7911
w:に	exp-adj:い	0.9736
w:に	exp-adj:く	0.0888
w:に	exp-adj:た	-0.1092
w:に	exp-v	0.9645
w:に	exp-v:い	0.4794
w:に	exp-v:う	0.2368
w:に	exp-v:く	0.5698
w:に	exp-v:け	0.7882
w:に	exp-v:し	0.3804
w:に	exp-v:す	1.0010
w:に	exp-v:ず	0.7935
w:に	exp-v:た	1.0258
w:に	exp-v:つ	0.7652
w:に	exp-v:て	1.2229
w:に	exp-v:で	0.6945
w:に	exp-v:り	0.6346
w:に	exp-v:る	0.6666
w:に	int	0.1471
w:に	n	0.0004
w:に	n-pref	0.0421
w:に	n-suf	-0.2615
w:に	n-vs	1.1404
w:に	num	0.3989
w:に	pn	-1.2070
w:に	pref	0.0511
w:に	prt	-0.3047
w:に	suf	-0.2426
w:に	unc	0.5949
w:に	v-other	0.2215
w:に	v1	1.4681
w:に	v1:い	1.2971
w:に	v1:う	0.8267
w:に	v1:え	0.6158
w:に	v1:き	0.7517
w:に	v1:け	0.6217
w:に	v1:す	1.4655
w:に	v1:ず	0.8464
w:に	v1:た	1.5619
w:に	v1:て	1.3704
w:に	v1:で	0.5834
w:に	v1:ば	0.4297
w:に	v1:ら	0.4417
w:に	v1:る	1.3525
w:に	v1:れ	0.6120
w:に	v1:ん	0.6952
w:に	v5	1.5601
w:に	v5:い	1.1416
w:に	v5:う	1.2850
w:に	v5:え	0.6318
w:に	v5:き	0.6459
w:に	v5:く	1.5786
w:に	v5:ぐ	0.5697
w:に	v5:け	0.7066
w:に	v5:し	0.4984
w:に	v5:す	1.0611
w:に	v5:ず	0.9235
w:に	v5:せ	-0.1207
w:に	v5:た	1.7055
w:に	v5:だ	1.4160
w:に	v5:つ	1.3394
w:に	v5:て	1.5561
w:に	v5:で	1.2067
w:に	v5:ぬ	0.2252
w:に	v5:ば	0.8235
w:に	v5:ぶ	0.3551
w:に	v5:み	0.5699
w:に	v5:む	1.3545
w:に	v5:ら	1.2220
w:に	v5:り	1.3534
w:に	v5:る	1.7499
w:に	v5:れ	1.3722
w:に	v5:ん	0.4313
w:に	vs-i	2.4201
w:に	vs-i:い	0.6031
w:に	vs-i:し	0.7100
w:に	vs-i:す	0.7516
w:に	vs-i:た	1.9999
w:に	vs-i:て	0.6211
w:に	vs-i:る	2.3451
w:に	w:あった	1.4532
w:に	w:あなた	-1.0800
w:に	w:あの	-1.0293
w:に	w:あります	1.4183
w:に	w:ある	1.3196
w:に	w:いい	-0.6584
w:に	w:いう	-1.0328
w:に	w:いけない	-0.9142
w:に	w:いつ	-0.4467
w:に	w:いつも	-0.4833
w:に	w:いる	2.1683
w:に	w:お	0.7459
w:に	w:か	-3.3275
w:に	w:から	-2.7025
w:に	w:が	-4.7826
w:に	w:きた	-0.1638
w:に	w:ください	-1.5385
w:に	w:くれた	-0.3572
w:に	w:くれる	-0.7167
w:に	w:ここ	0.1792
w:に	w:こと	-3.2120
w:に	w:この	-0.5790
w:に	w:これ	-0.6573
w:に	w:ご	0.4350
w:に	w:さ	-1.0614
w:に	w:された	0.0742
w:に	w:さん	-1.0977
w:に	w:し	0.3485
w:に	w:した	-0.2869
w:に	w:したい	0.0956
w:に	w:して	1.2692
w:に	w:していた	0.0211
w:に	w:している	0.2634
w:に	w:しない	-0.4671
w:に	w:します	-0.1865
w:に	w:しまった	-1.2170
w:に	w:すぐ	0.5955
w:に	w:すぐに	-0.0492
w:に	w:する	-0.3059
w:に	w:ずっと	-0.4641
w:に	w:そう	-0.0737
w:に	w:そこ	0.7072
w:に	w:その	-0.3437
w:に	w:それ	-0.2216
w:に	w:そんな	0.2435
w:に	w:たい	-1.6453
w:に	w:たくさん	0.6009
w:に	w:たち	-1.2965
w:に	w:ため	-1.0372
w:に	w:ために	-1.6961
w:に	w:だ	-3.3911
w:に	w:だけ	-0.8261
w:に	w:だった	-2.3151
w:に	w:だろう	-2.1510
w:に	w:つもり	-1.2364
w:に	w:で	-3.4712
w:に	w:であった	-0.2957
w:に	w:である	-2.1451
w:に	w:できない	-0.4315
w:に	w:できる	0.5947
w:に	w:でした	-0.9657
w:に	w:でしょう	-1.5162
w:に	w:です	-3.0663
w:に	w:ですか	-2.0915
w:に	w:ではない	-1.5725
w:に	w:でも	-0.1872
w:に	w:と	-3.2857
w:に	w:という	-1.2217
w:に	w:とき	-1.4594
w:に	w:ところ	-1.4268
w:に	w:として	-0.9242
w:に	w:とても	0.3467
w:に	w:とは	-1.2364
w:に	w:どう	-0.1271
w:に	w:どこ	-0.0380
w:に	w:どんな	-0.2668
w:に	w:な	-1.5011
w:に	w:ない	-1.0223
w:に	w:なかった	-0.6026
w:に	w:なさい	-2.0503
w:に	w:なら	-1.1122
w:に	w:なんて	-0.9893
w:に	w:に	-4.8462
w:に	w:について	-1.4854
w:に	w:になった	-1.1840
w:に	w:には	-2.9149
w:に	w:にも	-1.0170
w:に	w:ね	-1.1687
w:に	w:の	-4.8179
w:に	w:のだ	-0.9192
w:に	w:ので	-1.8103
w:に	w:のです	-1.8535
w:に	w:のに	-1.5366
w:に	w:は	-3.5854
w:に	w:へ	-2.1869
w:に	w:べき	-1.2346
w:に	w:ほとんど	-0.2308
w:に	w:ほど	-1.1992
w:に	w:まだ	-0.4070
w:に	w:まで	-1.0428
w:に	w:みんな	-0.5286
w:に	w:も	-1.6100
w:に	w:もう	-0.9061
w:に	w:もし	-0.7762
w:に	w:もっと	0.8536
w:に	w:もの	-1.6505
w:に	w:や	-0.9317
w:に	w:よ	-2.5302
w:に	w:よい	0.0443
w:に	w:よう	-0.8757
w:に	w:ような	-1.0527
w:に	w:ように	-1.6857
w:に	w:よく	0.6213
w:に	w:より	-1.4551
w:に	w:よりも	-0.9117
w:に	w:を	-5.1679
w:に	w:ん	-0.9415
w:に	w:んだ	-1.0679
w:に	w:んです	-0.8599
w:について	BOUNDARY	-0.7074
w:について	adj-i	0.0791
w:について	adj-na	0.4703
w:について	adj-no	0.2448
w:について	adj-pn	0.1687
w:について	adv	0.1910
w:について	aux-v	-0.9281
w:について	exp	0.5424
w:について	exp-v	-0.2853
w:について	n	-0.8251
w:について	n-suf	-0.3294
w:について	n-vs	0.7829
w:について	pn	-0.1516
w:について	v1	0.8514
w:について	v1:た	0.9063
w:について	v1:る	0.4311
w:について	v5	1.0589
w:について	v5:う	0.3763
w:について	v5:し	0.6615
w:について	v5:す	0.4243
w:について	v5:た	1.2483
w:について	v5:て	0.3616
w:について	v5:る	0.5088
w:について	w:あなた	0.3773
w:について	w:が	-1.4362
w:について	w:その	-0.7718
w:について	w:で	-0.7848
w:について	w:と	-0.7562
w:について	w:どう	0.8182
w:について	w:に	-1.4854
w:について	w:の	0.6951
w:について	w:は	0.6451
w:について	w:ほとんど	0.6463
w:について	w:も	0.4285
w:について	w:を	-1.7446
w:になった	BOUNDARY	1.6717
w:になった	adj-na	-0.8081
w:になった	adj-no	-1.0867
w:になった	adj-pn	-1.0307
w:になった	adv	-0.9055
w:になった	aux-v	-0.9883
w:になった	exp	-0.5472
w:になった	n	-1.4486
w:になった	n-vs	-1.2674
w:になった	pn	-1.0323
w:になった	v1	-0.8889
w:になった	v5	-1.5397
w:になった	v5:た	-0.7545
w:になった	w:が	-0.9576
w:になった	w:に	-1.1840
w:になった	w:の	-0.2645
w:になった	w:ので	0.6053
w:になった	w:は	-1.9186
w:になった	w:を	-1.4194
w:には	BOUNDARY	0.0165
w:には	adj-f	0.4700
w:には	adj-i	1.0274
w:には	adj-i:い	1.1288
w:には	adj-i:く	0.4363
w:には	adj-na	1.2143
w:には	adj-no	0.4113
w:には	adj-pn	0.0348
w:には	adv	0.7330
w:には	aux-v	0.2416
w:には	aux-v:い	1.5358
w:には	aux-v:す	-0.1348
w:には	aux-v:た	0.2017
w:には	aux-v:て	-0.8902
w:には	aux-v:る	-0.4784
w:には	aux-v:ん	0.5256
w:には	conj	-0.1050
w:には	ctr	-0.1273
w:には	exp	0.4552
w:には	exp-adj	0.7604
w:には	exp-adj:い	0.8273
w:には	exp-v	0.2851
w:には	exp-v:い	0.5445
w:には	exp-v:た	0.0761
w:には	exp-v:て	0.0453
w:には	exp-v:る	0.4779
w:には	int	0.4112
w:には	n	0.6825
w:には	n-suf	0.0202
w:には	n-vs	0.3808
w:には	num	0.7107
w:には	pn	-0.5737
w:には	pref	0.4919
w:には	prt	-0.6649
w:には	suf	0.1635
w:には	unc	0.9264
w:には	v1	0.3105
w:には	v1:い	1.4989
w:には	v1:た	-0.1222
w:には	v1:て	-0.3262
w:には	v1:る	-0.1225
w:には	v1:ん	0.7092
w:には	v5	0.4194
w:には	v5:い	1.9167
w:には	v5:う	-0.4781
w:には	v5:く	0.4906
w:には	v5:す	-0.3012
w:には	v5:た	-0.1172
w:には	v5:て	-0.6129
w:には	v5:で	0.3675
w:には	v5:む	0.4341
w:には	v5:る	-0.3573
w:には	v5:ん	1.4873
w:には	w:あなた	-0.2750
w:には	w:ある	-0.4528
w:には	w:いつも	0.8561
w:には	w:か	-1.5503
w:には	w:から	-1.0727
w:には	w:が	-2.8544
w:には	w:こと	-1.2747
w:には	w:この	-0.0595
w:には	w:した	-1.4892
w:には	w:して	-0.9351
w:には	w:している	-0.7389
w:には	w:する	-0.9756
w:には	w:そう	0.5199
w:には	w:その	-0.0813
w:には	w:それ	0.2537
w:には	w:そんな	0.6169
w:には	w:たくさん	1.8429
w:には	w:だ	-1.7556
w:には	w:だった	-0.8159
w:には	w:だろう	-0.7175
w:には	w:で	-1.9582
w:には	w:である	-0.8235
w:には	w:です	-1.3423
w:には	w:と	-1.9128
w:には	w:とても	0.7582
w:には	w:どこ	0.4147
w:には	w:どんな	0.7044
w:には	w:に	-2.9149
w:には	w:には	-1.2270
w:には	w:の	-3.0623
w:には	w:は	-3.8226
w:には	w:へ	-0.7385
w:には	w:ほとんど	1.5038
w:には	w:まだ	0.8866
w:には	w:も	-1.1670
w:には	w:もう	1.2192
w:には	w:もっと	0.6243
w:には	w:もの	-0.7000
w:には	w:よ	-0.9544
w:には	w:よく	0.4215
w:には	w:を	-3.2237
w:にも	BOUNDARY	-0.3339
w:にも	adj-i	0.3306
w:にも	adj-i:い	0.3825
w:にも	adj-na	0.5468
w:にも	adj-no	0.8504
w:にも	adj-pn	0.2863
w:にも	adv	0.1007
w:にも	aux-v	0.7301
w:にも	aux-v:い	0.6105
w:にも	aux-v:る	0.5853
w:にも	exp	-0.1566
w:にも	exp-v	0.5561
w:にも	n	0.2506
w:にも	n-vs	0.4746
w:にも	pn	-0.1852
w:にも	v1	0.3496
w:にも	v5	0.9133
w:にも	v5:ず	0.7781
w:にも	v5:た	0.0635
w:にも	v5:て	0.5776
w:にも	v5:る	1.0914
w:にも	w:が	-0.9765
w:にも	w:に	-1.0170
w:にも	w:の	-1.1188
w:にも	w:は	-1.7090
w:にも	w:を	-1.2354
w:ね	BOUNDARY	1.8482
w:ね	adj-i	-1.0875
w:ね	adj-i:い	-0.8586
w:ね	adj-na	-1.2888
w:ね	adj-no	-1.8571
w:ね	adj-pn	-1.5708
w:ね	adv	-1.6408
w:ね	aux-v	-1.5184
w:ね	aux-v:た	-0.7068
w:ね	exp	-1.3864
w:ね	exp-v	-1.0837
w:ね	n	-2.8263
w:ね	n-suf	-0.9996
w:ね	n-vs	-1.8552
w:ね	pn	-1.5728
w:ね	suf	-0.7754
w:ね	v1	-1.3931
w:ね	v1:た	-0.7376
w:ね	v5	-2.1682
w:ね	v5:た	-1.2182
w:ね	v5:る	-0.8311
w:ね	w:か	-0.7030
w:ね	w:が	-1.7038
w:ね	w:その	-0.9677
w:ね	w:だ	-0.8393
w:ね	w:で	-0.9828
w:ね	w:と	-0.7675
w:ね	w:に	-1.7565
w:ね	w:の	-1.8866
w:ね	w:は	-2.5865
w:ね	w:を	-2.0314
w:の	BOUNDARY	-1.3257
w:の	adj-f	0.7916
w:の	adj-i	-0.1341
w:の	adj-i:い	0.0581
w:の	adj-i:く	-2.1184
w:の	adj-i:さ	1.7046
w:の	adj-i:た	-1.2111
w:の	adj-i:て	-0.6625
w:の	adj-na	0.1252
w:の	adj-no	0.8626
w:の	adj-pn	-1.7771
w:の	adv	0.2703
w:の	aux	-1.2643
w:の	aux-adj	-0.9404
w:の	aux-adj:い	-0.5827
w:の	aux-v	-2.0257
w:の	aux-v:い	-0.9404
w:の	aux-v:う	-1.3623
w:の	aux-v:き	-1.1633
w:の	aux-v:く	-0.5800
w:の	aux-v:す	-2.2982
w:の	aux-v:た	-2.3861
w:の	aux-v:て	-2.2386
w:の	aux-v:ば	-1.3239
w:の	aux-v:ら	-1.1949
w:の	aux-v:り	0.2233
w:の	aux-v:る	-1.9571
w:の	aux-v:れ	-0.9993
w:の	aux-v:ん	-1.8776
w:の	aux:ば	-0.5725
w:の	conj	0.8163
w:の	cop	0.7760
w:の	cop:だ	0.8163
w:の	cop:ら	0.8644
w:の	ctr	0.7173
w:の	exp	0.4930
w:の	exp-adj	-0.4652
w:の	exp-adj:い	-0.5552
w:の	exp-adj:く	-0.2237
w:の	exp-adj:た	-0.3915
w:の	exp-v	0.0729
w:の	exp-v:い	0.0639
w:の	exp-v:う	0.3945
w:の	exp-v:く	0.0824
w:の	exp-v:し	0.3969
w:の	exp-v:す	-0.2710
w:の	exp-v:た	0.2327
w:の	exp-v:て	0.1973
w:の	exp-v:る	-0.1137
w:の	exp-v:ん	-0.0696
w:の	int	-0.1021
w:の	n	1.1270
w:の	n-pref	0.5912
w:の	n-suf	1.2548
w:の	n-vs	1.0997
w:の	num	-0.1753
w:の	pn	-1.3095
w:の	pref	1.1775
w:の	prt	-0.4345
w:の	suf	0.9354
w:の	v-other	-0.5492
w:の	v1	-2.1113
w:の	v1:い	-1.2139
w:の	v1:う	-0.9119
w:の	v1:す	-1.3393
w:の	v1:た	-2.4442
w:の	v1:て	-2.1830
w:の	v1:る	-1.4802
w:の	v5	-1.3000
w:の	v5:い	-0.7898
w:の	v5:う	-0.1850
w:の	v5:き	-0.9265
w:の	v5:く	-0.8645
w:の	v5:し	0.0858
w:の	v5:す	-2.3006
w:の	v5:せ	0.0939
w:の	v5:た	-1.3322
w:の	v5:だ	-1.7840
w:の	v5:つ	-0.5937
w:の	v5:て	-2.9308
w:の	v5:で	-1.6906
w:の	v5:ば	-0.9531
w:の	v5:ぶ	-0.7147
w:の	v5:み	-0.3182
w:の	v5:む	-0.7363
w:の	v5:ら	-1.0747
w:の	v5:り	-0.3991
w:の	v5:る	-1.1610
w:の	v5:ん	-1.2881
w:の	vs-i	-0.5450
w:の	vs-i:る	-0.7432
w:の	w:あった	-0.9695
w:の	w:あなた	-2.2470
w:の	w:あの	-1.2733
w:の	w:あります	-1.5822
w:の	w:ある	0.4470
w:の	w:いい	-0.3812
w:の	w:いう	-0.1058
w:の	w:いけない	-1.0100
w:の	w:いつ	-1.0127
w:の	w:いつも	-1.5593
w:の	w:いる	-1.0706
w:の	w:お	0.6797
w:の	w:か	1.0289
w:の	w:から	-2.8481
w:の	w:が	-0.3785
w:の	w:きた	-1.4433
w:の	w:ください	-2.0079
w:の	w:くれた	-1.5054
w:の	w:くれる	-0.9939
w:の	w:ここ	-1.5901
w:の	w:こと	1.1384
w:の	w:この	-1.9315
w:の	w:これ	-1.6328
w:の	w:ご	0.9521
w:の	w:さ	-0.4724
w:の	w:された	-1.3180
w:の	w:さん	-1.2037
w:の	w:し	-1.8857
w:の	w:した	-2.0155
w:の	w:したい	-0.7700
w:の	w:して	-2.4623
w:の	w:していた	-1.3734
w:の	w:している	-2.1442
w:の	w:しない	-1.1587
w:の	w:します	-1.3278
w:の	w:しまった	-1.5184
w:の	w:すぐ	0.2436
w:の	w:すぐに	-1.3239
w:の	w:する	-2.2999
w:の	w:ずっと	-1.0312
w:の	w:そう	-1.2820
w:の	w:そこ	-1.3808
w:の	w:その	-2.8374
w:の	w:それ	-1.1659
w:の	w:そんな	-1.2510
w:の	w:たい	-1.7724
w:の	w:たくさん	-1.4009
w:の	w:たち	-1.4116
w:の	w:ため	2.2874
w:の	w:ために	2.1606
w:の	w:だ	-3.7245
w:の	w:だけ	-1.0895
w:の	w:だった	-1.3574
w:の	w:だろう	0.5321
w:の	w:つもり	-0.3934
w:の	w:で	-3.0042
w:の	w:であった	-0.2843
w:の	w:である	0.1268
w:の	w:できない	-0.7847
w:の	w:できる	-0.2409
w:の	w:でした	-0.5946
w:の	w:でしょう	0.5125
w:の	w:です	-3.2148
w:の	w:ですか	-1.6410
w:の	w:ではない	1.0107
w:の	w:でも	-1.2510
w:の	w:と	-0.9423
w:の	w:という	-1.3336
w:の	w:とき	0.6166
w:の	w:ところ	1.4588
w:の	w:として	-1.0207
w:の	w:とても	-2.0274
w:の	w:とは	-1.1666
w:の	w:どう	-1.2656
w:の	w:どこ	-0.9756
w:の	w:どんな	-0.3588
w:の	w:な	-1.8115
w:の	w:ない	0.4865
w:の	w:なかった	-0.8541
w:の	w:なさい	-2.1868
w:の	w:なら	0.7269
w:の	w:なんて	-1.0896
w:の	w:に	-3.1757
w:の	w:について	-1.6075
w:の	w:になった	-1.2942
w:の	w:には	-1.0341
w:の	w:にも	-1.1188
w:の	w:ね	-1.0111
w:の	w:の	-5.1545
w:の	w:のだ	-1.0154
w:の	w:ので	-1.9417
w:の	w:のです	-1.9860
w:の	w:のに	-1.6604
w:の	w:は	-0.5356
w:の	w:へ	-2.3258
w:の	w:べき	-1.3470
w:の	w:ほとんど	0.1598
w:の	w:ほど	-0.9736
w:の	w:まだ	-1.3061
w:の	w:まで	-2.0522
w:の	w:みんな	0.1815
w:の	w:も	-0.2994
w:の	w:もう	-1.4339
w:の	w:もし	-1.0570
w:の	w:もっと	-1.2277
w:の	w:もの	0.6966
w:の	w:や	-1.0286
w:の	w:よ	-0.2580
w:の	w:よい	-0.0762
w:の	w:よう	0.7887
w:の	w:ような	1.9346
w:の	w:ように	-1.4775
w:の	w:よく	-1.7674
w:の	w:より	-0.7007
w:の	w:よりも	-1.0074
w:の	w:を	-0.4517
w:の	w:ん	-1.0390
w:の	w:んだ	-1.1724
w:の	w:んです	-0.9523
w:のだ	BOUNDARY	1.0754
w:のだ	adj-no	-0.9933
w:のだ	adj-pn	-0.7878
w:のだ	adv	-0.8365
w:のだ	aux-v	-0.7520
w:のだ	n	-1.7910
w:のだ	n-vs	-0.9919
w:のだ	pn	-0.7892
w:のだ	prt	0.7080
w:のだ	v5	-1.2341
w:のだ	w:が	1.9867
w:のだ	w:と	1.2049
w:のだ	w:に	-0.9192
w:のだ	w:の	-1.0154
w:のだ	w:は	-1.5818
w:のだ	w:よ	0.6592
w:のだ	w:を	-1.1262
w:ので	BOUNDARY	1.3109
w:ので	adj-i	-0.1754
w:ので	adj-i:い	-0.4263
w:ので	adj-na	0.1900
w:ので	adj-no	0.2852
w:ので	adj-pn	-0.0964
w:ので	adv	0.1938
w:ので	aux-v	-0.7808
w:ので	aux-v:た	-0.5578
w:ので	exp	-0.2116
w:ので	exp-v	0.0968
w:ので	exp-v:た	0.2044
w:ので	n	-0.2340
w:ので	n-suf	-0.3478
w:ので	n-vs	0.0640
w:ので	pn	0.4037
w:ので	suf	-0.4743
w:ので	v1	-0.8544
w:ので	v1:た	-0.3018
w:ので	v1:る	-0.5266
w:ので	v5	-0.4679
w:ので	v5:た	-0.3087
w:ので	v5:て	0.0928
w:ので	v5:る	-0.3981
w:ので	w:か	-0.7362
w:ので	w:が	-1.7570
w:ので	w:した	-0.6962
w:ので	w:その	-0.3152
w:ので	w:それ	0.3978
w:ので	w:だ	-0.8765
w:ので	w:で	-1.0237
w:ので	w:と	-0.9900
w:ので	w:に	-1.8103
w:ので	w:の	-1.9417
w:ので	w:は	-2.3100
w:ので	w:を	-2.0879
w:のです	BOUNDARY	0.6853
w:のです	adj-i	-1.1660
w:のです	adj-i:い	-0.9271
w:のです	adj-na	-1.3743
w:のです	adj-no	-1.9560
w:のです	adj-pn	-1.6639
w:のです	adv	-1.7355
w:のです	aux-v	-1.6102
w:のです	aux-v:た	-0.7673
w:のです	exp	-1.4748
w:のです	exp-v	-1.1621
w:のです	n	-2.9359
w:のです	n-suf	-1.0745
w:のです	n-vs	-1.9541
w:のです	pn	-1.6660
w:のです	suf	-0.8397
w:のです	v1	-1.4817
w:のです	v1:た	-0.7999
w:のです	v1:る	-0.7354
w:のです	v5	-2.2718
w:のです	v5:た	-1.3014
w:のです	v5:て	-0.7218
w:のです	v5:る	-0.8983
w:のです	w:か	3.6212
w:のです	w:が	1.8272
w:のです	w:こと	-0.7010
w:のです	w:した	-0.7223
w:のです	w:その	-1.0414
w:のです	w:だ	-0.9069
w:のです	w:で	-1.0570
w:のです	w:と	-1.0227
w:のです	w:に	-1.8535
w:のです	w:ね	0.7696
w:のです	w:の	-1.9860
w:のです	w:は	-2.6944
w:のです	w:を	-2.1331
w:のに	BOUNDARY	0.9203
w:のに	adj-i	1.0305
w:のに	adj-i:い	1.0472
w:のに	adj-i:た	0.5904
w:のに	adj-na	1.0050
w:のに	adj-no	-0.2460
w:のに	adj-pn	-0.6683
w:のに	adv	0.3307
w:のに	aux-v	0.1694
w:のに	aux-v:る	0.8414
w:のに	exp	0.2923
w:のに	exp-v	0.8459
w:のに	exp-v:た	1.1102
w:のに	n	-0.5981
w:のに	n-suf	-0.6538
w:のに	n-vs	0.2257
w:のに	pn	-0.4878
w:のに	prt	0.7330
w:のに	v1	0.0282
w:のに	v5	0.5868
w:のに	v5:た	0.8220
w:のに	v5:つ	1.2265
w:のに	v5:て	0.1523
w:のに	v5:る	0.0066
w:のに	w:が	-1.4867
w:のに	w:その	-0.8077
w:のに	w:だ	-0.6937
w:のに	w:で	-0.8211
w:のに	w:と	-0.2039
w:のに	w:とても	0.6373
w:のに	w:に	-1.5366
w:のに	w:の	-1.6604
w:のに	w:は	-2.1550
w:のに	w:を	-1.7992
w:は	BOUNDARY	-0.2209
w:は	adj-f	0.7357
w:は	adj-i	1.0175
w:は	adj-i:い	1.0361
w:は	adj-i:く	0.9328
w:は	adj-i:さ	0.0963
w:は	adj-i:た	0.8585
w:は	adj-i:て	1.2157
w:は	adj-na	1.0565
w:は	adj-no	0.6660
w:は	adj-pn	0.2712
w:は	adj-t	1.2217
w:は	adv	1.2719
w:は	adv-to	1.0521
w:は	aux	-1.1956
w:は	aux-adj	-0.3332
w:は	aux-adj:い	-0.6162
w:は	aux-adj:く	0.2077
w:は	aux-adj:た	0.2741
w:は	aux-v	-0.5208
w:は	aux-v:い	0.8579
w:は	aux-v:う	-2.4732
w:は	aux-v:き	-0.6643
w:は	aux-v:く	-1.1824
w:は	aux-v:す	-1.2035
w:は	aux-v:た	-1.2287
w:は	aux-v:て	-1.4019
w:は	aux-v:で	0.0175
w:は	aux-v:ば	-1.7711
w:は	aux-v:ら	-1.6185
w:は	aux-v:り	-0.3584
w:は	aux-v:る	-1.0778
w:は	aux-v:れ	-1.3794
w:は	aux-v:ん	1.2945
w:は	aux:す	-0.8757
w:は	aux:ず	-0.7697
w:は	aux:だ	-1.0865
w:は	aux:ば	-1.4474
w:は	aux:れ	0.4393
w:は	conj	-0.4814
w:は	cop	-1.8374
w:は	cop:だ	-1.2964
w:は	ctr	-0.0866
w:は	exp	0.4657
w:は	exp-adj	0.5413
w:は	exp-adj:い	0.4149
w:は	exp-adj:く	1.1303
w:は	exp-adj:た	0.0554
w:は	exp-adj:て	0.1961
w:は	exp-v	0.1793
w:は	exp-v:い	0.4967
w:は	exp-v:う	0.4337
w:は	exp-v:き	0.6883
w:は	exp-v:く	0.3522
w:は	exp-v:し	-0.0961
w:は	exp-v:す	-0.4201
w:は	exp-v:た	0.1768
w:は	exp-v:つ	0.0882
w:は	exp-v:て	0.3576
w:は	exp-v:で	0.6784
w:は	exp-v:ば	-0.2845
w:は	exp-v:め	0.7267
w:は	exp-v:り	0.8702
w:は	exp-v:る	-0.1690
w:は	exp-v:ん	-0.3805
w:は	int	-0.0541
w:は	n	0.7491
w:は	n-pref	0.3337
w:は	n-suf	0.0697
w:は	n-vs	0.3189
w:は	num	0.9214
w:は	pn	0.5075
w:は	pref	0.0305
w:は	prt	-1.6912
w:は	suf	0.0160
w:は	unc	0.5190
w:は	v-other	0.4725
w:は	v-other:ず	0.7577
w:は	v1	-0.3430
w:は	v1:い	0.5915
w:は	v1:う	-0.4215
w:は	v1:え	0.3944
w:は	v1:く	0.3416
w:は	v1:け	0.1390
w:は	v1:す	-0.2940
w:は	v1:ず	0.0984
w:は	v1:た	-0.4844
w:は	v1:て	-0.5066
w:は	v1:ら	-0.7239
w:は	v1:る	-0.4011
w:は	v1:れ	0.1206
w:は	v1:ん	0.1017
w:は	v5	-0.3253
w:は	v5:い	0.4262
w:は	v5:う	-0.6688
w:は	v5:き	-0.1889
w:は	v5:ぎ	0.4140
w:は	v5:く	-0.3031
w:は	v5:ぐ	0.4022
w:は	v5:し	-0.2337
w:は	v5:す	-0.6888
w:は	v5:ず	0.1537
w:は	v5:せ	-0.9807
w:は	v5:た	-0.4792
w:は	v5:だ	-0.4781
w:は	v5:ち	0.0590
w:は	v5:つ	-0.3497
w:は	v5:て	-0.4261
w:は	v5:で	0.0627
w:は	v5:ぬ	0.8299
w:は	v5:ば	-1.0361
w:は	v5:ぶ	-0.0458
w:は	v5:み	-0.0573
w:は	v5:む	-0.0330
w:は	v5:ら	-0.8667
w:は	v5:り	0.0388
w:は	v5:る	-0.3921
w:は	v5:れ	-0.2607
w:は	v5:ん	0.7557
w:は	vs-i	-1.5694
w:は	vs-i:た	-1.0075
w:は	vs-i:る	-1.3248
w:は	w:あった	-1.1612
w:は	w:あなた	0.5579
w:は	w:あの	0.4386
w:は	w:あります	0.8044
w:は	w:ある	-0.5622
w:は	w:いい	0.0705
w:は	w:いう	-1.7292
w:は	w:いけない	2.1237
w:は	w:いつ	1.3971
w:は	w:いつも	2.0247
w:は	w:いる	-1.5095
w:は	w:お	-0.0185
w:は	w:か	-4.2466
w:は	w:から	-3.2656
w:は	w:が	-5.5364
w:は	w:きた	-2.0918
w:は	w:ください	-2.7180
w:は	w:くれた	-2.1627
w:は	w:くれる	-1.5549
w:は	w:ここ	0.5735
w:は	w:こと	-4.1284
w:は	w:この	0.3518
w:は	w:これ	-0.3112
w:は	w:ご	-0.1888
w:は	w:さ	-1.7657
w:は	w:された	-1.9466
w:は	w:さん	-1.8114
w:は	w:し	-2.1950
w:は	w:した	-3.6995
w:は	w:したい	-1.5026
w:は	w:して	-3.3913
w:は	w:していた	-2.0111
w:は	w:している	-3.0580
w:は	w:しない	0.4618
w:は	w:します	-1.7757
w:は	w:しまった	-2.1775
w:は	w:すぐ	0.9303
w:は	w:すぐに	1.3123
w:は	w:する	-2.7147
w:は	w:ずっと	0.5958
w:は	w:そう	0.1998
w:は	w:そこ	0.7653
w:は	w:その	1.0919
w:は	w:それ	0.6732
w:は	w:そんな	0.3941
w:は	w:たい	-2.4614
w:は	w:たくさん	0.5818
w:は	w:たち	-1.8730
w:は	w:ため	-1.7349
w:は	w:ために	-2.5188
w:は	w:だ	-4.4974
w:は	w:だけ	-1.8923
w:は	w:だった	-3.1942
w:は	w:だろう	-3.0186
w:は	w:つもり	-1.9827
w:は	w:で	-4.7353
w:は	w:であった	-1.5343
w:は	w:である	-3.2073
w:は	w:できない	-0.1025
w:は	w:できる	-0.6075
w:は	w:でした	-1.6428
w:は	w:でしょう	-2.3137
w:は	w:です	-3.9787
w:は	w:ですか	-2.9544
w:は	w:ではない	-2.3784
w:は	w:でも	-1.8677
w:は	w:と	-3.9895
w:は	w:という	-1.9648
w:は	w:とき	-2.0656
w:は	w:ところ	-2.2098
w:は	w:として	-1.5884
w:は	w:とても	1.8439
w:は	w:とは	-1.9827
w:は	w:どう	1.5490
w:は	w:どこ	1.6658
w:は	w:どんな	1.0998
w:は	w:な	-2.3221
w:は	w:ない	1.5527
w:は	w:なかった	1.3470
w:は	w:なさい	-2.9098
w:は	w:なら	-1.8297
w:は	w:なんて	0.6490
w:は	w:に	-5.7826
w:は	w:について	-2.2780
w:は	w:になった	-1.9186
w:は	w:には	-3.8226
w:は	w:にも	-1.7090
w:は	w:ね	-2.2500
w:は	w:の	-5.9374
w:は	w:のだ	-1.5818
w:は	w:ので	-2.6465
w:は	w:のです	-2.6944
w:は	w:のに	-2.3373
w:は	w:は	-6.5397
w:は	w:へ	-3.0572
w:は	w:べき	-1.9805
w:は	w:ほとんど	1.4744
w:は	w:ほど	-1.9373
w:は	w:まだ	1.8469
w:は	w:まで	-2.7658
w:は	w:みんな	1.4673
w:は	w:も	-3.7385
w:は	w:もう	1.4306
w:は	w:もし	-1.6334
w:は	w:もっと	1.1253
w:は	w:もの	-2.0303
w:は	w:や	-1.5982
w:は	w:よ	-3.0852
w:は	w:よい	0.3880
w:は	w:よう	-1.5239
w:は	w:ような	-1.7546
w:は	w:ように	-2.5071
w:は	w:よく	1.1921
w:は	w:より	-1.6550
w:は	w:よりも	-1.5718
w:は	w:を	-6.1057
w:は	w:ん	-1.6111
w:は	w:んだ	-1.7739
w:は	w:んです	-1.5026
w:へ	BOUNDARY	-1.3234
w:へ	adj-i	-1.2635
w:へ	adj-i:い	-1.1767
w:へ	adj-na	-1.4924
w:へ	adj-no	-1.2648
w:へ	adj-pn	-1.9862
w:へ	adv	-1.1066
w:へ	aux-v	2.8535
w:へ	aux-v:う	1.1549
w:へ	aux-v:き	1.9926
w:へ	aux-v:く	3.2678
w:へ	aux-v:け	0.6733
w:へ	aux-v:す	1.5537
w:へ	aux-v:た	2.7556
w:へ	aux-v:だ	0.7748
w:へ	aux-v:て	1.9838
w:へ	aux-v:ば	1.0252
w:へ	aux-v:ら	0.8391
w:へ	aux-v:る	1.4063
w:へ	exp	-0.5598
w:へ	exp-v	0.5326
w:へ	exp-v:た	0.4827
w:へ	exp-v:で	0.9809
w:へ	exp-v:る	0.1489
w:へ	n	-0.9426
w:へ	n-suf	-0.4683
w:へ	n-vs	0.1412
w:へ	pn	-1.8060
w:へ	suf	-0.1205
w:へ	v1	0.7739
w:へ	v1:た	0.5390
w:へ	v1:て	1.2352
w:へ	v1:る	0.1447
w:へ	v5	1.0907
w:へ	v5:う	0.1665
w:へ	v5:く	0.9023
w:へ	v5:す	0.6335
w:へ	v5:た	1.0439
w:へ	v5:だ	1.0033
w:へ	v5:て	1.3445
w:へ	v5:る	0.5050
w:へ	w:か	-0.9868
w:へ	w:が	-2.1302
w:へ	w:こと	-0.9132
w:へ	w:この	-0.8235
w:へ	w:した	-0.9385
w:へ	w:する	-0.8020
w:へ	w:その	-1.1241
w:へ	w:だ	-1.1535
w:へ	w:で	-0.8540
w:へ	w:です	-0.8249
w:へ	w:でも	0.6629
w:へ	w:と	-1.2853
w:へ	w:に	-2.1869
w:へ	w:には	-0.7385
w:へ	w:の	0.9246
w:へ	w:は	-1.1701
w:へ	w:も	-0.2245
w:へ	w:を	-2.4792
w:べき	BOUNDARY	-2.3617
w:べき	adj-i	-0.6933
w:べき	adj-na	-0.8487
w:べき	adj-no	-0.8514
w:べき	adj-pn	-1.0776
w:べき	adv	-1.1362
w:べき	aux-v	-1.0342
w:べき	exp	0.0289
w:べき	exp-adj	0.8532
w:べき	exp-adj:た	0.7566
w:べき	exp-v	0.0027
w:べき	n	-0.9819
w:べき	n-suf	0.0655
w:べき	n-vs	-0.6266
w:べき	pn	-0.8970
w:べき	v1	-0.9320
w:べき	v5	-1.5968
w:べき	v5:た	-0.7934
w:べき	w:か	1.2686
w:べき	w:が	-1.1895
w:べき	w:だ	3.1465
w:べき	w:だった	2.1403
w:べき	w:である	1.5221
w:べき	w:です	1.6686
w:べき	w:に	-1.2346
w:べき	w:の	-1.3470
w:べき	w:は	-1.6440
w:べき	w:を	-1.4745
w:ほとんど	BOUNDARY	-0.8677
w:ほとんど	adj-na	1.0440
w:ほとんど	adj-no	0.0008
w:ほとんど	adj-pn	-0.6966
w:ほとんど	adv	0.0986
w:ほとんど	aux-v	1.1054
w:ほとんど	aux-v:い	1.1980
w:ほとんど	aux-v:た	0.7767
w:ほとんど	aux-v:ん	0.7241
w:ほとんど	exp	0.4776
w:ほとんど	exp-v	0.5547
w:ほとんど	exp-v:い	0.6541
w:ほとんど	exp-v:た	0.4957
w:ほとんど	n	0.4146
w:ほとんど	n-vs	0.3852
w:ほとんど	pn	-0.6981
w:ほとんど	v1	0.2787
w:ほとんど	v1:い	0.6418
w:ほとんど	v5	0.8896
w:ほとんど	v5:い	1.4889
w:ほとんど	v5:た	0.6496
w:ほとんど	w:が	-0.1903
w:ほとんど	w:に	-1.0192
w:ほとんど	w:の	0.6016
w:ほとんど	w:は	-1.3755
w:ほとんど	w:を	-0.6502
w:ほど	BOUNDARY	0.0516
w:ほど	adj-i	2.1041
w:ほど	adj-i:い	1.8364
w:ほど	adj-i:く	1.2582
w:ほど	adj-i:た	1.1573
w:ほど	adj-na	1.7292
w:ほど	adj-no	-0.2552
w:ほど	adj-pn	-0.8625
w:ほど	adv	-0.1469
w:ほど	aux-v	-0.6656
w:ほど	exp	-0.5601
w:ほど	exp-adj	1.2003
w:ほど	exp-adj:い	1.2103
w:ほど	exp-v	0.0275
w:ほど	n	-0.3366
w:ほど	n-vs	-0.3277
w:ほど	pn	-0.5764
w:ほど	v1	0.0537
w:ほど	v5	-0.3938
w:ほど	v5:た	-0.0731
w:ほど	w:が	-1.1549
w:ほど	w:に	-1.1992
w:ほど	w:の	0.7180
w:ほど	w:は	-1.7550
w:ほど	w:よい	0.8182
w:ほど	w:を	-1.4360
w:まだ	BOUNDARY	-0.7011
w:まだ	adj-i	0.4328
w:まだ	adj-i:い	0.5264
w:まだ	adj-na	0.8314
w:まだ	adj-no	-0.0571
w:まだ	adj-pn	-0.2528
w:まだ	adv	0.3828
w:まだ	aux-v	0.5274
w:まだ	aux-v:い	0.8489
w:まだ	exp	0.1363
w:まだ	exp-v	0.2925
w:まだ	exp-v:い	0.7379
w:まだ	n	0.4969
w:まだ	n-vs	0.7488
w:まだ	pn	-0.1674
w:まだ	suf	0.3416
w:まだ	v1	1.2055
w:まだ	v1:い	0.8091
w:まだ	v1:る	1.2275
w:まだ	v5	0.8082
w:まだ	v5:い	1.6530
w:まだ	v5:た	-0.1755
w:まだ	v5:る	0.3040
w:まだ	w:が	-1.1512
w:まだ	w:ここ	0.7149
w:まだ	w:その	0.7015
w:まだ	w:に	-1.1954
w:まだ	w:の	-1.3061
w:まだ	w:は	-1.9327
w:まだ	w:を	-1.4319
w:まで	BOUNDARY	-0.8324
w:まで	adj-i	-0.5261
w:まで	adj-i:い	-0.9740
w:まで	adj-na	-0.4022
w:まで	adj-no	-0.1656
w:まで	adj-pn	-0.8508
w:まで	adv	-0.3172
w:まで	aux-v	0.7078
w:まで	aux-v:く	0.4877
w:まで	aux-v:た	0.7171
w:まで	aux-v:て	0.8902
w:まで	aux-v:る	0.1384
w:まで	exp	0.3529
w:まで	exp-v	0.5427
w:まで	exp-v:い	0.6657
w:まで	exp-v:た	0.4895
w:まで	n	-0.2740
w:まで	n-suf	-0.7890
w:まで	n-vs	0.4977
w:まで	pn	-0.7728
w:まで	suf	0.5513
w:まで	v1	1.1260
w:まで	v1:た	0.8060
w:まで	v1:て	0.9714
w:まで	v1:る	0.8336
w:まで	v5	1.1859
w:まで	v5:う	0.8441
w:まで	v5:く	0.5427
w:まで	v5:す	0.4717
w:まで	v5:た	1.1105
w:まで	v5:ち	0.7727
w:まで	v5:て	1.3423
w:まで	v5:で	0.7949
w:まで	v5:る	0.3366
w:まで	w:か	-0.8048
w:まで	w:が	-1.8639
w:まで	w:ここ	1.1590
w:まで	w:こと	-0.7403
w:まで	w:した	-0.5800
w:まで	w:ずっと	1.2663
w:まで	w:その	-0.5036
w:まで	w:だ	-0.7708
w:まで	w:で	-0.7710
w:まで	w:です	0.0297
w:まで	w:と	-0.8899
w:まで	w:に	1.4139
w:まで	w:には	1.7902
w:まで	w:の	-0.3658
w:まで	w:は	-0.6863
w:まで	w:を	-2.0184
w:みんな	BOUNDARY	-0.8900
w:みんな	adj-na	0.7234
w:みんな	adj-no	-0.2879
w:みんな	adj-pn	0.0954
w:みんな	adv	0.2516
w:みんな	aux-v	-0.6399
w:みんな	exp	-0.0361
w:みんな	n	-0.3735
w:みんな	n-vs	0.2060
w:みんな	pn	-0.1684
w:みんな	v1	0.2216
w:みんな	v5	0.3215
w:みんな	v5:た	0.5469
w:みんな	v5:る	0.3122
w:みんな	w:から	0.7023
w:みんな	w:が	1.1208
w:みんな	w:その	0.3286
w:みんな	w:で	0.4867
w:みんな	w:と	0.2439
w:みんな	w:に	1.2837
w:みんな	w:の	-0.0698
w:みんな	w:は	-0.7299
w:みんな	w:を	-0.5219
w:も	BOUNDARY	-0.4257
w:も	adj-i	1.1537
w:も	adj-i:い	1.1779
w:も	adj-i:く	0.5865
w:も	adj-i:た	0.9466
w:も	adj-na	1.3831
w:も	adj-no	-0.1624
w:も	adj-pn	-0.5655
w:も	adv	0.1894
w:も	aux-adj	1.3529
w:も	aux-adj:い	0.5413
w:も	aux-adj:く	1.3404
w:も	aux-v	1.2750
w:も	aux-v:い	0.9043
w:も	aux-v:す	0.4839
w:も	aux-v:た	1.2583
w:も	aux-v:て	0.6412
w:も	aux-v:で	0.6965
w:も	aux-v:ば	1.7662
w:も	aux-v:る	0.9151
w:も	aux-v:ん	1.2520
w:も	conj	1.2648
w:も	ctr	-0.2233
w:も	exp	-0.1383
w:も	exp-adj	0.5291
w:も	exp-adj:い	0.7231
w:も	exp-v	0.6053
w:も	exp-v:い	1.3412
w:も	exp-v:た	-0.5019
w:も	exp-v:る	-0.0789
w:も	exp-v:ん	1.3645
w:も	n	-0.2620
w:も	n-suf	-0.5212
w:も	n-vs	-0.2241
w:も	pn	-0.5425
w:も	pref	-0.4065
w:も	prt	-0.4895
w:も	suf	-0.8035
w:も	v1	0.6828
w:も	v1:い	0.6401
w:も	v1:す	0.3648
w:も	v1:ず	0.6366
w:も	v1:た	0.5185
w:も	v1:て	0.5164
w:も	v1:る	0.4446
w:も	v5	0.8523
w:も	v5:い	1.4914
w:も	v5:う	-0.1349
w:も	v5:く	0.3058
w:も	v5:す	0.7383
w:も	v5:ず	1.1904
w:も	v5:た	0.6870
w:も	v5:だ	0.3697
w:も	v5:て	0.3354
w:も	v5:で	0.3010
w:も	v5:る	0.7427
w:も	w:あった	0.6645
w:も	w:あなた	0.0216
w:も	w:あります	0.6792
w:も	w:ある	1.8625
w:も	w:いい	2.9023
w:も	w:いる	2.3594
w:も	w:か	-1.4832
w:も	w:から	-1.0170
w:も	w:が	-2.7735
w:も	w:くれた	0.4659
w:も	w:こと	-1.3917
w:も	w:この	-0.4892
w:も	w:し	0.9219
w:も	w:した	-0.7301
w:も	w:して	-0.8838
w:も	w:している	-0.3584
w:も	w:する	-0.7800
w:も	w:そう	0.8496
w:も	w:その	-0.2550
w:も	w:それ	-0.0373
w:も	w:だ	-1.2149
w:も	w:だった	-0.7688
w:も	w:で	-1.8848
w:も	w:である	-0.7761
w:も	w:できない	0.9606
w:も	w:です	-1.2794
w:も	w:と	-1.6576
w:も	w:ない	2.1254
w:も	w:なかった	1.4292
w:も	w:に	-2.8337
w:も	w:には	-1.1670
w:も	w:の	-0.9523
w:も	w:は	-3.7385
w:も	w:へ	-0.6945
w:も	w:まだ	0.4367
w:も	w:も	-1.1086
w:も	w:よ	-0.9023
w:も	w:よい	1.9203
w:も	w:を	-3.1412
w:もう	BOUNDARY	-0.2163
w:もう	adj-i	0.5987
w:もう	adj-i:い	0.5406
w:もう	adj-na	1.2595
w:もう	adj-no	-0.5588
w:もう	adj-pn	-0.1578
w:もう	adv	1.1156
w:もう	aux-v	0.2091
w:もう	aux-v:た	0.4013
w:もう	aux-v:て	0.4430
w:もう	conj	0.4394
w:もう	exp	0.4579
w:もう	exp-v	0.2191
w:もう	n	0.2878
w:もう	n-suf	0.1500
w:もう	n-vs	0.6325
w:もう	num	0.6988
w:もう	pn	-0.0990
w:もう	v1	0.6669
w:もう	v1:た	0.4495
w:もう	v1:て	0.5748
w:もう	v5	0.4767
w:もう	v5:い	0.4021
w:もう	v5:た	0.7234
w:もう	w:が	-1.4445
w:もう	w:ここ	0.9213
w:もう	w:これ	1.7733
w:もう	w:その	-0.0845
w:もう	w:で	-0.7908
w:もう	w:と	-0.7621
w:もう	w:に	-1.4939
w:もう	w:の	-1.6163
w:もう	w:は	-2.2879
w:もう	w:を	-1.7536
w:もし	BOUNDARY	-0.5192
w:もし	adj-na	0.1562
w:もし	adj-no	1.1173
w:もし	adj-pn	1.1506
w:もし	adv	0.6080
w:もし	aux-v	-0.3167
w:もし	exp	-0.1087
w:もし	n	0.6059
w:もし	n-vs	-0.0775
w:もし	pn	0.8615
w:もし	v1	-0.3645
w:もし	v5	-0.6925
w:もし	w:あなた	0.8686
w:もし	w:が	-0.9195
w:もし	w:その	0.4388
w:もし	w:に	-0.9585
w:もし	w:の	-1.0570
w:もし	w:は	-1.6334
w:もし	w:を	-1.1702
w:もっと	BOUNDARY	-0.0905
w:もっと	adj-i	2.0105
w:もっと	adj-i:い	1.3303
w:もっと	adj-i:く	1.9691
w:もっと	adj-na	1.0986
w:もっと	adj-no	0.4063
w:もっと	adj-pn	-0.0164
w:もっと	adv	0.3590
w:もっと	aux-v	-0.4610
w:もっと	exp	-0.4937
w:もっと	exp-v	0.7747
w:もっと	exp-v:る	0.5782
w:もっと	n	-0.0321
w:もっと	n-vs	1.1402
w:もっと	pn	-0.9735
w:もっと	v1	-0.2475
w:もっと	v5	0.1011
w:もっと	v5:た	-0.5241
w:もっと	w:が	-1.0777
w:もっと	w:に	-1.1205
w:もっと	w:の	-1.2277
w:もっと	w:は	-1.8400
w:もっと	w:よい	0.8243
w:もっと	w:よく	0.8897
w:もっと	w:を	-1.3498
w:もの	BOUNDARY	-1.7359
w:もの	adj-i	-1.3890
w:もの	adj-i:い	-1.1254
w:もの	adj-na	-1.4318
w:もの	adj-no	-1.3518
w:もの	adj-pn	-1.9218
w:もの	adv	-1.8147
w:もの	aux	0.4844
w:もの	aux-v	-1.8652
w:もの	aux-v:た	-0.9450
w:もの	conj	0.1534
w:もの	exp	-0.4406
w:もの	exp-adj	1.2161
w:もの	exp-adj:い	0.3128
w:もの	exp-adj:た	1.4331
w:もの	exp-v	-0.2216
w:もの	n	-1.9504
w:もの	n-suf	-0.4134
w:もの	n-vs	-2.0429
w:もの	pn	-1.9239
w:もの	prt	0.4634
w:もの	suf	-0.5572
w:もの	v1	-1.7289
w:もの	v1:た	-0.9820
w:もの	v1:る	-0.9085
w:もの	v5	-1.6780
w:もの	v5:た	-1.3535
w:もの	v5:て	-0.7106
w:もの	v5:る	-0.6232
w:もの	w:か	0.2833
w:もの	w:が	0.7921
w:もの	w:こと	-0.8690
w:もの	w:この	-0.7821
w:もの	w:した	-0.8935
w:もの	w:する	-0.7613
w:もの	w:その	-1.2523
w:もの	w:だ	2.9009
w:もの	w:だった	2.5084
w:もの	w:で	0.0114
w:もの	w:である	0.4453
w:もの	w:でした	1.4783
w:もの	w:です	2.0731
w:もの	w:ですか	1.0898
w:もの	w:ではない	1.8278
w:もの	w:でも	0.5762
w:もの	w:と	1.2365
w:もの	w:として	0.6085
w:もの	w:に	-0.3978
w:もの	w:には	-0.1122
w:もの	w:の	-0.8233
w:もの	w:は	0.3392
w:もの	w:も	1.2593
w:もの	w:より	0.5185
w:もの	w:を	0.6984
w:や	BOUNDARY	-0.4427
w:や	adj-na	0.4177
w:や	adj-no	0.3287
w:や	adj-pn	-0.7991
w:や	adv	-0.8482
w:や	aux-v	-0.5807
w:や	n	1.6512
w:や	n-suf	0.2540
w:や	n-vs	0.0937
w:や	pn	-0.2127
w:や	suf	0.4692
w:や	v5	-1.0665
w:や	w:が	-0.8933
w:や	w:に	-0.9317
w:や	w:の	-0.8462
w:や	w:は	-1.5982
w:や	w:を	-1.1402
w:よ	BOUNDARY	1.8361
w:よ	adj-i	-1.7480
w:よ	adj-i:い	-1.4537
w:よ	adj-na	-1.9931
w:よ	adj-no	-2.6415
w:よ	adj-pn	-2.3213
w:よ	adv	-2.4006
w:よ	aux-v	-2.2614
w:よ	aux-v:た	-1.2464
w:よ	aux-v:る	-0.9063
w:よ	conj	-0.8744
w:よ	ctr	-0.8937
w:よ	exp	-2.1085
w:よ	exp-adj	-0.8413
w:よ	exp-v	-1.7433
w:よ	exp-v:た	-0.8856
w:よ	exp-v:る	-0.8368
w:よ	n	-3.6712
w:よ	n-suf	-1.6372
w:よ	n-vs	-2.6395
w:よ	pn	-1.7358
w:よ	prt	-0.6924
w:よ	suf	-1.3415
w:よ	v1	-2.1164
w:よ	v1:た	-1.2894
w:よ	v1:て	-0.7763
w:よ	v1:る	-1.2037
w:よ	v5	-2.9792
w:よ	v5:い	-0.7562
w:よ	v5:う	-0.8157
w:よ	v5:す	-0.9107
w:よ	v5:た	-1.9084
w:よ	v5:て	-1.1854
w:よ	v5:る	-1.4171
w:よ	w:あなた	-0.8136
w:よ	w:ある	-0.6953
w:よ	w:か	-1.2411
w:よ	w:から	-0.8215
w:よ	w:が	-2.4714
w:よ	w:こと	-1.1572
w:よ	w:この	-1.0537
w:よ	w:した	-1.1861
w:よ	w:して	-0.7056
w:よ	w:する	-1.0288
w:よ	w:その	-1.5965
w:よ	w:だ	-1.4280
w:よ	w:で	-1.6157
w:よ	w:です	-1.0553
w:よ	w:と	-0.6979
w:よ	w:な	0.6922
w:よ	w:に	-2.5302
w:よ	w:には	-0.9544
w:よ	w:ね	1.9389
w:よ	w:の	-2.6739
w:よ	w:は	-3.2394
w:よ	w:も	-0.9023
w:よ	w:よ	-0.7216
w:よ	w:を	-2.8318
w:よい	BOUNDARY	0.5601
w:よい	adj-i	-0.8404
w:よい	adj-na	-0.8330
w:よい	adj-no	-1.1939
w:よい	adj-pn	-1.2675
w:よい	adv	-0.5427
w:よい	aux-v	-1.2201
w:よい	exp	0.4668
w:よい	exp-v	-0.0487
w:よい	n	0.6092
w:よい	n-suf	0.7606
w:よい	n-vs	0.3276
w:よい	pn	-0.9328
w:よい	suf	0.1140
w:よい	v1	-1.1078
w:よい	v5	-1.2344
w:よい	v5:た	-0.9535
w:よい	w:か	1.7820
w:よい	w:が	-0.9188
w:よい	w:こと	0.7502
w:よい	w:その	-0.7386
w:よい	w:で	-0.7512
w:よい	w:ですか	0.8638
w:よい	w:と	0.7581
w:よい	w:に	-1.4373
w:よい	w:の	0.6395
w:よい	w:のだ	0.7509
w:よい	w:のです	0.8273
w:よい	w:は	-2.2221
w:よい	w:もの	0.7045
w:よい	w:を	-1.6932
w:よう	BOUNDARY	-0.7117
w:よう	adj-no	-0.3599
w:よう	adj-pn	-0.5661
w:よう	adv	-0.4590
w:よう	aux-v	-0.3774
w:よう	exp	0.1588
w:よう	n	-1.5479
w:よう	n-vs	0.8782
w:よう	pn	-0.0566
w:よう	v1	0.7525
w:よう	v1:た	0.7529
w:よう	v5	0.3860
w:よう	v5:た	0.1649
w:よう	v5:だ	0.6258
w:よう	w:が	-0.5023
w:よう	w:だった	1.8205
w:よう	w:です	2.1933
w:よう	w:に	0.6504
w:よう	w:には	0.5162
w:よう	w:の	-0.9691
w:よう	w:は	-1.5239
w:よう	w:を	-1.0771
w:ような	BOUNDARY	-0.6141
w:ような	adj-na	0.4585
w:ような	adj-no	-0.4395
w:ような	adj-pn	-0.7273
w:ような	adv	-0.3750
w:ような	aux-v	-0.8703
w:ような	exp	0.6125
w:ような	exp-v	1.0434
w:ような	exp-v:た	0.6685
w:ような	exp-v:ば	0.9460
w:ような	n	0.9407
w:ような	n-suf	0.7691
w:ような	n-vs	-0.0326
w:ような	pn	-0.5746
w:ような	pref	0.7546
w:ような	suf	1.8861
w:ような	v1	-0.7786
w:ような	v5	-1.3897
w:ような	w:が	-1.0114
w:ような	w:こと	1.3078
w:ような	w:に	-1.0527
w:ような	w:の	-1.1564
w:ような	w:は	-1.7546
w:ような	w:もの	1.5835
w:ような	w:を	-1.2750
w:ように	BOUNDARY	0.0543
w:ように	adj-i	0.4504
w:ように	adj-i:い	0.0657
w:ように	adj-i:く	0.6429
w:ように	adj-na	0.2080
w:ように	adj-no	-0.3498
w:ように	adj-pn	-0.6277
w:ように	adv	-0.4733
w:ように	aux-v	-0.1167
w:ように	ctr	0.3506
w:ように	exp	0.4354
w:ように	exp-v	0.4985
w:ように	exp-v:た	0.3554
w:ように	n	-0.5482
w:ように	n-suf	-0.6095
w:ように	n-vs	1.1073
w:ように	pn	-0.3420
w:ように	suf	-0.1420
w:ように	v1	1.7528
w:ように	v1:た	1.7224
w:ように	v1:め	0.8670
w:ように	v1:る	1.6056
w:ように	v5	1.3417
w:ように	v5:う	0.6378
w:ように	v5:す	0.5815
w:ように	v5:た	1.5889
w:ように	v5:だ	1.6585
w:ように	v5:て	0.6580
w:ように	v5:る	0.0051
w:ように	w:が	-1.6338
w:ように	w:その	-0.4452
w:ように	w:だ	-0.7912
w:ように	w:で	-0.9297
w:ように	w:と	1.3845
w:ように	w:に	-1.6857
w:ように	w:の	-1.8139
w:ように	w:は	-2.5071
w:ように	w:を	-1.9570
w:よく	BOUNDARY	-1.3966
w:よく	adj-i	-0.4079
w:よく	adj-i:い	-0.3092
w:よく	adj-na	-0.8515
w:よく	adj-no	-0.2570
w:よく	adj-pn	-0.7669
w:よく	adv	-0.0928
w:よく	aux-v	1.3380
w:よく	aux-v:す	0.8044
w:よく	aux-v:た	0.8887
w:よく	aux-v:て	1.0921
w:よく	aux-v:る	1.3988
w:よく	exp	0.1532
w:よく	exp-v	0.7307
w:よく	exp-v:く	0.6596
w:よく	exp-v:た	0.4617
w:よく	exp-v:る	0.4025
w:よく	n	0.1971
w:よく	n-suf	-0.3244
w:よく	n-vs	0.6611
w:よく	pn	-0.4323
w:よく	suf	0.3283
w:よく	v1	1.7370
w:よく	v1:た	0.7203
w:よく	v1:て	1.0341
w:よく	v1:る	1.9557
w:よく	v5	1.6652
w:よく	v5:い	1.3075
w:よく	v5:う	0.7891
w:よく	v5:く	1.4276
w:よく	v5:す	0.6703
w:よく	v5:た	0.9591
w:よく	v5:て	0.2781
w:よく	v5:る	1.9412
w:よく	v5:ん	0.8841
w:よく	w:が	-1.5891
w:よく	w:その	0.0734
w:よく	w:だ	-0.7611
w:よく	w:で	-0.8963
w:よく	w:と	-0.8652
w:よく	w:に	-1.6405
w:よく	w:の	-1.7674
w:よく	w:は	-2.1194
w:よく	w:を	-1.9092
w:より	BOUNDARY	-0.3540
w:より	adj-i	2.0587
w:より	adj-i:い	1.9216
w:より	adj-i:く	1.2837
w:より	adj-i:た	0.8626
w:より	adj-na	1.3857
w:より	adj-no	0.8122
w:より	adj-pn	-0.9478
w:より	adv	1.0126
w:より	aux-v	-0.4480
w:より	exp	0.0458
w:より	exp-adj	1.3302
w:より	exp-adj:い	1.1939
w:より	exp-v	-0.2626
w:より	n	-0.0775
w:より	n-suf	0.0105
w:より	n-vs	-0.0208
w:より	num	1.0132
w:より	pn	-1.2861
w:より	v1	0.2629
w:より	v1:る	0.7724
w:より	v5	-0.4554
w:より	v5:た	-0.2747
w:より	v5:る	0.0575
w:より	w:が	-1.4063
w:より	w:ずっと	1.8169
w:より	w:その	-0.7508
w:より	w:で	-0.7636
w:より	w:と	-0.7355
w:より	w:に	-1.4551
w:より	w:の	-1.5761
w:より	w:は	-0.6742
w:より	w:も	0.4403
w:より	w:を	-1.7122
w:よりも	BOUNDARY	-0.1258
w:よりも	adj-i	1.8258
w:よりも	adj-i:い	1.7518
w:よりも	adj-i:く	0.8384
w:よりも	adj-na	1.2902
w:よりも	adj-no	0.1132
w:よりも	adj-pn	-0.5987
w:よりも	adv	0.6967
w:よりも	aux-v	-0.5631
w:よりも	exp	0.2169
w:よりも	exp-adj	0.6315
w:よりも	exp-adj:い	0.5766
w:よりも	n	0.2989
w:よりも	n-vs	-0.1086
w:よりも	pn	-0.4459
w:よりも	v1	0.3667
w:よりも	v1:る	0.7669
w:よりも	v5	-0.4368
w:よりも	w:が	-0.8738
w:よりも	w:ずっと	1.0116
w:よりも	w:に	-0.9117
w:よりも	w:の	-1.0074
w:よりも	w:は	-1.5718
w:よりも	w:を	-1.1177
w:を	BOUNDARY	-1.3055
w:を	adj-f	0.0103
w:を	adj-i	-0.3003
w:を	adj-i:い	-1.6818
w:を	adj-i:く	1.0389
w:を	adj-i:た	-1.6382
w:を	adj-i:て	-0.9445
w:を	adj-na	0.0332
w:を	adj-no	-0.2703
w:を	adj-pn	-2.0837
w:を	adj-t	0.0728
w:を	adv	-0.1766
w:を	aux	-1.4052
w:を	aux-adj	0.0530
w:を	aux-adj:い	-1.4003
w:を	aux-adj:た	1.2520
w:を	aux-v	1.2834
w:を	aux-v:い	0.4681
w:を	aux-v:う	1.1616
w:を	aux-v:え	0.9093
w:を	aux-v:き	-0.2527
w:を	aux-v:く	-0.4920
w:を	aux-v:け	0.9684
w:を	aux-v:す	0.9298
w:を	aux-v:ず	0.8087
w:を	aux-v:せ	0.7510
w:を	aux-v:た	1.5012
w:を	aux-v:て	1.6773
w:を	aux-v:で	0.6169
w:を	aux-v:ば	0.7903
w:を	aux-v:よ	0.4967
w:を	aux-v:ら	0.8818
w:を	aux-v:り	1.4764
w:を	aux-v:る	1.4292
w:を	aux-v:れ	0.5003
w:を	aux-v:ろ	0.4617
w:を	aux-v:ん	-0.2644
w:を	aux:だ	-0.7224
w:を	aux:ば	-1.0130
w:を	conj	-0.1728
w:を	cop	-0.5591
w:を	cop:だ	-0.8890
w:を	cop:る	0.4278
w:を	ctr	-1.3694
w:を	exp	-0.3337
w:を	exp-adj	-1.6060
w:を	exp-adj:い	-1.5771
w:を	exp-adj:く	-0.9625
w:を	exp-adj:た	-0.7295
w:を	exp-v	0.6646
w:を	exp-v:い	-0.0682
w:を	exp-v:う	-0.2466
w:を	exp-v:き	0.5519
w:を	exp-v:く	0.7205
w:を	exp-v:し	0.4643
w:を	exp-v:す	0.8670
w:を	exp-v:た	0.6654
w:を	exp-v:て	0.6815
w:を	exp-v:で	0.3554
w:を	exp-v:め	1.1835
w:を	exp-v:る	0.6897
w:を	exp-v:れ	0.7662
w:を	exp-v:ん	-0.6740
w:を	int	0.1363
w:を	n	-0.8609
w:を	n-pref	-0.5799
w:を	n-suf	-0.7505
w:を	n-vs	1.1085
w:を	num	0.4496
w:を	pn	-1.6248
w:を	pref	-1.4031
w:を	prt	-2.0667
w:を	suf	-0.8113
w:を	v-other	0.7035
w:を	v-other:ず	0.2401
w:を	v-other:る	0.5940
w:を	v1	2.0179
w:を	v1:い	1.2677
w:を	v1:う	2.0657
w:を	v1:え	0.7240
w:を	v1:け	0.8271
w:を	v1:げ	0.6179
w:を	v1:じ	0.9311
w:を	v1:す	1.5388
w:を	v1:ず	0.8954
w:を	v1:た	2.0625
w:を	v1:て	2.1086
w:を	v1:で	1.5614
w:を	v1:ね	0.6260
w:を	v1:ば	0.9866
w:を	v1:べ	1.1901
w:を	v1:め	1.2344
w:を	v1:ら	1.0730
w:を	v1:り	0.7520
w:を	v1:る	1.9609
w:を	v1:れ	0.8754
w:を	v1:ろ	0.7303
w:を	v1:ん	1.0079
w:を	v5	1.8723
w:を	v5:い	1.1900
w:を	v5:う	1.9104
w:を	v5:え	0.5778
w:を	v5:き	1.7026
w:を	v5:ぎ	0.8695
w:を	v5:く	1.8601
w:を	v5:ぐ	1.2226
w:を	v5:け	1.1962
w:を	v5:し	1.6535
w:を	v5:す	2.1173
w:を	v5:ず	1.0482
w:を	v5:せ	0.9893
w:を	v5:た	1.7768
w:を	v5:だ	1.8696
w:を	v5:ち	1.2191
w:を	v5:つ	1.6639
w:を	v5:て	2.1441
w:を	v5:で	1.9584
w:を	v5:ば	1.6374
w:を	v5:び	1.3755
w:を	v5:ぶ	1.9228
w:を	v5:み	1.9450
w:を	v5:む	2.2037
w:を	v5:ら	1.4783
w:を	v5:り	1.4190
w:を	v5:る	1.6453
w:を	v5:れ	0.7382
w:を	v5:ん	0.8487
w:を	vs-i	1.7538
w:を	vs-i:い	0.5707
w:を	vs-i:す	0.5257
w:を	vs-i:た	1.3666
w:を	vs-i:て	0.9992
w:を	vs-i:る	1.6850
w:を	w:あった	-1.2702
w:を	w:あなた	-1.2716
w:を	w:あの	-1.2967
w:を	w:あります	-1.7184
w:を	w:ある	-2.4466
w:を	w:いい	-1.0840
w:を	w:いう	0.1333
w:を	w:いけない	-1.1205
w:を	w:いつ	-0.5356
w:を	w:いつも	-0.8193
w:を	w:いる	-1.6755
w:を	w:お	0.5774
w:を	w:か	-3.1714
w:を	w:から	-3.0077
w:を	w:が	-5.1042
w:を	w:きた	-1.5747
w:を	w:ください	0.1669
w:を	w:くれた	0.7945
w:を	w:くれる	-0.1479
w:を	w:ここ	-1.3266
w:を	w:こと	-3.5247
w:を	w:この	-2.6817
w:を	w:これ	-1.9582
w:を	w:ご	0.3639
w:を	w:さ	-1.2847
w:を	w:された	-1.1078
w:を	w:さん	-1.3247
w:を	w:し	1.0936
w:を	w:した	1.1352
w:を	w:したい	0.7325
w:を	w:して	1.0896
w:を	w:していた	1.5981
w:を	w:している	1.3223
w:を	w:しない	0.9198
w:を	w:します	1.0137
w:を	w:しまった	-1.6525
w:を	w:すぐ	-0.2134
w:を	w:すぐに	-0.1694
w:を	w:する	1.4108
w:を	w:ずっと	-0.0443
w:を	w:そう	-1.0702
w:を	w:そこ	-0.4800
w:を	w:その	-2.4153
w:を	w:それ	-2.3617
w:を	w:そんな	-1.1919
w:を	w:たい	-1.9144
w:を	w:たくさん	0.8303
w:を	w:たち	-1.5418
w:を	w:ため	-1.0756
w:を	w:ために	-1.9680
w:を	w:だ	-3.8895
w:を	w:だけ	-1.3960
w:を	w:だった	-2.6113
w:を	w:だろう	-2.4421
w:を	w:つもり	-1.4765
w:を	w:で	-4.1254
w:を	w:であった	-1.0860
w:を	w:である	-2.4416
w:を	w:できない	-1.0556
w:を	w:できる	-0.8964
w:を	w:でした	-1.1783
w:を	w:でしょう	-1.7774
w:を	w:です	-3.3772
w:を	w:ですか	-2.3806
w:を	w:ではない	-1.8372
w:を	w:でも	-1.3743
w:を	w:と	-3.8908
w:を	w:という	-1.4605
w:を	w:とき	-1.7169
w:を	w:ところ	-1.6820
w:を	w:として	-1.1318
w:を	w:とても	-0.0237
w:を	w:とは	-1.4765
w:を	w:どう	0.7622
w:を	w:どこ	-0.2749
w:を	w:どんな	-0.4654
w:を	w:な	-1.9545
w:を	w:ない	-2.1793
w:を	w:なかった	-1.1485
w:を	w:なさい	-2.3380
w:を	w:なら	-1.3407
w:を	w:なんて	-1.2047
w:を	w:に	-5.1679
w:を	w:について	-1.7446
w:を	w:になった	-1.4194
w:を	w:には	-3.2237
w:を	w:にも	-1.2354
w:を	w:ね	-1.6950
w:を	w:の	-5.3223
w:を	w:のだ	-1.1262
w:を	w:ので	-2.0879
w:を	w:のです	-2.1331
w:を	w:のに	-1.7992
w:を	w:は	-5.4125
w:を	w:へ	-2.4792
w:を	w:べき	-1.4745
w:を	w:ほとんど	-0.0748
w:を	w:ほど	-1.4360
w:を	w:まだ	-0.7387
w:を	w:まで	-2.2007
w:を	w:みんな	-0.4266
w:を	w:も	-2.3528
w:を	w:もう	0.0709
w:を	w:もし	-0.9879
w:を	w:もっと	0.5373
w:を	w:もの	-2.4107
w:を	w:や	-0.9578
w:を	w:よ	-2.8318
w:を	w:よい	-0.9048
w:を	w:よう	-1.0771
w:を	w:ような	-1.2750
w:を	w:ように	-1.9570
w:を	w:よく	1.0865
w:を	w:より	-1.2422
w:を	w:よりも	-1.1177
w:を	w:を	-5.4902
w:を	w:ん	-1.1512
w:を	w:んだ	-1.2919
w:を	w:んです	-1.0592
w:ん	BOUNDARY	-1.8069
w:ん	adj-no	-1.0167
w:ん	adj-pn	-0.8081
w:ん	adv	-0.6752
w:ん	aux-v	-0.7717
w:ん	conj	1.3528
w:ん	exp	0.3469
w:ん	exp-adj	1.4844
w:ん	exp-adj:い	1.5266
w:ん	n	-1.8218
w:ん	n-vs	-1.0152
w:ん	pn	-0.8095
w:ん	prt	1.1077
w:ん	v5	-1.2604
w:ん	w:が	-0.9029
w:ん	w:だ	2.7521
w:ん	w:だろう	2.2325
w:ん	w:でしょう	1.5663
w:ん	w:に	-0.9415
w:ん	w:の	-1.0390
w:ん	w:は	-1.6111
w:ん	w:を	-1.1512
w:んだ	BOUNDARY	1.6638
w:んだ	adj-na	-0.7165
w:んだ	adj-no	-1.1485
w:んだ	adj-pn	-0.9236
w:んだ	adv	-0.9772
w:んだ	aux-v	-0.8839
w:んだ	exp	-0.7864
w:んだ	n	-1.9917
w:んだ	n-vs	-1.1470
w:んだ	pn	-0.9251
w:んだ	prt	0.4853
w:んだ	v1	-0.7913
w:んだ	v5	-1.4073
w:んだ	w:が	-0.5563
w:んだ	w:に	-1.0679
w:んだ	w:の	-1.1724
w:んだ	w:は	-1.7739
w:んだ	w:よ	1.7848
w:んだ	w:を	-1.2919
w:んです	BOUNDARY	1.0950
w:んです	adj-no	-0.9311
w:んです	adj-pn	-0.7342
w:んです	adv	-0.7806
w:んです	aux-v	-0.7000
w:んです	n	-1.7078
w:んです	n-vs	-0.9297
w:んです	pn	-0.7355
w:んです	prt	0.8029
w:んです	v5	-1.1638
w:んです	w:か	2.1963
w:んです	w:が	0.8630
w:んです	w:に	-0.8599
w:んです	w:の	-0.9523
w:んです	w:は	-1.5026
w:んです	w:よ	1.5688
w:んです	w:を	-1.0592
